workload,op_index,shape_class,region_role,primitive,primitive_kind,applicable,true_macs,padded_M,padded_N,padded_K,padded_macs,padding_waste,tile_utilization,tail_fraction,covered_under_5pct,covered_under_10pct,covered_under_25pct
rdt,0,gemv_like,repeated_head,tile_8x8,tile,True,524288,8,2048,256,4194304,7.0,0.125,0.875,False,False,False
rdt,0,gemv_like,repeated_head,tile_8x16,tile,True,524288,8,2048,256,4194304,7.0,0.125,0.875,False,False,False
rdt,0,gemv_like,repeated_head,tile_16x16,tile,True,524288,16,2048,256,8388608,15.0,0.0625,0.9375,False,False,False
rdt,0,gemv_like,repeated_head,tile_16x32,tile,True,524288,16,2048,256,8388608,15.0,0.0625,0.9375,False,False,False
rdt,0,gemv_like,repeated_head,tile_32x32,tile,True,524288,32,2048,256,16777216,31.0,0.03125,0.96875,False,False,False
rdt,0,gemv_like,repeated_head,gemv_lane_64,gemv_lane,True,524288,1,2048,256,524288,0.0,1.0,0.0,True,True,True
rdt,0,gemv_like,repeated_head,gemv_lane_128,gemv_lane,True,524288,1,2048,256,524288,0.0,1.0,0.0,True,True,True
rdt,0,gemv_like,repeated_head,gemv_lane_256,gemv_lane,True,524288,1,2048,256,524288,0.0,1.0,0.0,True,True,True
rdt,1,gemv_like,repeated_head,tile_8x8,tile,True,4194304,8,2048,2048,33554432,7.0,0.125,0.875,False,False,False
rdt,1,gemv_like,repeated_head,tile_8x16,tile,True,4194304,8,2048,2048,33554432,7.0,0.125,0.875,False,False,False
rdt,1,gemv_like,repeated_head,tile_16x16,tile,True,4194304,16,2048,2048,67108864,15.0,0.0625,0.9375,False,False,False
rdt,1,gemv_like,repeated_head,tile_16x32,tile,True,4194304,16,2048,2048,67108864,15.0,0.0625,0.9375,False,False,False
rdt,1,gemv_like,repeated_head,tile_32x32,tile,True,4194304,32,2048,2048,134217728,31.0,0.03125,0.96875,False,False,False
rdt,1,gemv_like,repeated_head,gemv_lane_64,gemv_lane,True,4194304,1,2048,2048,4194304,0.0,1.0,0.0,True,True,True
rdt,1,gemv_like,repeated_head,gemv_lane_128,gemv_lane,True,4194304,1,2048,2048,4194304,0.0,1.0,0.0,True,True,True
rdt,1,gemv_like,repeated_head,gemv_lane_256,gemv_lane,True,4194304,1,2048,2048,4194304,0.0,1.0,0.0,True,True,True
rdt,2,gemv_like,repeated_head,tile_8x8,tile,True,524288,8,2048,256,4194304,7.0,0.125,0.875,False,False,False
rdt,2,gemv_like,repeated_head,tile_8x16,tile,True,524288,8,2048,256,4194304,7.0,0.125,0.875,False,False,False
rdt,2,gemv_like,repeated_head,tile_16x16,tile,True,524288,16,2048,256,8388608,15.0,0.0625,0.9375,False,False,False
rdt,2,gemv_like,repeated_head,tile_16x32,tile,True,524288,16,2048,256,8388608,15.0,0.0625,0.9375,False,False,False
rdt,2,gemv_like,repeated_head,tile_32x32,tile,True,524288,32,2048,256,16777216,31.0,0.03125,0.96875,False,False,False
rdt,2,gemv_like,repeated_head,gemv_lane_64,gemv_lane,True,524288,1,2048,256,524288,0.0,1.0,0.0,True,True,True
rdt,2,gemv_like,repeated_head,gemv_lane_128,gemv_lane,True,524288,1,2048,256,524288,0.0,1.0,0.0,True,True,True
rdt,2,gemv_like,repeated_head,gemv_lane_256,gemv_lane,True,524288,1,2048,256,524288,0.0,1.0,0.0,True,True,True
rdt,3,gemv_like,repeated_head,tile_8x8,tile,True,4194304,8,2048,2048,33554432,7.0,0.125,0.875,False,False,False
rdt,3,gemv_like,repeated_head,tile_8x16,tile,True,4194304,8,2048,2048,33554432,7.0,0.125,0.875,False,False,False
rdt,3,gemv_like,repeated_head,tile_16x16,tile,True,4194304,16,2048,2048,67108864,15.0,0.0625,0.9375,False,False,False
rdt,3,gemv_like,repeated_head,tile_16x32,tile,True,4194304,16,2048,2048,67108864,15.0,0.0625,0.9375,False,False,False
rdt,3,gemv_like,repeated_head,tile_32x32,tile,True,4194304,32,2048,2048,134217728,31.0,0.03125,0.96875,False,False,False
rdt,3,gemv_like,repeated_head,gemv_lane_64,gemv_lane,True,4194304,1,2048,2048,4194304,0.0,1.0,0.0,True,True,True
rdt,3,gemv_like,repeated_head,gemv_lane_128,gemv_lane,True,4194304,1,2048,2048,4194304,0.0,1.0,0.0,True,True,True
rdt,3,gemv_like,repeated_head,gemv_lane_256,gemv_lane,True,4194304,1,2048,2048,4194304,0.0,1.0,0.0,True,True,True
rdt,4,wide_skinny,repeated_head,tile_8x8,tile,True,843055104,72,6144,2048,905969664,0.074627,0.930556,0.069444,False,True,True
rdt,4,wide_skinny,repeated_head,tile_8x16,tile,True,843055104,72,6144,2048,905969664,0.074627,0.930556,0.069444,False,True,True
rdt,4,wide_skinny,repeated_head,tile_16x16,tile,True,843055104,80,6144,2048,1006632960,0.19403,0.8375,0.1625,False,False,True
rdt,4,wide_skinny,repeated_head,tile_16x32,tile,True,843055104,80,6144,2048,1006632960,0.19403,0.8375,0.1625,False,False,True
rdt,4,wide_skinny,repeated_head,tile_32x32,tile,True,843055104,96,6144,2048,1207959552,0.432836,0.697917,0.302083,False,False,False
rdt,4,wide_skinny,repeated_head,gemv_lane_64,gemv_lane,True,843055104,67,6144,2048,843055104,0.0,1.0,0.0,True,True,True
rdt,4,wide_skinny,repeated_head,gemv_lane_128,gemv_lane,True,843055104,67,6144,2048,843055104,0.0,1.0,0.0,True,True,True
rdt,4,wide_skinny,repeated_head,gemv_lane_256,gemv_lane,True,843055104,67,6144,2048,843055104,0.0,1.0,0.0,True,True,True
rdt,5,wide_skinny,repeated_head,tile_8x8,tile,True,281018368,72,2048,2048,301989888,0.074627,0.930556,0.069444,False,True,True
rdt,5,wide_skinny,repeated_head,tile_8x16,tile,True,281018368,72,2048,2048,301989888,0.074627,0.930556,0.069444,False,True,True
rdt,5,wide_skinny,repeated_head,tile_16x16,tile,True,281018368,80,2048,2048,335544320,0.19403,0.8375,0.1625,False,False,True
rdt,5,wide_skinny,repeated_head,tile_16x32,tile,True,281018368,80,2048,2048,335544320,0.19403,0.8375,0.1625,False,False,True
rdt,5,wide_skinny,repeated_head,tile_32x32,tile,True,281018368,96,2048,2048,402653184,0.432836,0.697917,0.302083,False,False,False
rdt,5,wide_skinny,repeated_head,gemv_lane_64,gemv_lane,True,281018368,67,2048,2048,281018368,0.0,1.0,0.0,True,True,True
rdt,5,wide_skinny,repeated_head,gemv_lane_128,gemv_lane,True,281018368,67,2048,2048,281018368,0.0,1.0,0.0,True,True,True
rdt,5,wide_skinny,repeated_head,gemv_lane_256,gemv_lane,True,281018368,67,2048,2048,281018368,0.0,1.0,0.0,True,True,True
rdt,6,wide_skinny,repeated_head,tile_8x8,tile,True,281018368,72,2048,2048,301989888,0.074627,0.930556,0.069444,False,True,True
rdt,6,wide_skinny,repeated_head,tile_8x16,tile,True,281018368,72,2048,2048,301989888,0.074627,0.930556,0.069444,False,True,True
rdt,6,wide_skinny,repeated_head,tile_16x16,tile,True,281018368,80,2048,2048,335544320,0.19403,0.8375,0.1625,False,False,True
rdt,6,wide_skinny,repeated_head,tile_16x32,tile,True,281018368,80,2048,2048,335544320,0.19403,0.8375,0.1625,False,False,True
rdt,6,wide_skinny,repeated_head,tile_32x32,tile,True,281018368,96,2048,2048,402653184,0.432836,0.697917,0.302083,False,False,False
rdt,6,wide_skinny,repeated_head,gemv_lane_64,gemv_lane,True,281018368,67,2048,2048,281018368,0.0,1.0,0.0,True,True,True
rdt,6,wide_skinny,repeated_head,gemv_lane_128,gemv_lane,True,281018368,67,2048,2048,281018368,0.0,1.0,0.0,True,True,True
rdt,6,wide_skinny,repeated_head,gemv_lane_256,gemv_lane,True,281018368,67,2048,2048,281018368,0.0,1.0,0.0,True,True,True
rdt,7,wide_skinny,repeated_head,tile_8x8,tile,True,268435456,32,4096,2048,268435456,0.0,1.0,0.0,True,True,True
rdt,7,wide_skinny,repeated_head,tile_8x16,tile,True,268435456,32,4096,2048,268435456,0.0,1.0,0.0,True,True,True
rdt,7,wide_skinny,repeated_head,tile_16x16,tile,True,268435456,32,4096,2048,268435456,0.0,1.0,0.0,True,True,True
rdt,7,wide_skinny,repeated_head,tile_16x32,tile,True,268435456,32,4096,2048,268435456,0.0,1.0,0.0,True,True,True
rdt,7,wide_skinny,repeated_head,tile_32x32,tile,True,268435456,32,4096,2048,268435456,0.0,1.0,0.0,True,True,True
rdt,7,wide_skinny,repeated_head,gemv_lane_64,gemv_lane,True,268435456,32,4096,2048,268435456,0.0,1.0,0.0,True,True,True
rdt,7,wide_skinny,repeated_head,gemv_lane_128,gemv_lane,True,268435456,32,4096,2048,268435456,0.0,1.0,0.0,True,True,True
rdt,7,wide_skinny,repeated_head,gemv_lane_256,gemv_lane,True,268435456,32,4096,2048,268435456,0.0,1.0,0.0,True,True,True
rdt,8,wide_skinny,repeated_head,tile_8x8,tile,True,281018368,72,2048,2048,301989888,0.074627,0.930556,0.069444,False,True,True
rdt,8,wide_skinny,repeated_head,tile_8x16,tile,True,281018368,72,2048,2048,301989888,0.074627,0.930556,0.069444,False,True,True
rdt,8,wide_skinny,repeated_head,tile_16x16,tile,True,281018368,80,2048,2048,335544320,0.19403,0.8375,0.1625,False,False,True
rdt,8,wide_skinny,repeated_head,tile_16x32,tile,True,281018368,80,2048,2048,335544320,0.19403,0.8375,0.1625,False,False,True
rdt,8,wide_skinny,repeated_head,tile_32x32,tile,True,281018368,96,2048,2048,402653184,0.432836,0.697917,0.302083,False,False,False
rdt,8,wide_skinny,repeated_head,gemv_lane_64,gemv_lane,True,281018368,67,2048,2048,281018368,0.0,1.0,0.0,True,True,True
rdt,8,wide_skinny,repeated_head,gemv_lane_128,gemv_lane,True,281018368,67,2048,2048,281018368,0.0,1.0,0.0,True,True,True
rdt,8,wide_skinny,repeated_head,gemv_lane_256,gemv_lane,True,281018368,67,2048,2048,281018368,0.0,1.0,0.0,True,True,True
rdt,9,wide_skinny,repeated_head,tile_8x8,tile,True,281018368,72,2048,2048,301989888,0.074627,0.930556,0.069444,False,True,True
rdt,9,wide_skinny,repeated_head,tile_8x16,tile,True,281018368,72,2048,2048,301989888,0.074627,0.930556,0.069444,False,True,True
rdt,9,wide_skinny,repeated_head,tile_16x16,tile,True,281018368,80,2048,2048,335544320,0.19403,0.8375,0.1625,False,False,True
rdt,9,wide_skinny,repeated_head,tile_16x32,tile,True,281018368,80,2048,2048,335544320,0.19403,0.8375,0.1625,False,False,True
rdt,9,wide_skinny,repeated_head,tile_32x32,tile,True,281018368,96,2048,2048,402653184,0.432836,0.697917,0.302083,False,False,False
rdt,9,wide_skinny,repeated_head,gemv_lane_64,gemv_lane,True,281018368,67,2048,2048,281018368,0.0,1.0,0.0,True,True,True
rdt,9,wide_skinny,repeated_head,gemv_lane_128,gemv_lane,True,281018368,67,2048,2048,281018368,0.0,1.0,0.0,True,True,True
rdt,9,wide_skinny,repeated_head,gemv_lane_256,gemv_lane,True,281018368,67,2048,2048,281018368,0.0,1.0,0.0,True,True,True
rdt,10,wide_skinny,repeated_head,tile_8x8,tile,True,281018368,72,2048,2048,301989888,0.074627,0.930556,0.069444,False,True,True
rdt,10,wide_skinny,repeated_head,tile_8x16,tile,True,281018368,72,2048,2048,301989888,0.074627,0.930556,0.069444,False,True,True
rdt,10,wide_skinny,repeated_head,tile_16x16,tile,True,281018368,80,2048,2048,335544320,0.19403,0.8375,0.1625,False,False,True
rdt,10,wide_skinny,repeated_head,tile_16x32,tile,True,281018368,80,2048,2048,335544320,0.19403,0.8375,0.1625,False,False,True
rdt,10,wide_skinny,repeated_head,tile_32x32,tile,True,281018368,96,2048,2048,402653184,0.432836,0.697917,0.302083,False,False,False
rdt,10,wide_skinny,repeated_head,gemv_lane_64,gemv_lane,True,281018368,67,2048,2048,281018368,0.0,1.0,0.0,True,True,True
rdt,10,wide_skinny,repeated_head,gemv_lane_128,gemv_lane,True,281018368,67,2048,2048,281018368,0.0,1.0,0.0,True,True,True
rdt,10,wide_skinny,repeated_head,gemv_lane_256,gemv_lane,True,281018368,67,2048,2048,281018368,0.0,1.0,0.0,True,True,True
rdt,11,wide_skinny,repeated_head,tile_8x8,tile,True,843055104,72,6144,2048,905969664,0.074627,0.930556,0.069444,False,True,True
rdt,11,wide_skinny,repeated_head,tile_8x16,tile,True,843055104,72,6144,2048,905969664,0.074627,0.930556,0.069444,False,True,True
rdt,11,wide_skinny,repeated_head,tile_16x16,tile,True,843055104,80,6144,2048,1006632960,0.19403,0.8375,0.1625,False,False,True
rdt,11,wide_skinny,repeated_head,tile_16x32,tile,True,843055104,80,6144,2048,1006632960,0.19403,0.8375,0.1625,False,False,True
rdt,11,wide_skinny,repeated_head,tile_32x32,tile,True,843055104,96,6144,2048,1207959552,0.432836,0.697917,0.302083,False,False,False
rdt,11,wide_skinny,repeated_head,gemv_lane_64,gemv_lane,True,843055104,67,6144,2048,843055104,0.0,1.0,0.0,True,True,True
rdt,11,wide_skinny,repeated_head,gemv_lane_128,gemv_lane,True,843055104,67,6144,2048,843055104,0.0,1.0,0.0,True,True,True
rdt,11,wide_skinny,repeated_head,gemv_lane_256,gemv_lane,True,843055104,67,6144,2048,843055104,0.0,1.0,0.0,True,True,True
rdt,12,wide_skinny,repeated_head,tile_8x8,tile,True,281018368,72,2048,2048,301989888,0.074627,0.930556,0.069444,False,True,True
rdt,12,wide_skinny,repeated_head,tile_8x16,tile,True,281018368,72,2048,2048,301989888,0.074627,0.930556,0.069444,False,True,True
rdt,12,wide_skinny,repeated_head,tile_16x16,tile,True,281018368,80,2048,2048,335544320,0.19403,0.8375,0.1625,False,False,True
rdt,12,wide_skinny,repeated_head,tile_16x32,tile,True,281018368,80,2048,2048,335544320,0.19403,0.8375,0.1625,False,False,True
rdt,12,wide_skinny,repeated_head,tile_32x32,tile,True,281018368,96,2048,2048,402653184,0.432836,0.697917,0.302083,False,False,False
rdt,12,wide_skinny,repeated_head,gemv_lane_64,gemv_lane,True,281018368,67,2048,2048,281018368,0.0,1.0,0.0,True,True,True
rdt,12,wide_skinny,repeated_head,gemv_lane_128,gemv_lane,True,281018368,67,2048,2048,281018368,0.0,1.0,0.0,True,True,True
rdt,12,wide_skinny,repeated_head,gemv_lane_256,gemv_lane,True,281018368,67,2048,2048,281018368,0.0,1.0,0.0,True,True,True
rdt,13,wide_skinny,repeated_head,tile_8x8,tile,True,281018368,72,2048,2048,301989888,0.074627,0.930556,0.069444,False,True,True
rdt,13,wide_skinny,repeated_head,tile_8x16,tile,True,281018368,72,2048,2048,301989888,0.074627,0.930556,0.069444,False,True,True
rdt,13,wide_skinny,repeated_head,tile_16x16,tile,True,281018368,80,2048,2048,335544320,0.19403,0.8375,0.1625,False,False,True
rdt,13,wide_skinny,repeated_head,tile_16x32,tile,True,281018368,80,2048,2048,335544320,0.19403,0.8375,0.1625,False,False,True
rdt,13,wide_skinny,repeated_head,tile_32x32,tile,True,281018368,96,2048,2048,402653184,0.432836,0.697917,0.302083,False,False,False
rdt,13,wide_skinny,repeated_head,gemv_lane_64,gemv_lane,True,281018368,67,2048,2048,281018368,0.0,1.0,0.0,True,True,True
rdt,13,wide_skinny,repeated_head,gemv_lane_128,gemv_lane,True,281018368,67,2048,2048,281018368,0.0,1.0,0.0,True,True,True
rdt,13,wide_skinny,repeated_head,gemv_lane_256,gemv_lane,True,281018368,67,2048,2048,281018368,0.0,1.0,0.0,True,True,True
rdt,14,squareish_gemm,repeated_head,tile_8x8,tile,True,34359738368,4096,4096,2048,34359738368,0.0,1.0,0.0,True,True,True
rdt,14,squareish_gemm,repeated_head,tile_8x16,tile,True,34359738368,4096,4096,2048,34359738368,0.0,1.0,0.0,True,True,True
rdt,14,squareish_gemm,repeated_head,tile_16x16,tile,True,34359738368,4096,4096,2048,34359738368,0.0,1.0,0.0,True,True,True
rdt,14,squareish_gemm,repeated_head,tile_16x32,tile,True,34359738368,4096,4096,2048,34359738368,0.0,1.0,0.0,True,True,True
rdt,14,squareish_gemm,repeated_head,tile_32x32,tile,True,34359738368,4096,4096,2048,34359738368,0.0,1.0,0.0,True,True,True
rdt,14,squareish_gemm,repeated_head,gemv_lane_64,gemv_lane,False,34359738368,,,,,,,,False,False,False
rdt,14,squareish_gemm,repeated_head,gemv_lane_128,gemv_lane,False,34359738368,,,,,,,,False,False,False
rdt,14,squareish_gemm,repeated_head,gemv_lane_256,gemv_lane,False,34359738368,,,,,,,,False,False,False
rdt,15,wide_skinny,repeated_head,tile_8x8,tile,True,281018368,72,2048,2048,301989888,0.074627,0.930556,0.069444,False,True,True
rdt,15,wide_skinny,repeated_head,tile_8x16,tile,True,281018368,72,2048,2048,301989888,0.074627,0.930556,0.069444,False,True,True
rdt,15,wide_skinny,repeated_head,tile_16x16,tile,True,281018368,80,2048,2048,335544320,0.19403,0.8375,0.1625,False,False,True
rdt,15,wide_skinny,repeated_head,tile_16x32,tile,True,281018368,80,2048,2048,335544320,0.19403,0.8375,0.1625,False,False,True
rdt,15,wide_skinny,repeated_head,tile_32x32,tile,True,281018368,96,2048,2048,402653184,0.432836,0.697917,0.302083,False,False,False
rdt,15,wide_skinny,repeated_head,gemv_lane_64,gemv_lane,True,281018368,67,2048,2048,281018368,0.0,1.0,0.0,True,True,True
rdt,15,wide_skinny,repeated_head,gemv_lane_128,gemv_lane,True,281018368,67,2048,2048,281018368,0.0,1.0,0.0,True,True,True
rdt,15,wide_skinny,repeated_head,gemv_lane_256,gemv_lane,True,281018368,67,2048,2048,281018368,0.0,1.0,0.0,True,True,True
rdt,16,wide_skinny,repeated_head,tile_8x8,tile,True,281018368,72,2048,2048,301989888,0.074627,0.930556,0.069444,False,True,True
rdt,16,wide_skinny,repeated_head,tile_8x16,tile,True,281018368,72,2048,2048,301989888,0.074627,0.930556,0.069444,False,True,True
rdt,16,wide_skinny,repeated_head,tile_16x16,tile,True,281018368,80,2048,2048,335544320,0.19403,0.8375,0.1625,False,False,True
rdt,16,wide_skinny,repeated_head,tile_16x32,tile,True,281018368,80,2048,2048,335544320,0.19403,0.8375,0.1625,False,False,True
rdt,16,wide_skinny,repeated_head,tile_32x32,tile,True,281018368,96,2048,2048,402653184,0.432836,0.697917,0.302083,False,False,False
rdt,16,wide_skinny,repeated_head,gemv_lane_64,gemv_lane,True,281018368,67,2048,2048,281018368,0.0,1.0,0.0,True,True,True
rdt,16,wide_skinny,repeated_head,gemv_lane_128,gemv_lane,True,281018368,67,2048,2048,281018368,0.0,1.0,0.0,True,True,True
rdt,16,wide_skinny,repeated_head,gemv_lane_256,gemv_lane,True,281018368,67,2048,2048,281018368,0.0,1.0,0.0,True,True,True
rdt,17,wide_skinny,repeated_head,tile_8x8,tile,True,281018368,72,2048,2048,301989888,0.074627,0.930556,0.069444,False,True,True
rdt,17,wide_skinny,repeated_head,tile_8x16,tile,True,281018368,72,2048,2048,301989888,0.074627,0.930556,0.069444,False,True,True
rdt,17,wide_skinny,repeated_head,tile_16x16,tile,True,281018368,80,2048,2048,335544320,0.19403,0.8375,0.1625,False,False,True
rdt,17,wide_skinny,repeated_head,tile_16x32,tile,True,281018368,80,2048,2048,335544320,0.19403,0.8375,0.1625,False,False,True
rdt,17,wide_skinny,repeated_head,tile_32x32,tile,True,281018368,96,2048,2048,402653184,0.432836,0.697917,0.302083,False,False,False
rdt,17,wide_skinny,repeated_head,gemv_lane_64,gemv_lane,True,281018368,67,2048,2048,281018368,0.0,1.0,0.0,True,True,True
rdt,17,wide_skinny,repeated_head,gemv_lane_128,gemv_lane,True,281018368,67,2048,2048,281018368,0.0,1.0,0.0,True,True,True
rdt,17,wide_skinny,repeated_head,gemv_lane_256,gemv_lane,True,281018368,67,2048,2048,281018368,0.0,1.0,0.0,True,True,True
rdt,18,wide_skinny,repeated_head,tile_8x8,tile,True,281018368,72,2048,2048,301989888,0.074627,0.930556,0.069444,False,True,True
rdt,18,wide_skinny,repeated_head,tile_8x16,tile,True,281018368,72,2048,2048,301989888,0.074627,0.930556,0.069444,False,True,True
rdt,18,wide_skinny,repeated_head,tile_16x16,tile,True,281018368,80,2048,2048,335544320,0.19403,0.8375,0.1625,False,False,True
rdt,18,wide_skinny,repeated_head,tile_16x32,tile,True,281018368,80,2048,2048,335544320,0.19403,0.8375,0.1625,False,False,True
rdt,18,wide_skinny,repeated_head,tile_32x32,tile,True,281018368,96,2048,2048,402653184,0.432836,0.697917,0.302083,False,False,False
rdt,18,wide_skinny,repeated_head,gemv_lane_64,gemv_lane,True,281018368,67,2048,2048,281018368,0.0,1.0,0.0,True,True,True
rdt,18,wide_skinny,repeated_head,gemv_lane_128,gemv_lane,True,281018368,67,2048,2048,281018368,0.0,1.0,0.0,True,True,True
rdt,18,wide_skinny,repeated_head,gemv_lane_256,gemv_lane,True,281018368,67,2048,2048,281018368,0.0,1.0,0.0,True,True,True
rdt,19,squareish_gemm,repeated_head,tile_8x8,tile,True,17563648,72,128,2048,18874368,0.074627,0.930556,0.069444,False,True,True
rdt,19,squareish_gemm,repeated_head,tile_8x16,tile,True,17563648,72,128,2048,18874368,0.074627,0.930556,0.069444,False,True,True
rdt,19,squareish_gemm,repeated_head,tile_16x16,tile,True,17563648,80,128,2048,20971520,0.19403,0.8375,0.1625,False,False,True
rdt,19,squareish_gemm,repeated_head,tile_16x32,tile,True,17563648,80,128,2048,20971520,0.19403,0.8375,0.1625,False,False,True
rdt,19,squareish_gemm,repeated_head,tile_32x32,tile,True,17563648,96,128,2048,25165824,0.432836,0.697917,0.302083,False,False,False
rdt,19,squareish_gemm,repeated_head,gemv_lane_64,gemv_lane,False,17563648,,,,,,,,False,False,False
rdt,19,squareish_gemm,repeated_head,gemv_lane_128,gemv_lane,False,17563648,,,,,,,,False,False,False
rdt,19,squareish_gemm,repeated_head,gemv_lane_256,gemv_lane,False,17563648,,,,,,,,False,False,False
openvla,0,wide_skinny,backbone_once,tile_8x8,tile,True,1880064,24,576,192,2654208,0.411765,0.708333,0.291667,False,False,False
openvla,0,wide_skinny,backbone_once,tile_8x16,tile,True,1880064,24,576,192,2654208,0.411765,0.708333,0.291667,False,False,False
openvla,0,wide_skinny,backbone_once,tile_16x16,tile,True,1880064,32,576,192,3538944,0.882353,0.53125,0.46875,False,False,False
openvla,0,wide_skinny,backbone_once,tile_16x32,tile,True,1880064,32,576,192,3538944,0.882353,0.53125,0.46875,False,False,False
openvla,0,wide_skinny,backbone_once,tile_32x32,tile,True,1880064,32,576,192,3538944,0.882353,0.53125,0.46875,False,False,False
openvla,0,wide_skinny,backbone_once,gemv_lane_64,gemv_lane,True,1880064,17,576,192,1880064,0.0,1.0,0.0,True,True,True
openvla,0,wide_skinny,backbone_once,gemv_lane_128,gemv_lane,True,1880064,17,640,192,2088960,0.111111,0.9,0.1,False,False,True
openvla,0,wide_skinny,backbone_once,gemv_lane_256,gemv_lane,True,1880064,17,768,192,2506752,0.333333,0.75,0.25,False,False,False
openvla,1,wide_skinny,backbone_once,tile_8x8,tile,True,626688,24,192,192,884736,0.411765,0.708333,0.291667,False,False,False
openvla,1,wide_skinny,backbone_once,tile_8x16,tile,True,626688,24,192,192,884736,0.411765,0.708333,0.291667,False,False,False
openvla,1,wide_skinny,backbone_once,tile_16x16,tile,True,626688,32,192,192,1179648,0.882353,0.53125,0.46875,False,False,False
openvla,1,wide_skinny,backbone_once,tile_16x32,tile,True,626688,32,192,192,1179648,0.882353,0.53125,0.46875,False,False,False
openvla,1,wide_skinny,backbone_once,tile_32x32,tile,True,626688,32,192,192,1179648,0.882353,0.53125,0.46875,False,False,False
openvla,1,wide_skinny,backbone_once,gemv_lane_64,gemv_lane,True,626688,17,192,192,626688,0.0,1.0,0.0,True,True,True
openvla,1,wide_skinny,backbone_once,gemv_lane_128,gemv_lane,True,626688,17,256,192,835584,0.333333,0.75,0.25,False,False,False
openvla,1,wide_skinny,backbone_once,gemv_lane_256,gemv_lane,True,626688,17,256,192,835584,0.333333,0.75,0.25,False,False,False
openvla,2,wide_skinny,backbone_once,tile_8x8,tile,True,2506752,24,768,192,3538944,0.411765,0.708333,0.291667,False,False,False
openvla,2,wide_skinny,backbone_once,tile_8x16,tile,True,2506752,24,768,192,3538944,0.411765,0.708333,0.291667,False,False,False
openvla,2,wide_skinny,backbone_once,tile_16x16,tile,True,2506752,32,768,192,4718592,0.882353,0.53125,0.46875,False,False,False
openvla,2,wide_skinny,backbone_once,tile_16x32,tile,True,2506752,32,768,192,4718592,0.882353,0.53125,0.46875,False,False,False
openvla,2,wide_skinny,backbone_once,tile_32x32,tile,True,2506752,32,768,192,4718592,0.882353,0.53125,0.46875,False,False,False
openvla,2,wide_skinny,backbone_once,gemv_lane_64,gemv_lane,True,2506752,17,768,192,2506752,0.0,1.0,0.0,True,True,True
openvla,2,wide_skinny,backbone_once,gemv_lane_128,gemv_lane,True,2506752,17,768,192,2506752,0.0,1.0,0.0,True,True,True
openvla,2,wide_skinny,backbone_once,gemv_lane_256,gemv_lane,True,2506752,17,768,192,2506752,0.0,1.0,0.0,True,True,True
openvla,3,wide_skinny,backbone_once,tile_8x8,tile,True,2506752,24,192,768,3538944,0.411765,0.708333,0.291667,False,False,False
openvla,3,wide_skinny,backbone_once,tile_8x16,tile,True,2506752,24,192,768,3538944,0.411765,0.708333,0.291667,False,False,False
openvla,3,wide_skinny,backbone_once,tile_16x16,tile,True,2506752,32,192,768,4718592,0.882353,0.53125,0.46875,False,False,False
openvla,3,wide_skinny,backbone_once,tile_16x32,tile,True,2506752,32,192,768,4718592,0.882353,0.53125,0.46875,False,False,False
openvla,3,wide_skinny,backbone_once,tile_32x32,tile,True,2506752,32,192,768,4718592,0.882353,0.53125,0.46875,False,False,False
openvla,3,wide_skinny,backbone_once,gemv_lane_64,gemv_lane,True,2506752,17,192,768,2506752,0.0,1.0,0.0,True,True,True
openvla,3,wide_skinny,backbone_once,gemv_lane_128,gemv_lane,True,2506752,17,256,768,3342336,0.333333,0.75,0.25,False,False,False
openvla,3,wide_skinny,backbone_once,gemv_lane_256,gemv_lane,True,2506752,17,256,768,3342336,0.333333,0.75,0.25,False,False,False
openvla,4,wide_skinny,backbone_once,tile_8x8,tile,True,7520256,24,1152,384,10616832,0.411765,0.708333,0.291667,False,False,False
openvla,4,wide_skinny,backbone_once,tile_8x16,tile,True,7520256,24,1152,384,10616832,0.411765,0.708333,0.291667,False,False,False
openvla,4,wide_skinny,backbone_once,tile_16x16,tile,True,7520256,32,1152,384,14155776,0.882353,0.53125,0.46875,False,False,False
openvla,4,wide_skinny,backbone_once,tile_16x32,tile,True,7520256,32,1152,384,14155776,0.882353,0.53125,0.46875,False,False,False
openvla,4,wide_skinny,backbone_once,tile_32x32,tile,True,7520256,32,1152,384,14155776,0.882353,0.53125,0.46875,False,False,False
openvla,4,wide_skinny,backbone_once,gemv_lane_64,gemv_lane,True,7520256,17,1152,384,7520256,0.0,1.0,0.0,True,True,True
openvla,4,wide_skinny,backbone_once,gemv_lane_128,gemv_lane,True,7520256,17,1152,384,7520256,0.0,1.0,0.0,True,True,True
openvla,4,wide_skinny,backbone_once,gemv_lane_256,gemv_lane,True,7520256,17,1280,384,8355840,0.111111,0.9,0.1,False,False,True
openvla,5,wide_skinny,backbone_once,tile_8x8,tile,True,2506752,24,384,384,3538944,0.411765,0.708333,0.291667,False,False,False
openvla,5,wide_skinny,backbone_once,tile_8x16,tile,True,2506752,24,384,384,3538944,0.411765,0.708333,0.291667,False,False,False
openvla,5,wide_skinny,backbone_once,tile_16x16,tile,True,2506752,32,384,384,4718592,0.882353,0.53125,0.46875,False,False,False
openvla,5,wide_skinny,backbone_once,tile_16x32,tile,True,2506752,32,384,384,4718592,0.882353,0.53125,0.46875,False,False,False
openvla,5,wide_skinny,backbone_once,tile_32x32,tile,True,2506752,32,384,384,4718592,0.882353,0.53125,0.46875,False,False,False
openvla,5,wide_skinny,backbone_once,gemv_lane_64,gemv_lane,True,2506752,17,384,384,2506752,0.0,1.0,0.0,True,True,True
openvla,5,wide_skinny,backbone_once,gemv_lane_128,gemv_lane,True,2506752,17,384,384,2506752,0.0,1.0,0.0,True,True,True
openvla,5,wide_skinny,backbone_once,gemv_lane_256,gemv_lane,True,2506752,17,512,384,3342336,0.333333,0.75,0.25,False,False,False
openvla,6,wide_skinny,backbone_once,tile_8x8,tile,True,10027008,24,1536,384,14155776,0.411765,0.708333,0.291667,False,False,False
openvla,6,wide_skinny,backbone_once,tile_8x16,tile,True,10027008,24,1536,384,14155776,0.411765,0.708333,0.291667,False,False,False
openvla,6,wide_skinny,backbone_once,tile_16x16,tile,True,10027008,32,1536,384,18874368,0.882353,0.53125,0.46875,False,False,False
openvla,6,wide_skinny,backbone_once,tile_16x32,tile,True,10027008,32,1536,384,18874368,0.882353,0.53125,0.46875,False,False,False
openvla,6,wide_skinny,backbone_once,tile_32x32,tile,True,10027008,32,1536,384,18874368,0.882353,0.53125,0.46875,False,False,False
openvla,6,wide_skinny,backbone_once,gemv_lane_64,gemv_lane,True,10027008,17,1536,384,10027008,0.0,1.0,0.0,True,True,True
openvla,6,wide_skinny,backbone_once,gemv_lane_128,gemv_lane,True,10027008,17,1536,384,10027008,0.0,1.0,0.0,True,True,True
openvla,6,wide_skinny,backbone_once,gemv_lane_256,gemv_lane,True,10027008,17,1536,384,10027008,0.0,1.0,0.0,True,True,True
openvla,7,wide_skinny,backbone_once,tile_8x8,tile,True,10027008,24,384,1536,14155776,0.411765,0.708333,0.291667,False,False,False
openvla,7,wide_skinny,backbone_once,tile_8x16,tile,True,10027008,24,384,1536,14155776,0.411765,0.708333,0.291667,False,False,False
openvla,7,wide_skinny,backbone_once,tile_16x16,tile,True,10027008,32,384,1536,18874368,0.882353,0.53125,0.46875,False,False,False
openvla,7,wide_skinny,backbone_once,tile_16x32,tile,True,10027008,32,384,1536,18874368,0.882353,0.53125,0.46875,False,False,False
openvla,7,wide_skinny,backbone_once,tile_32x32,tile,True,10027008,32,384,1536,18874368,0.882353,0.53125,0.46875,False,False,False
openvla,7,wide_skinny,backbone_once,gemv_lane_64,gemv_lane,True,10027008,17,384,1536,10027008,0.0,1.0,0.0,True,True,True
openvla,7,wide_skinny,backbone_once,gemv_lane_128,gemv_lane,True,10027008,17,384,1536,10027008,0.0,1.0,0.0,True,True,True
openvla,7,wide_skinny,backbone_once,gemv_lane_256,gemv_lane,True,10027008,17,512,1536,13369344,0.333333,0.75,0.25,False,False,False
openvla,8,wide_skinny,backbone_once,tile_8x8,tile,True,21233664,16,2304,576,21233664,0.0,1.0,0.0,True,True,True
openvla,8,wide_skinny,backbone_once,tile_8x16,tile,True,21233664,16,2304,576,21233664,0.0,1.0,0.0,True,True,True
openvla,8,wide_skinny,backbone_once,tile_16x16,tile,True,21233664,16,2304,576,21233664,0.0,1.0,0.0,True,True,True
openvla,8,wide_skinny,backbone_once,tile_16x32,tile,True,21233664,16,2304,576,21233664,0.0,1.0,0.0,True,True,True
openvla,8,wide_skinny,backbone_once,tile_32x32,tile,True,21233664,32,2304,576,42467328,1.0,0.5,0.5,False,False,False
openvla,8,wide_skinny,backbone_once,gemv_lane_64,gemv_lane,True,21233664,16,2304,576,21233664,0.0,1.0,0.0,True,True,True
openvla,8,wide_skinny,backbone_once,gemv_lane_128,gemv_lane,True,21233664,16,2304,576,21233664,0.0,1.0,0.0,True,True,True
openvla,8,wide_skinny,backbone_once,gemv_lane_256,gemv_lane,True,21233664,16,2304,576,21233664,0.0,1.0,0.0,True,True,True
openvla,9,wide_skinny,backbone_once,tile_8x8,tile,True,4718592,16,128,2304,4718592,0.0,1.0,0.0,True,True,True
openvla,9,wide_skinny,backbone_once,tile_8x16,tile,True,4718592,16,128,2304,4718592,0.0,1.0,0.0,True,True,True
openvla,9,wide_skinny,backbone_once,tile_16x16,tile,True,4718592,16,128,2304,4718592,0.0,1.0,0.0,True,True,True
openvla,9,wide_skinny,backbone_once,tile_16x32,tile,True,4718592,16,128,2304,4718592,0.0,1.0,0.0,True,True,True
openvla,9,wide_skinny,backbone_once,tile_32x32,tile,True,4718592,32,128,2304,9437184,1.0,0.5,0.5,False,False,False
openvla,9,wide_skinny,backbone_once,gemv_lane_64,gemv_lane,True,4718592,16,128,2304,4718592,0.0,1.0,0.0,True,True,True
openvla,9,wide_skinny,backbone_once,gemv_lane_128,gemv_lane,True,4718592,16,128,2304,4718592,0.0,1.0,0.0,True,True,True
openvla,9,wide_skinny,backbone_once,gemv_lane_256,gemv_lane,True,4718592,16,256,2304,9437184,1.0,0.5,0.5,False,False,False
openvla,10,wide_skinny,backbone_once,tile_8x8,tile,True,262144,16,128,128,262144,0.0,1.0,0.0,True,True,True
openvla,10,wide_skinny,backbone_once,tile_8x16,tile,True,262144,16,128,128,262144,0.0,1.0,0.0,True,True,True
openvla,10,wide_skinny,backbone_once,tile_16x16,tile,True,262144,16,128,128,262144,0.0,1.0,0.0,True,True,True
openvla,10,wide_skinny,backbone_once,tile_16x32,tile,True,262144,16,128,128,262144,0.0,1.0,0.0,True,True,True
openvla,10,wide_skinny,backbone_once,tile_32x32,tile,True,262144,32,128,128,524288,1.0,0.5,0.5,False,False,False
openvla,10,wide_skinny,backbone_once,gemv_lane_64,gemv_lane,True,262144,16,128,128,262144,0.0,1.0,0.0,True,True,True
openvla,10,wide_skinny,backbone_once,gemv_lane_128,gemv_lane,True,262144,16,128,128,262144,0.0,1.0,0.0,True,True,True
openvla,10,wide_skinny,backbone_once,gemv_lane_256,gemv_lane,True,262144,16,256,128,524288,1.0,0.5,0.5,False,False,False
openvla,11,wide_skinny,repeated_head,tile_8x8,tile,True,1310720,24,512,128,1572864,0.2,0.833333,0.166667,False,False,True
openvla,11,wide_skinny,repeated_head,tile_8x16,tile,True,1310720,24,512,128,1572864,0.2,0.833333,0.166667,False,False,True
openvla,11,wide_skinny,repeated_head,tile_16x16,tile,True,1310720,32,512,128,2097152,0.6,0.625,0.375,False,False,False
openvla,11,wide_skinny,repeated_head,tile_16x32,tile,True,1310720,32,512,128,2097152,0.6,0.625,0.375,False,False,False
openvla,11,wide_skinny,repeated_head,tile_32x32,tile,True,1310720,32,512,128,2097152,0.6,0.625,0.375,False,False,False
openvla,11,wide_skinny,repeated_head,gemv_lane_64,gemv_lane,True,1310720,20,512,128,1310720,0.0,1.0,0.0,True,True,True
openvla,11,wide_skinny,repeated_head,gemv_lane_128,gemv_lane,True,1310720,20,512,128,1310720,0.0,1.0,0.0,True,True,True
openvla,11,wide_skinny,repeated_head,gemv_lane_256,gemv_lane,True,1310720,20,512,128,1310720,0.0,1.0,0.0,True,True,True
openvla,12,wide_skinny,repeated_head,tile_8x8,tile,True,1310720,24,512,128,1572864,0.2,0.833333,0.166667,False,False,True
openvla,12,wide_skinny,repeated_head,tile_8x16,tile,True,1310720,24,512,128,1572864,0.2,0.833333,0.166667,False,False,True
openvla,12,wide_skinny,repeated_head,tile_16x16,tile,True,1310720,32,512,128,2097152,0.6,0.625,0.375,False,False,False
openvla,12,wide_skinny,repeated_head,tile_16x32,tile,True,1310720,32,512,128,2097152,0.6,0.625,0.375,False,False,False
openvla,12,wide_skinny,repeated_head,tile_32x32,tile,True,1310720,32,512,128,2097152,0.6,0.625,0.375,False,False,False
openvla,12,wide_skinny,repeated_head,gemv_lane_64,gemv_lane,True,1310720,20,512,128,1310720,0.0,1.0,0.0,True,True,True
openvla,12,wide_skinny,repeated_head,gemv_lane_128,gemv_lane,True,1310720,20,512,128,1310720,0.0,1.0,0.0,True,True,True
openvla,12,wide_skinny,repeated_head,gemv_lane_256,gemv_lane,True,1310720,20,512,128,1310720,0.0,1.0,0.0,True,True,True
openvla,13,wide_skinny,repeated_head,tile_8x8,tile,True,1310720,24,512,128,1572864,0.2,0.833333,0.166667,False,False,True
openvla,13,wide_skinny,repeated_head,tile_8x16,tile,True,1310720,24,512,128,1572864,0.2,0.833333,0.166667,False,False,True
openvla,13,wide_skinny,repeated_head,tile_16x16,tile,True,1310720,32,512,128,2097152,0.6,0.625,0.375,False,False,False
openvla,13,wide_skinny,repeated_head,tile_16x32,tile,True,1310720,32,512,128,2097152,0.6,0.625,0.375,False,False,False
openvla,13,wide_skinny,repeated_head,tile_32x32,tile,True,1310720,32,512,128,2097152,0.6,0.625,0.375,False,False,False
openvla,13,wide_skinny,repeated_head,gemv_lane_64,gemv_lane,True,1310720,20,512,128,1310720,0.0,1.0,0.0,True,True,True
openvla,13,wide_skinny,repeated_head,gemv_lane_128,gemv_lane,True,1310720,20,512,128,1310720,0.0,1.0,0.0,True,True,True
openvla,13,wide_skinny,repeated_head,gemv_lane_256,gemv_lane,True,1310720,20,512,128,1310720,0.0,1.0,0.0,True,True,True
openvla,14,wide_skinny,repeated_head,tile_8x8,tile,True,1310720,24,128,512,1572864,0.2,0.833333,0.166667,False,False,True
openvla,14,wide_skinny,repeated_head,tile_8x16,tile,True,1310720,24,128,512,1572864,0.2,0.833333,0.166667,False,False,True
openvla,14,wide_skinny,repeated_head,tile_16x16,tile,True,1310720,32,128,512,2097152,0.6,0.625,0.375,False,False,False
openvla,14,wide_skinny,repeated_head,tile_16x32,tile,True,1310720,32,128,512,2097152,0.6,0.625,0.375,False,False,False
openvla,14,wide_skinny,repeated_head,tile_32x32,tile,True,1310720,32,128,512,2097152,0.6,0.625,0.375,False,False,False
openvla,14,wide_skinny,repeated_head,gemv_lane_64,gemv_lane,True,1310720,20,128,512,1310720,0.0,1.0,0.0,True,True,True
openvla,14,wide_skinny,repeated_head,gemv_lane_128,gemv_lane,True,1310720,20,128,512,1310720,0.0,1.0,0.0,True,True,True
openvla,14,wide_skinny,repeated_head,gemv_lane_256,gemv_lane,True,1310720,20,256,512,2621440,1.0,0.5,0.5,False,False,False
openvla,15,wide_skinny,repeated_head,tile_8x8,tile,True,655360,24,256,128,786432,0.2,0.833333,0.166667,False,False,True
openvla,15,wide_skinny,repeated_head,tile_8x16,tile,True,655360,24,256,128,786432,0.2,0.833333,0.166667,False,False,True
openvla,15,wide_skinny,repeated_head,tile_16x16,tile,True,655360,32,256,128,1048576,0.6,0.625,0.375,False,False,False
openvla,15,wide_skinny,repeated_head,tile_16x32,tile,True,655360,32,256,128,1048576,0.6,0.625,0.375,False,False,False
openvla,15,wide_skinny,repeated_head,tile_32x32,tile,True,655360,32,256,128,1048576,0.6,0.625,0.375,False,False,False
openvla,15,wide_skinny,repeated_head,gemv_lane_64,gemv_lane,True,655360,20,256,128,655360,0.0,1.0,0.0,True,True,True
openvla,15,wide_skinny,repeated_head,gemv_lane_128,gemv_lane,True,655360,20,256,128,655360,0.0,1.0,0.0,True,True,True
openvla,15,wide_skinny,repeated_head,gemv_lane_256,gemv_lane,True,655360,20,256,128,655360,0.0,1.0,0.0,True,True,True
openvla,16,wide_skinny,repeated_head,tile_8x8,tile,True,655360,24,256,128,786432,0.2,0.833333,0.166667,False,False,True
openvla,16,wide_skinny,repeated_head,tile_8x16,tile,True,655360,24,256,128,786432,0.2,0.833333,0.166667,False,False,True
openvla,16,wide_skinny,repeated_head,tile_16x16,tile,True,655360,32,256,128,1048576,0.6,0.625,0.375,False,False,False
openvla,16,wide_skinny,repeated_head,tile_16x32,tile,True,655360,32,256,128,1048576,0.6,0.625,0.375,False,False,False
openvla,16,wide_skinny,repeated_head,tile_32x32,tile,True,655360,32,256,128,1048576,0.6,0.625,0.375,False,False,False
openvla,16,wide_skinny,repeated_head,gemv_lane_64,gemv_lane,True,655360,20,256,128,655360,0.0,1.0,0.0,True,True,True
openvla,16,wide_skinny,repeated_head,gemv_lane_128,gemv_lane,True,655360,20,256,128,655360,0.0,1.0,0.0,True,True,True
openvla,16,wide_skinny,repeated_head,gemv_lane_256,gemv_lane,True,655360,20,256,128,655360,0.0,1.0,0.0,True,True,True
openvla,17,wide_skinny,repeated_head,tile_8x8,tile,True,655360,24,128,256,786432,0.2,0.833333,0.166667,False,False,True
openvla,17,wide_skinny,repeated_head,tile_8x16,tile,True,655360,24,128,256,786432,0.2,0.833333,0.166667,False,False,True
openvla,17,wide_skinny,repeated_head,tile_16x16,tile,True,655360,32,128,256,1048576,0.6,0.625,0.375,False,False,False
openvla,17,wide_skinny,repeated_head,tile_16x32,tile,True,655360,32,128,256,1048576,0.6,0.625,0.375,False,False,False
openvla,17,wide_skinny,repeated_head,tile_32x32,tile,True,655360,32,128,256,1048576,0.6,0.625,0.375,False,False,False
openvla,17,wide_skinny,repeated_head,gemv_lane_64,gemv_lane,True,655360,20,128,256,655360,0.0,1.0,0.0,True,True,True
openvla,17,wide_skinny,repeated_head,gemv_lane_128,gemv_lane,True,655360,20,128,256,655360,0.0,1.0,0.0,True,True,True
openvla,17,wide_skinny,repeated_head,gemv_lane_256,gemv_lane,True,655360,20,256,256,1310720,1.0,0.5,0.5,False,False,False
openvla,18,wide_skinny,repeated_head,tile_8x8,tile,True,1310720,24,512,128,1572864,0.2,0.833333,0.166667,False,False,True
openvla,18,wide_skinny,repeated_head,tile_8x16,tile,True,1310720,24,512,128,1572864,0.2,0.833333,0.166667,False,False,True
openvla,18,wide_skinny,repeated_head,tile_16x16,tile,True,1310720,32,512,128,2097152,0.6,0.625,0.375,False,False,False
openvla,18,wide_skinny,repeated_head,tile_16x32,tile,True,1310720,32,512,128,2097152,0.6,0.625,0.375,False,False,False
openvla,18,wide_skinny,repeated_head,tile_32x32,tile,True,1310720,32,512,128,2097152,0.6,0.625,0.375,False,False,False
openvla,18,wide_skinny,repeated_head,gemv_lane_64,gemv_lane,True,1310720,20,512,128,1310720,0.0,1.0,0.0,True,True,True
openvla,18,wide_skinny,repeated_head,gemv_lane_128,gemv_lane,True,1310720,20,512,128,1310720,0.0,1.0,0.0,True,True,True
openvla,18,wide_skinny,repeated_head,gemv_lane_256,gemv_lane,True,1310720,20,512,128,1310720,0.0,1.0,0.0,True,True,True
openvla,19,wide_skinny,repeated_head,tile_8x8,tile,True,1310720,24,512,128,1572864,0.2,0.833333,0.166667,False,False,True
openvla,19,wide_skinny,repeated_head,tile_8x16,tile,True,1310720,24,512,128,1572864,0.2,0.833333,0.166667,False,False,True
openvla,19,wide_skinny,repeated_head,tile_16x16,tile,True,1310720,32,512,128,2097152,0.6,0.625,0.375,False,False,False
openvla,19,wide_skinny,repeated_head,tile_16x32,tile,True,1310720,32,512,128,2097152,0.6,0.625,0.375,False,False,False
openvla,19,wide_skinny,repeated_head,tile_32x32,tile,True,1310720,32,512,128,2097152,0.6,0.625,0.375,False,False,False
openvla,19,wide_skinny,repeated_head,gemv_lane_64,gemv_lane,True,1310720,20,512,128,1310720,0.0,1.0,0.0,True,True,True
openvla,19,wide_skinny,repeated_head,gemv_lane_128,gemv_lane,True,1310720,20,512,128,1310720,0.0,1.0,0.0,True,True,True
openvla,19,wide_skinny,repeated_head,gemv_lane_256,gemv_lane,True,1310720,20,512,128,1310720,0.0,1.0,0.0,True,True,True
openvla,20,wide_skinny,repeated_head,tile_8x8,tile,True,1310720,24,512,128,1572864,0.2,0.833333,0.166667,False,False,True
openvla,20,wide_skinny,repeated_head,tile_8x16,tile,True,1310720,24,512,128,1572864,0.2,0.833333,0.166667,False,False,True
openvla,20,wide_skinny,repeated_head,tile_16x16,tile,True,1310720,32,512,128,2097152,0.6,0.625,0.375,False,False,False
openvla,20,wide_skinny,repeated_head,tile_16x32,tile,True,1310720,32,512,128,2097152,0.6,0.625,0.375,False,False,False
openvla,20,wide_skinny,repeated_head,tile_32x32,tile,True,1310720,32,512,128,2097152,0.6,0.625,0.375,False,False,False
openvla,20,wide_skinny,repeated_head,gemv_lane_64,gemv_lane,True,1310720,20,512,128,1310720,0.0,1.0,0.0,True,True,True
openvla,20,wide_skinny,repeated_head,gemv_lane_128,gemv_lane,True,1310720,20,512,128,1310720,0.0,1.0,0.0,True,True,True
openvla,20,wide_skinny,repeated_head,gemv_lane_256,gemv_lane,True,1310720,20,512,128,1310720,0.0,1.0,0.0,True,True,True
openvla,21,wide_skinny,repeated_head,tile_8x8,tile,True,1310720,24,128,512,1572864,0.2,0.833333,0.166667,False,False,True
openvla,21,wide_skinny,repeated_head,tile_8x16,tile,True,1310720,24,128,512,1572864,0.2,0.833333,0.166667,False,False,True
openvla,21,wide_skinny,repeated_head,tile_16x16,tile,True,1310720,32,128,512,2097152,0.6,0.625,0.375,False,False,False
openvla,21,wide_skinny,repeated_head,tile_16x32,tile,True,1310720,32,128,512,2097152,0.6,0.625,0.375,False,False,False
openvla,21,wide_skinny,repeated_head,tile_32x32,tile,True,1310720,32,128,512,2097152,0.6,0.625,0.375,False,False,False
openvla,21,wide_skinny,repeated_head,gemv_lane_64,gemv_lane,True,1310720,20,128,512,1310720,0.0,1.0,0.0,True,True,True
openvla,21,wide_skinny,repeated_head,gemv_lane_128,gemv_lane,True,1310720,20,128,512,1310720,0.0,1.0,0.0,True,True,True
openvla,21,wide_skinny,repeated_head,gemv_lane_256,gemv_lane,True,1310720,20,256,512,2621440,1.0,0.5,0.5,False,False,False
openvla,22,wide_skinny,repeated_head,tile_8x8,tile,True,655360,24,256,128,786432,0.2,0.833333,0.166667,False,False,True
openvla,22,wide_skinny,repeated_head,tile_8x16,tile,True,655360,24,256,128,786432,0.2,0.833333,0.166667,False,False,True
openvla,22,wide_skinny,repeated_head,tile_16x16,tile,True,655360,32,256,128,1048576,0.6,0.625,0.375,False,False,False
openvla,22,wide_skinny,repeated_head,tile_16x32,tile,True,655360,32,256,128,1048576,0.6,0.625,0.375,False,False,False
openvla,22,wide_skinny,repeated_head,tile_32x32,tile,True,655360,32,256,128,1048576,0.6,0.625,0.375,False,False,False
openvla,22,wide_skinny,repeated_head,gemv_lane_64,gemv_lane,True,655360,20,256,128,655360,0.0,1.0,0.0,True,True,True
openvla,22,wide_skinny,repeated_head,gemv_lane_128,gemv_lane,True,655360,20,256,128,655360,0.0,1.0,0.0,True,True,True
openvla,22,wide_skinny,repeated_head,gemv_lane_256,gemv_lane,True,655360,20,256,128,655360,0.0,1.0,0.0,True,True,True
openvla,23,wide_skinny,repeated_head,tile_8x8,tile,True,655360,24,256,128,786432,0.2,0.833333,0.166667,False,False,True
openvla,23,wide_skinny,repeated_head,tile_8x16,tile,True,655360,24,256,128,786432,0.2,0.833333,0.166667,False,False,True
openvla,23,wide_skinny,repeated_head,tile_16x16,tile,True,655360,32,256,128,1048576,0.6,0.625,0.375,False,False,False
openvla,23,wide_skinny,repeated_head,tile_16x32,tile,True,655360,32,256,128,1048576,0.6,0.625,0.375,False,False,False
openvla,23,wide_skinny,repeated_head,tile_32x32,tile,True,655360,32,256,128,1048576,0.6,0.625,0.375,False,False,False
openvla,23,wide_skinny,repeated_head,gemv_lane_64,gemv_lane,True,655360,20,256,128,655360,0.0,1.0,0.0,True,True,True
openvla,23,wide_skinny,repeated_head,gemv_lane_128,gemv_lane,True,655360,20,256,128,655360,0.0,1.0,0.0,True,True,True
openvla,23,wide_skinny,repeated_head,gemv_lane_256,gemv_lane,True,655360,20,256,128,655360,0.0,1.0,0.0,True,True,True
openvla,24,wide_skinny,repeated_head,tile_8x8,tile,True,655360,24,128,256,786432,0.2,0.833333,0.166667,False,False,True
openvla,24,wide_skinny,repeated_head,tile_8x16,tile,True,655360,24,128,256,786432,0.2,0.833333,0.166667,False,False,True
openvla,24,wide_skinny,repeated_head,tile_16x16,tile,True,655360,32,128,256,1048576,0.6,0.625,0.375,False,False,False
openvla,24,wide_skinny,repeated_head,tile_16x32,tile,True,655360,32,128,256,1048576,0.6,0.625,0.375,False,False,False
openvla,24,wide_skinny,repeated_head,tile_32x32,tile,True,655360,32,128,256,1048576,0.6,0.625,0.375,False,False,False
openvla,24,wide_skinny,repeated_head,gemv_lane_64,gemv_lane,True,655360,20,128,256,655360,0.0,1.0,0.0,True,True,True
openvla,24,wide_skinny,repeated_head,gemv_lane_128,gemv_lane,True,655360,20,128,256,655360,0.0,1.0,0.0,True,True,True
openvla,24,wide_skinny,repeated_head,gemv_lane_256,gemv_lane,True,655360,20,256,256,1310720,1.0,0.5,0.5,False,False,False
openvla,25,wide_skinny,repeated_head,tile_8x8,tile,True,1310720,24,512,128,1572864,0.2,0.833333,0.166667,False,False,True
openvla,25,wide_skinny,repeated_head,tile_8x16,tile,True,1310720,24,512,128,1572864,0.2,0.833333,0.166667,False,False,True
openvla,25,wide_skinny,repeated_head,tile_16x16,tile,True,1310720,32,512,128,2097152,0.6,0.625,0.375,False,False,False
openvla,25,wide_skinny,repeated_head,tile_16x32,tile,True,1310720,32,512,128,2097152,0.6,0.625,0.375,False,False,False
openvla,25,wide_skinny,repeated_head,tile_32x32,tile,True,1310720,32,512,128,2097152,0.6,0.625,0.375,False,False,False
openvla,25,wide_skinny,repeated_head,gemv_lane_64,gemv_lane,True,1310720,20,512,128,1310720,0.0,1.0,0.0,True,True,True
openvla,25,wide_skinny,repeated_head,gemv_lane_128,gemv_lane,True,1310720,20,512,128,1310720,0.0,1.0,0.0,True,True,True
openvla,25,wide_skinny,repeated_head,gemv_lane_256,gemv_lane,True,1310720,20,512,128,1310720,0.0,1.0,0.0,True,True,True
small_llama,0,wide_skinny,repeated_head,tile_8x8,tile,True,131072,8,128,128,131072,0.0,1.0,0.0,True,True,True
small_llama,0,wide_skinny,repeated_head,tile_8x16,tile,True,131072,8,128,128,131072,0.0,1.0,0.0,True,True,True
small_llama,0,wide_skinny,repeated_head,tile_16x16,tile,True,131072,16,128,128,262144,1.0,0.5,0.5,False,False,False
small_llama,0,wide_skinny,repeated_head,tile_16x32,tile,True,131072,16,128,128,262144,1.0,0.5,0.5,False,False,False
small_llama,0,wide_skinny,repeated_head,tile_32x32,tile,True,131072,32,128,128,524288,3.0,0.25,0.75,False,False,False
small_llama,0,wide_skinny,repeated_head,gemv_lane_64,gemv_lane,True,131072,8,128,128,131072,0.0,1.0,0.0,True,True,True
small_llama,0,wide_skinny,repeated_head,gemv_lane_128,gemv_lane,True,131072,8,128,128,131072,0.0,1.0,0.0,True,True,True
small_llama,0,wide_skinny,repeated_head,gemv_lane_256,gemv_lane,True,131072,8,256,128,262144,1.0,0.5,0.5,False,False,False
small_llama,1,wide_skinny,repeated_head,tile_8x8,tile,True,131072,8,128,128,131072,0.0,1.0,0.0,True,True,True
small_llama,1,wide_skinny,repeated_head,tile_8x16,tile,True,131072,8,128,128,131072,0.0,1.0,0.0,True,True,True
small_llama,1,wide_skinny,repeated_head,tile_16x16,tile,True,131072,16,128,128,262144,1.0,0.5,0.5,False,False,False
small_llama,1,wide_skinny,repeated_head,tile_16x32,tile,True,131072,16,128,128,262144,1.0,0.5,0.5,False,False,False
small_llama,1,wide_skinny,repeated_head,tile_32x32,tile,True,131072,32,128,128,524288,3.0,0.25,0.75,False,False,False
small_llama,1,wide_skinny,repeated_head,gemv_lane_64,gemv_lane,True,131072,8,128,128,131072,0.0,1.0,0.0,True,True,True
small_llama,1,wide_skinny,repeated_head,gemv_lane_128,gemv_lane,True,131072,8,128,128,131072,0.0,1.0,0.0,True,True,True
small_llama,1,wide_skinny,repeated_head,gemv_lane_256,gemv_lane,True,131072,8,256,128,262144,1.0,0.5,0.5,False,False,False
small_llama,2,wide_skinny,repeated_head,tile_8x8,tile,True,131072,8,128,128,131072,0.0,1.0,0.0,True,True,True
small_llama,2,wide_skinny,repeated_head,tile_8x16,tile,True,131072,8,128,128,131072,0.0,1.0,0.0,True,True,True
small_llama,2,wide_skinny,repeated_head,tile_16x16,tile,True,131072,16,128,128,262144,1.0,0.5,0.5,False,False,False
small_llama,2,wide_skinny,repeated_head,tile_16x32,tile,True,131072,16,128,128,262144,1.0,0.5,0.5,False,False,False
small_llama,2,wide_skinny,repeated_head,tile_32x32,tile,True,131072,32,128,128,524288,3.0,0.25,0.75,False,False,False
small_llama,2,wide_skinny,repeated_head,gemv_lane_64,gemv_lane,True,131072,8,128,128,131072,0.0,1.0,0.0,True,True,True
small_llama,2,wide_skinny,repeated_head,gemv_lane_128,gemv_lane,True,131072,8,128,128,131072,0.0,1.0,0.0,True,True,True
small_llama,2,wide_skinny,repeated_head,gemv_lane_256,gemv_lane,True,131072,8,256,128,262144,1.0,0.5,0.5,False,False,False
small_llama,3,wide_skinny,repeated_head,tile_8x8,tile,True,131072,8,128,128,131072,0.0,1.0,0.0,True,True,True
small_llama,3,wide_skinny,repeated_head,tile_8x16,tile,True,131072,8,128,128,131072,0.0,1.0,0.0,True,True,True
small_llama,3,wide_skinny,repeated_head,tile_16x16,tile,True,131072,16,128,128,262144,1.0,0.5,0.5,False,False,False
small_llama,3,wide_skinny,repeated_head,tile_16x32,tile,True,131072,16,128,128,262144,1.0,0.5,0.5,False,False,False
small_llama,3,wide_skinny,repeated_head,tile_32x32,tile,True,131072,32,128,128,524288,3.0,0.25,0.75,False,False,False
small_llama,3,wide_skinny,repeated_head,gemv_lane_64,gemv_lane,True,131072,8,128,128,131072,0.0,1.0,0.0,True,True,True
small_llama,3,wide_skinny,repeated_head,gemv_lane_128,gemv_lane,True,131072,8,128,128,131072,0.0,1.0,0.0,True,True,True
small_llama,3,wide_skinny,repeated_head,gemv_lane_256,gemv_lane,True,131072,8,256,128,262144,1.0,0.5,0.5,False,False,False
small_llama,4,wide_skinny,repeated_head,tile_8x8,tile,True,352256,8,344,128,352256,0.0,1.0,0.0,True,True,True
small_llama,4,wide_skinny,repeated_head,tile_8x16,tile,True,352256,8,352,128,360448,0.023256,0.977273,0.022727,True,True,True
small_llama,4,wide_skinny,repeated_head,tile_16x16,tile,True,352256,16,352,128,720896,1.046512,0.488636,0.511364,False,False,False
small_llama,4,wide_skinny,repeated_head,tile_16x32,tile,True,352256,16,352,128,720896,1.046512,0.488636,0.511364,False,False,False
small_llama,4,wide_skinny,repeated_head,tile_32x32,tile,True,352256,32,352,128,1441792,3.093023,0.244318,0.755682,False,False,False
small_llama,4,wide_skinny,repeated_head,gemv_lane_64,gemv_lane,True,352256,8,384,128,393216,0.116279,0.895833,0.104167,False,False,True
small_llama,4,wide_skinny,repeated_head,gemv_lane_128,gemv_lane,True,352256,8,384,128,393216,0.116279,0.895833,0.104167,False,False,True
small_llama,4,wide_skinny,repeated_head,gemv_lane_256,gemv_lane,True,352256,8,512,128,524288,0.488372,0.671875,0.328125,False,False,False
small_llama,5,wide_skinny,repeated_head,tile_8x8,tile,True,352256,8,344,128,352256,0.0,1.0,0.0,True,True,True
small_llama,5,wide_skinny,repeated_head,tile_8x16,tile,True,352256,8,352,128,360448,0.023256,0.977273,0.022727,True,True,True
small_llama,5,wide_skinny,repeated_head,tile_16x16,tile,True,352256,16,352,128,720896,1.046512,0.488636,0.511364,False,False,False
small_llama,5,wide_skinny,repeated_head,tile_16x32,tile,True,352256,16,352,128,720896,1.046512,0.488636,0.511364,False,False,False
small_llama,5,wide_skinny,repeated_head,tile_32x32,tile,True,352256,32,352,128,1441792,3.093023,0.244318,0.755682,False,False,False
small_llama,5,wide_skinny,repeated_head,gemv_lane_64,gemv_lane,True,352256,8,384,128,393216,0.116279,0.895833,0.104167,False,False,True
small_llama,5,wide_skinny,repeated_head,gemv_lane_128,gemv_lane,True,352256,8,384,128,393216,0.116279,0.895833,0.104167,False,False,True
small_llama,5,wide_skinny,repeated_head,gemv_lane_256,gemv_lane,True,352256,8,512,128,524288,0.488372,0.671875,0.328125,False,False,False
small_llama,6,wide_skinny,repeated_head,tile_8x8,tile,True,352256,8,128,344,352256,0.0,1.0,0.0,True,True,True
small_llama,6,wide_skinny,repeated_head,tile_8x16,tile,True,352256,8,128,344,352256,0.0,1.0,0.0,True,True,True
small_llama,6,wide_skinny,repeated_head,tile_16x16,tile,True,352256,16,128,344,704512,1.0,0.5,0.5,False,False,False
small_llama,6,wide_skinny,repeated_head,tile_16x32,tile,True,352256,16,128,344,704512,1.0,0.5,0.5,False,False,False
small_llama,6,wide_skinny,repeated_head,tile_32x32,tile,True,352256,32,128,344,1409024,3.0,0.25,0.75,False,False,False
small_llama,6,wide_skinny,repeated_head,gemv_lane_64,gemv_lane,True,352256,8,128,344,352256,0.0,1.0,0.0,True,True,True
small_llama,6,wide_skinny,repeated_head,gemv_lane_128,gemv_lane,True,352256,8,128,344,352256,0.0,1.0,0.0,True,True,True
small_llama,6,wide_skinny,repeated_head,gemv_lane_256,gemv_lane,True,352256,8,256,344,704512,1.0,0.5,0.5,False,False,False
small_llama,7,wide_skinny,repeated_head,tile_8x8,tile,True,131072,8,128,128,131072,0.0,1.0,0.0,True,True,True
small_llama,7,wide_skinny,repeated_head,tile_8x16,tile,True,131072,8,128,128,131072,0.0,1.0,0.0,True,True,True
small_llama,7,wide_skinny,repeated_head,tile_16x16,tile,True,131072,16,128,128,262144,1.0,0.5,0.5,False,False,False
small_llama,7,wide_skinny,repeated_head,tile_16x32,tile,True,131072,16,128,128,262144,1.0,0.5,0.5,False,False,False
small_llama,7,wide_skinny,repeated_head,tile_32x32,tile,True,131072,32,128,128,524288,3.0,0.25,0.75,False,False,False
small_llama,7,wide_skinny,repeated_head,gemv_lane_64,gemv_lane,True,131072,8,128,128,131072,0.0,1.0,0.0,True,True,True
small_llama,7,wide_skinny,repeated_head,gemv_lane_128,gemv_lane,True,131072,8,128,128,131072,0.0,1.0,0.0,True,True,True
small_llama,7,wide_skinny,repeated_head,gemv_lane_256,gemv_lane,True,131072,8,256,128,262144,1.0,0.5,0.5,False,False,False
small_llama,8,wide_skinny,repeated_head,tile_8x8,tile,True,131072,8,128,128,131072,0.0,1.0,0.0,True,True,True
small_llama,8,wide_skinny,repeated_head,tile_8x16,tile,True,131072,8,128,128,131072,0.0,1.0,0.0,True,True,True
small_llama,8,wide_skinny,repeated_head,tile_16x16,tile,True,131072,16,128,128,262144,1.0,0.5,0.5,False,False,False
small_llama,8,wide_skinny,repeated_head,tile_16x32,tile,True,131072,16,128,128,262144,1.0,0.5,0.5,False,False,False
small_llama,8,wide_skinny,repeated_head,tile_32x32,tile,True,131072,32,128,128,524288,3.0,0.25,0.75,False,False,False
small_llama,8,wide_skinny,repeated_head,gemv_lane_64,gemv_lane,True,131072,8,128,128,131072,0.0,1.0,0.0,True,True,True
small_llama,8,wide_skinny,repeated_head,gemv_lane_128,gemv_lane,True,131072,8,128,128,131072,0.0,1.0,0.0,True,True,True
small_llama,8,wide_skinny,repeated_head,gemv_lane_256,gemv_lane,True,131072,8,256,128,262144,1.0,0.5,0.5,False,False,False
small_llama,9,wide_skinny,repeated_head,tile_8x8,tile,True,131072,8,128,128,131072,0.0,1.0,0.0,True,True,True
small_llama,9,wide_skinny,repeated_head,tile_8x16,tile,True,131072,8,128,128,131072,0.0,1.0,0.0,True,True,True
small_llama,9,wide_skinny,repeated_head,tile_16x16,tile,True,131072,16,128,128,262144,1.0,0.5,0.5,False,False,False
small_llama,9,wide_skinny,repeated_head,tile_16x32,tile,True,131072,16,128,128,262144,1.0,0.5,0.5,False,False,False
small_llama,9,wide_skinny,repeated_head,tile_32x32,tile,True,131072,32,128,128,524288,3.0,0.25,0.75,False,False,False
small_llama,9,wide_skinny,repeated_head,gemv_lane_64,gemv_lane,True,131072,8,128,128,131072,0.0,1.0,0.0,True,True,True
small_llama,9,wide_skinny,repeated_head,gemv_lane_128,gemv_lane,True,131072,8,128,128,131072,0.0,1.0,0.0,True,True,True
small_llama,9,wide_skinny,repeated_head,gemv_lane_256,gemv_lane,True,131072,8,256,128,262144,1.0,0.5,0.5,False,False,False
small_llama,10,wide_skinny,repeated_head,tile_8x8,tile,True,131072,8,128,128,131072,0.0,1.0,0.0,True,True,True
small_llama,10,wide_skinny,repeated_head,tile_8x16,tile,True,131072,8,128,128,131072,0.0,1.0,0.0,True,True,True
small_llama,10,wide_skinny,repeated_head,tile_16x16,tile,True,131072,16,128,128,262144,1.0,0.5,0.5,False,False,False
small_llama,10,wide_skinny,repeated_head,tile_16x32,tile,True,131072,16,128,128,262144,1.0,0.5,0.5,False,False,False
small_llama,10,wide_skinny,repeated_head,tile_32x32,tile,True,131072,32,128,128,524288,3.0,0.25,0.75,False,False,False
small_llama,10,wide_skinny,repeated_head,gemv_lane_64,gemv_lane,True,131072,8,128,128,131072,0.0,1.0,0.0,True,True,True
small_llama,10,wide_skinny,repeated_head,gemv_lane_128,gemv_lane,True,131072,8,128,128,131072,0.0,1.0,0.0,True,True,True
small_llama,10,wide_skinny,repeated_head,gemv_lane_256,gemv_lane,True,131072,8,256,128,262144,1.0,0.5,0.5,False,False,False
small_llama,11,wide_skinny,repeated_head,tile_8x8,tile,True,352256,8,344,128,352256,0.0,1.0,0.0,True,True,True
small_llama,11,wide_skinny,repeated_head,tile_8x16,tile,True,352256,8,352,128,360448,0.023256,0.977273,0.022727,True,True,True
small_llama,11,wide_skinny,repeated_head,tile_16x16,tile,True,352256,16,352,128,720896,1.046512,0.488636,0.511364,False,False,False
small_llama,11,wide_skinny,repeated_head,tile_16x32,tile,True,352256,16,352,128,720896,1.046512,0.488636,0.511364,False,False,False
small_llama,11,wide_skinny,repeated_head,tile_32x32,tile,True,352256,32,352,128,1441792,3.093023,0.244318,0.755682,False,False,False
small_llama,11,wide_skinny,repeated_head,gemv_lane_64,gemv_lane,True,352256,8,384,128,393216,0.116279,0.895833,0.104167,False,False,True
small_llama,11,wide_skinny,repeated_head,gemv_lane_128,gemv_lane,True,352256,8,384,128,393216,0.116279,0.895833,0.104167,False,False,True
small_llama,11,wide_skinny,repeated_head,gemv_lane_256,gemv_lane,True,352256,8,512,128,524288,0.488372,0.671875,0.328125,False,False,False
small_llama,12,wide_skinny,repeated_head,tile_8x8,tile,True,352256,8,344,128,352256,0.0,1.0,0.0,True,True,True
small_llama,12,wide_skinny,repeated_head,tile_8x16,tile,True,352256,8,352,128,360448,0.023256,0.977273,0.022727,True,True,True
small_llama,12,wide_skinny,repeated_head,tile_16x16,tile,True,352256,16,352,128,720896,1.046512,0.488636,0.511364,False,False,False
small_llama,12,wide_skinny,repeated_head,tile_16x32,tile,True,352256,16,352,128,720896,1.046512,0.488636,0.511364,False,False,False
small_llama,12,wide_skinny,repeated_head,tile_32x32,tile,True,352256,32,352,128,1441792,3.093023,0.244318,0.755682,False,False,False
small_llama,12,wide_skinny,repeated_head,gemv_lane_64,gemv_lane,True,352256,8,384,128,393216,0.116279,0.895833,0.104167,False,False,True
small_llama,12,wide_skinny,repeated_head,gemv_lane_128,gemv_lane,True,352256,8,384,128,393216,0.116279,0.895833,0.104167,False,False,True
small_llama,12,wide_skinny,repeated_head,gemv_lane_256,gemv_lane,True,352256,8,512,128,524288,0.488372,0.671875,0.328125,False,False,False
small_llama,13,wide_skinny,repeated_head,tile_8x8,tile,True,352256,8,128,344,352256,0.0,1.0,0.0,True,True,True
small_llama,13,wide_skinny,repeated_head,tile_8x16,tile,True,352256,8,128,344,352256,0.0,1.0,0.0,True,True,True
small_llama,13,wide_skinny,repeated_head,tile_16x16,tile,True,352256,16,128,344,704512,1.0,0.5,0.5,False,False,False
small_llama,13,wide_skinny,repeated_head,tile_16x32,tile,True,352256,16,128,344,704512,1.0,0.5,0.5,False,False,False
small_llama,13,wide_skinny,repeated_head,tile_32x32,tile,True,352256,32,128,344,1409024,3.0,0.25,0.75,False,False,False
small_llama,13,wide_skinny,repeated_head,gemv_lane_64,gemv_lane,True,352256,8,128,344,352256,0.0,1.0,0.0,True,True,True
small_llama,13,wide_skinny,repeated_head,gemv_lane_128,gemv_lane,True,352256,8,128,344,352256,0.0,1.0,0.0,True,True,True
small_llama,13,wide_skinny,repeated_head,gemv_lane_256,gemv_lane,True,352256,8,256,344,704512,1.0,0.5,0.5,False,False,False
small_llama,14,wide_skinny,repeated_head,tile_8x8,tile,True,262144,8,256,128,262144,0.0,1.0,0.0,True,True,True
small_llama,14,wide_skinny,repeated_head,tile_8x16,tile,True,262144,8,256,128,262144,0.0,1.0,0.0,True,True,True
small_llama,14,wide_skinny,repeated_head,tile_16x16,tile,True,262144,16,256,128,524288,1.0,0.5,0.5,False,False,False
small_llama,14,wide_skinny,repeated_head,tile_16x32,tile,True,262144,16,256,128,524288,1.0,0.5,0.5,False,False,False
small_llama,14,wide_skinny,repeated_head,tile_32x32,tile,True,262144,32,256,128,1048576,3.0,0.25,0.75,False,False,False
small_llama,14,wide_skinny,repeated_head,gemv_lane_64,gemv_lane,True,262144,8,256,128,262144,0.0,1.0,0.0,True,True,True
small_llama,14,wide_skinny,repeated_head,gemv_lane_128,gemv_lane,True,262144,8,256,128,262144,0.0,1.0,0.0,True,True,True
small_llama,14,wide_skinny,repeated_head,gemv_lane_256,gemv_lane,True,262144,8,256,128,262144,0.0,1.0,0.0,True,True,True
tiny_llama,0,gemv_like,repeated_head,tile_8x8,tile,True,16777216,8,2048,2048,33554432,1.0,0.5,0.5,False,False,False
tiny_llama,0,gemv_like,repeated_head,tile_8x16,tile,True,16777216,8,2048,2048,33554432,1.0,0.5,0.5,False,False,False
tiny_llama,0,gemv_like,repeated_head,tile_16x16,tile,True,16777216,16,2048,2048,67108864,3.0,0.25,0.75,False,False,False
tiny_llama,0,gemv_like,repeated_head,tile_16x32,tile,True,16777216,16,2048,2048,67108864,3.0,0.25,0.75,False,False,False
tiny_llama,0,gemv_like,repeated_head,tile_32x32,tile,True,16777216,32,2048,2048,134217728,7.0,0.125,0.875,False,False,False
tiny_llama,0,gemv_like,repeated_head,gemv_lane_64,gemv_lane,True,16777216,4,2048,2048,16777216,0.0,1.0,0.0,True,True,True
tiny_llama,0,gemv_like,repeated_head,gemv_lane_128,gemv_lane,True,16777216,4,2048,2048,16777216,0.0,1.0,0.0,True,True,True
tiny_llama,0,gemv_like,repeated_head,gemv_lane_256,gemv_lane,True,16777216,4,2048,2048,16777216,0.0,1.0,0.0,True,True,True
tiny_llama,1,gemv_like,repeated_head,tile_8x8,tile,True,2097152,8,256,2048,4194304,1.0,0.5,0.5,False,False,False
tiny_llama,1,gemv_like,repeated_head,tile_8x16,tile,True,2097152,8,256,2048,4194304,1.0,0.5,0.5,False,False,False
tiny_llama,1,gemv_like,repeated_head,tile_16x16,tile,True,2097152,16,256,2048,8388608,3.0,0.25,0.75,False,False,False
tiny_llama,1,gemv_like,repeated_head,tile_16x32,tile,True,2097152,16,256,2048,8388608,3.0,0.25,0.75,False,False,False
tiny_llama,1,gemv_like,repeated_head,tile_32x32,tile,True,2097152,32,256,2048,16777216,7.0,0.125,0.875,False,False,False
tiny_llama,1,gemv_like,repeated_head,gemv_lane_64,gemv_lane,True,2097152,4,256,2048,2097152,0.0,1.0,0.0,True,True,True
tiny_llama,1,gemv_like,repeated_head,gemv_lane_128,gemv_lane,True,2097152,4,256,2048,2097152,0.0,1.0,0.0,True,True,True
tiny_llama,1,gemv_like,repeated_head,gemv_lane_256,gemv_lane,True,2097152,4,256,2048,2097152,0.0,1.0,0.0,True,True,True
tiny_llama,2,gemv_like,repeated_head,tile_8x8,tile,True,2097152,8,256,2048,4194304,1.0,0.5,0.5,False,False,False
tiny_llama,2,gemv_like,repeated_head,tile_8x16,tile,True,2097152,8,256,2048,4194304,1.0,0.5,0.5,False,False,False
tiny_llama,2,gemv_like,repeated_head,tile_16x16,tile,True,2097152,16,256,2048,8388608,3.0,0.25,0.75,False,False,False
tiny_llama,2,gemv_like,repeated_head,tile_16x32,tile,True,2097152,16,256,2048,8388608,3.0,0.25,0.75,False,False,False
tiny_llama,2,gemv_like,repeated_head,tile_32x32,tile,True,2097152,32,256,2048,16777216,7.0,0.125,0.875,False,False,False
tiny_llama,2,gemv_like,repeated_head,gemv_lane_64,gemv_lane,True,2097152,4,256,2048,2097152,0.0,1.0,0.0,True,True,True
tiny_llama,2,gemv_like,repeated_head,gemv_lane_128,gemv_lane,True,2097152,4,256,2048,2097152,0.0,1.0,0.0,True,True,True
tiny_llama,2,gemv_like,repeated_head,gemv_lane_256,gemv_lane,True,2097152,4,256,2048,2097152,0.0,1.0,0.0,True,True,True
tiny_llama,3,gemv_like,repeated_head,tile_8x8,tile,True,16777216,8,2048,2048,33554432,1.0,0.5,0.5,False,False,False
tiny_llama,3,gemv_like,repeated_head,tile_8x16,tile,True,16777216,8,2048,2048,33554432,1.0,0.5,0.5,False,False,False
tiny_llama,3,gemv_like,repeated_head,tile_16x16,tile,True,16777216,16,2048,2048,67108864,3.0,0.25,0.75,False,False,False
tiny_llama,3,gemv_like,repeated_head,tile_16x32,tile,True,16777216,16,2048,2048,67108864,3.0,0.25,0.75,False,False,False
tiny_llama,3,gemv_like,repeated_head,tile_32x32,tile,True,16777216,32,2048,2048,134217728,7.0,0.125,0.875,False,False,False
tiny_llama,3,gemv_like,repeated_head,gemv_lane_64,gemv_lane,True,16777216,4,2048,2048,16777216,0.0,1.0,0.0,True,True,True
tiny_llama,3,gemv_like,repeated_head,gemv_lane_128,gemv_lane,True,16777216,4,2048,2048,16777216,0.0,1.0,0.0,True,True,True
tiny_llama,3,gemv_like,repeated_head,gemv_lane_256,gemv_lane,True,16777216,4,2048,2048,16777216,0.0,1.0,0.0,True,True,True
tiny_llama,4,gemv_like,repeated_head,tile_8x8,tile,True,46137344,8,5632,2048,92274688,1.0,0.5,0.5,False,False,False
tiny_llama,4,gemv_like,repeated_head,tile_8x16,tile,True,46137344,8,5632,2048,92274688,1.0,0.5,0.5,False,False,False
tiny_llama,4,gemv_like,repeated_head,tile_16x16,tile,True,46137344,16,5632,2048,184549376,3.0,0.25,0.75,False,False,False
tiny_llama,4,gemv_like,repeated_head,tile_16x32,tile,True,46137344,16,5632,2048,184549376,3.0,0.25,0.75,False,False,False
tiny_llama,4,gemv_like,repeated_head,tile_32x32,tile,True,46137344,32,5632,2048,369098752,7.0,0.125,0.875,False,False,False
tiny_llama,4,gemv_like,repeated_head,gemv_lane_64,gemv_lane,True,46137344,4,5632,2048,46137344,0.0,1.0,0.0,True,True,True
tiny_llama,4,gemv_like,repeated_head,gemv_lane_128,gemv_lane,True,46137344,4,5632,2048,46137344,0.0,1.0,0.0,True,True,True
tiny_llama,4,gemv_like,repeated_head,gemv_lane_256,gemv_lane,True,46137344,4,5632,2048,46137344,0.0,1.0,0.0,True,True,True
tiny_llama,5,gemv_like,repeated_head,tile_8x8,tile,True,46137344,8,5632,2048,92274688,1.0,0.5,0.5,False,False,False
tiny_llama,5,gemv_like,repeated_head,tile_8x16,tile,True,46137344,8,5632,2048,92274688,1.0,0.5,0.5,False,False,False
tiny_llama,5,gemv_like,repeated_head,tile_16x16,tile,True,46137344,16,5632,2048,184549376,3.0,0.25,0.75,False,False,False
tiny_llama,5,gemv_like,repeated_head,tile_16x32,tile,True,46137344,16,5632,2048,184549376,3.0,0.25,0.75,False,False,False
tiny_llama,5,gemv_like,repeated_head,tile_32x32,tile,True,46137344,32,5632,2048,369098752,7.0,0.125,0.875,False,False,False
tiny_llama,5,gemv_like,repeated_head,gemv_lane_64,gemv_lane,True,46137344,4,5632,2048,46137344,0.0,1.0,0.0,True,True,True
tiny_llama,5,gemv_like,repeated_head,gemv_lane_128,gemv_lane,True,46137344,4,5632,2048,46137344,0.0,1.0,0.0,True,True,True
tiny_llama,5,gemv_like,repeated_head,gemv_lane_256,gemv_lane,True,46137344,4,5632,2048,46137344,0.0,1.0,0.0,True,True,True
tiny_llama,6,gemv_like,repeated_head,tile_8x8,tile,True,46137344,8,2048,5632,92274688,1.0,0.5,0.5,False,False,False
tiny_llama,6,gemv_like,repeated_head,tile_8x16,tile,True,46137344,8,2048,5632,92274688,1.0,0.5,0.5,False,False,False
tiny_llama,6,gemv_like,repeated_head,tile_16x16,tile,True,46137344,16,2048,5632,184549376,3.0,0.25,0.75,False,False,False
tiny_llama,6,gemv_like,repeated_head,tile_16x32,tile,True,46137344,16,2048,5632,184549376,3.0,0.25,0.75,False,False,False
tiny_llama,6,gemv_like,repeated_head,tile_32x32,tile,True,46137344,32,2048,5632,369098752,7.0,0.125,0.875,False,False,False
tiny_llama,6,gemv_like,repeated_head,gemv_lane_64,gemv_lane,True,46137344,4,2048,5632,46137344,0.0,1.0,0.0,True,True,True
tiny_llama,6,gemv_like,repeated_head,gemv_lane_128,gemv_lane,True,46137344,4,2048,5632,46137344,0.0,1.0,0.0,True,True,True
tiny_llama,6,gemv_like,repeated_head,gemv_lane_256,gemv_lane,True,46137344,4,2048,5632,46137344,0.0,1.0,0.0,True,True,True
tiny_llama,7,gemv_like,repeated_head,tile_8x8,tile,True,16777216,8,2048,2048,33554432,1.0,0.5,0.5,False,False,False
tiny_llama,7,gemv_like,repeated_head,tile_8x16,tile,True,16777216,8,2048,2048,33554432,1.0,0.5,0.5,False,False,False
tiny_llama,7,gemv_like,repeated_head,tile_16x16,tile,True,16777216,16,2048,2048,67108864,3.0,0.25,0.75,False,False,False
tiny_llama,7,gemv_like,repeated_head,tile_16x32,tile,True,16777216,16,2048,2048,67108864,3.0,0.25,0.75,False,False,False
tiny_llama,7,gemv_like,repeated_head,tile_32x32,tile,True,16777216,32,2048,2048,134217728,7.0,0.125,0.875,False,False,False
tiny_llama,7,gemv_like,repeated_head,gemv_lane_64,gemv_lane,True,16777216,4,2048,2048,16777216,0.0,1.0,0.0,True,True,True
tiny_llama,7,gemv_like,repeated_head,gemv_lane_128,gemv_lane,True,16777216,4,2048,2048,16777216,0.0,1.0,0.0,True,True,True
tiny_llama,7,gemv_like,repeated_head,gemv_lane_256,gemv_lane,True,16777216,4,2048,2048,16777216,0.0,1.0,0.0,True,True,True
tiny_llama,8,gemv_like,repeated_head,tile_8x8,tile,True,2097152,8,256,2048,4194304,1.0,0.5,0.5,False,False,False
tiny_llama,8,gemv_like,repeated_head,tile_8x16,tile,True,2097152,8,256,2048,4194304,1.0,0.5,0.5,False,False,False
tiny_llama,8,gemv_like,repeated_head,tile_16x16,tile,True,2097152,16,256,2048,8388608,3.0,0.25,0.75,False,False,False
tiny_llama,8,gemv_like,repeated_head,tile_16x32,tile,True,2097152,16,256,2048,8388608,3.0,0.25,0.75,False,False,False
tiny_llama,8,gemv_like,repeated_head,tile_32x32,tile,True,2097152,32,256,2048,16777216,7.0,0.125,0.875,False,False,False
tiny_llama,8,gemv_like,repeated_head,gemv_lane_64,gemv_lane,True,2097152,4,256,2048,2097152,0.0,1.0,0.0,True,True,True
tiny_llama,8,gemv_like,repeated_head,gemv_lane_128,gemv_lane,True,2097152,4,256,2048,2097152,0.0,1.0,0.0,True,True,True
tiny_llama,8,gemv_like,repeated_head,gemv_lane_256,gemv_lane,True,2097152,4,256,2048,2097152,0.0,1.0,0.0,True,True,True
tiny_llama,9,gemv_like,repeated_head,tile_8x8,tile,True,2097152,8,256,2048,4194304,1.0,0.5,0.5,False,False,False
tiny_llama,9,gemv_like,repeated_head,tile_8x16,tile,True,2097152,8,256,2048,4194304,1.0,0.5,0.5,False,False,False
tiny_llama,9,gemv_like,repeated_head,tile_16x16,tile,True,2097152,16,256,2048,8388608,3.0,0.25,0.75,False,False,False
tiny_llama,9,gemv_like,repeated_head,tile_16x32,tile,True,2097152,16,256,2048,8388608,3.0,0.25,0.75,False,False,False
tiny_llama,9,gemv_like,repeated_head,tile_32x32,tile,True,2097152,32,256,2048,16777216,7.0,0.125,0.875,False,False,False
tiny_llama,9,gemv_like,repeated_head,gemv_lane_64,gemv_lane,True,2097152,4,256,2048,2097152,0.0,1.0,0.0,True,True,True
tiny_llama,9,gemv_like,repeated_head,gemv_lane_128,gemv_lane,True,2097152,4,256,2048,2097152,0.0,1.0,0.0,True,True,True
tiny_llama,9,gemv_like,repeated_head,gemv_lane_256,gemv_lane,True,2097152,4,256,2048,2097152,0.0,1.0,0.0,True,True,True
tiny_llama,10,gemv_like,repeated_head,tile_8x8,tile,True,16777216,8,2048,2048,33554432,1.0,0.5,0.5,False,False,False
tiny_llama,10,gemv_like,repeated_head,tile_8x16,tile,True,16777216,8,2048,2048,33554432,1.0,0.5,0.5,False,False,False
tiny_llama,10,gemv_like,repeated_head,tile_16x16,tile,True,16777216,16,2048,2048,67108864,3.0,0.25,0.75,False,False,False
tiny_llama,10,gemv_like,repeated_head,tile_16x32,tile,True,16777216,16,2048,2048,67108864,3.0,0.25,0.75,False,False,False
tiny_llama,10,gemv_like,repeated_head,tile_32x32,tile,True,16777216,32,2048,2048,134217728,7.0,0.125,0.875,False,False,False
tiny_llama,10,gemv_like,repeated_head,gemv_lane_64,gemv_lane,True,16777216,4,2048,2048,16777216,0.0,1.0,0.0,True,True,True
tiny_llama,10,gemv_like,repeated_head,gemv_lane_128,gemv_lane,True,16777216,4,2048,2048,16777216,0.0,1.0,0.0,True,True,True
tiny_llama,10,gemv_like,repeated_head,gemv_lane_256,gemv_lane,True,16777216,4,2048,2048,16777216,0.0,1.0,0.0,True,True,True
tiny_llama,11,gemv_like,repeated_head,tile_8x8,tile,True,46137344,8,5632,2048,92274688,1.0,0.5,0.5,False,False,False
tiny_llama,11,gemv_like,repeated_head,tile_8x16,tile,True,46137344,8,5632,2048,92274688,1.0,0.5,0.5,False,False,False
tiny_llama,11,gemv_like,repeated_head,tile_16x16,tile,True,46137344,16,5632,2048,184549376,3.0,0.25,0.75,False,False,False
tiny_llama,11,gemv_like,repeated_head,tile_16x32,tile,True,46137344,16,5632,2048,184549376,3.0,0.25,0.75,False,False,False
tiny_llama,11,gemv_like,repeated_head,tile_32x32,tile,True,46137344,32,5632,2048,369098752,7.0,0.125,0.875,False,False,False
tiny_llama,11,gemv_like,repeated_head,gemv_lane_64,gemv_lane,True,46137344,4,5632,2048,46137344,0.0,1.0,0.0,True,True,True
tiny_llama,11,gemv_like,repeated_head,gemv_lane_128,gemv_lane,True,46137344,4,5632,2048,46137344,0.0,1.0,0.0,True,True,True
tiny_llama,11,gemv_like,repeated_head,gemv_lane_256,gemv_lane,True,46137344,4,5632,2048,46137344,0.0,1.0,0.0,True,True,True
tiny_llama,12,gemv_like,repeated_head,tile_8x8,tile,True,46137344,8,5632,2048,92274688,1.0,0.5,0.5,False,False,False
tiny_llama,12,gemv_like,repeated_head,tile_8x16,tile,True,46137344,8,5632,2048,92274688,1.0,0.5,0.5,False,False,False
tiny_llama,12,gemv_like,repeated_head,tile_16x16,tile,True,46137344,16,5632,2048,184549376,3.0,0.25,0.75,False,False,False
tiny_llama,12,gemv_like,repeated_head,tile_16x32,tile,True,46137344,16,5632,2048,184549376,3.0,0.25,0.75,False,False,False
tiny_llama,12,gemv_like,repeated_head,tile_32x32,tile,True,46137344,32,5632,2048,369098752,7.0,0.125,0.875,False,False,False
tiny_llama,12,gemv_like,repeated_head,gemv_lane_64,gemv_lane,True,46137344,4,5632,2048,46137344,0.0,1.0,0.0,True,True,True
tiny_llama,12,gemv_like,repeated_head,gemv_lane_128,gemv_lane,True,46137344,4,5632,2048,46137344,0.0,1.0,0.0,True,True,True
tiny_llama,12,gemv_like,repeated_head,gemv_lane_256,gemv_lane,True,46137344,4,5632,2048,46137344,0.0,1.0,0.0,True,True,True
tiny_llama,13,gemv_like,repeated_head,tile_8x8,tile,True,46137344,8,2048,5632,92274688,1.0,0.5,0.5,False,False,False
tiny_llama,13,gemv_like,repeated_head,tile_8x16,tile,True,46137344,8,2048,5632,92274688,1.0,0.5,0.5,False,False,False
tiny_llama,13,gemv_like,repeated_head,tile_16x16,tile,True,46137344,16,2048,5632,184549376,3.0,0.25,0.75,False,False,False
tiny_llama,13,gemv_like,repeated_head,tile_16x32,tile,True,46137344,16,2048,5632,184549376,3.0,0.25,0.75,False,False,False
tiny_llama,13,gemv_like,repeated_head,tile_32x32,tile,True,46137344,32,2048,5632,369098752,7.0,0.125,0.875,False,False,False
tiny_llama,13,gemv_like,repeated_head,gemv_lane_64,gemv_lane,True,46137344,4,2048,5632,46137344,0.0,1.0,0.0,True,True,True
tiny_llama,13,gemv_like,repeated_head,gemv_lane_128,gemv_lane,True,46137344,4,2048,5632,46137344,0.0,1.0,0.0,True,True,True
tiny_llama,13,gemv_like,repeated_head,gemv_lane_256,gemv_lane,True,46137344,4,2048,5632,46137344,0.0,1.0,0.0,True,True,True
tiny_llama,14,gemv_like,repeated_head,tile_8x8,tile,True,262144000,8,32000,2048,524288000,1.0,0.5,0.5,False,False,False
tiny_llama,14,gemv_like,repeated_head,tile_8x16,tile,True,262144000,8,32000,2048,524288000,1.0,0.5,0.5,False,False,False
tiny_llama,14,gemv_like,repeated_head,tile_16x16,tile,True,262144000,16,32000,2048,1048576000,3.0,0.25,0.75,False,False,False
tiny_llama,14,gemv_like,repeated_head,tile_16x32,tile,True,262144000,16,32000,2048,1048576000,3.0,0.25,0.75,False,False,False
tiny_llama,14,gemv_like,repeated_head,tile_32x32,tile,True,262144000,32,32000,2048,2097152000,7.0,0.125,0.875,False,False,False
tiny_llama,14,gemv_like,repeated_head,gemv_lane_64,gemv_lane,True,262144000,4,32000,2048,262144000,0.0,1.0,0.0,True,True,True
tiny_llama,14,gemv_like,repeated_head,gemv_lane_128,gemv_lane,True,262144000,4,32000,2048,262144000,0.0,1.0,0.0,True,True,True
tiny_llama,14,gemv_like,repeated_head,gemv_lane_256,gemv_lane,True,262144000,4,32000,2048,262144000,0.0,1.0,0.0,True,True,True
rdt2,0,gemv_like,repeated_head,tile_8x8,tile,True,262144,8,1024,256,2097152,7.0,0.125,0.875,False,False,False
rdt2,0,gemv_like,repeated_head,tile_8x16,tile,True,262144,8,1024,256,2097152,7.0,0.125,0.875,False,False,False
rdt2,0,gemv_like,repeated_head,tile_16x16,tile,True,262144,16,1024,256,4194304,15.0,0.0625,0.9375,False,False,False
rdt2,0,gemv_like,repeated_head,tile_16x32,tile,True,262144,16,1024,256,4194304,15.0,0.0625,0.9375,False,False,False
rdt2,0,gemv_like,repeated_head,tile_32x32,tile,True,262144,32,1024,256,8388608,31.0,0.03125,0.96875,False,False,False
rdt2,0,gemv_like,repeated_head,gemv_lane_64,gemv_lane,True,262144,1,1024,256,262144,0.0,1.0,0.0,True,True,True
rdt2,0,gemv_like,repeated_head,gemv_lane_128,gemv_lane,True,262144,1,1024,256,262144,0.0,1.0,0.0,True,True,True
rdt2,0,gemv_like,repeated_head,gemv_lane_256,gemv_lane,True,262144,1,1024,256,262144,0.0,1.0,0.0,True,True,True
rdt2,1,gemv_like,repeated_head,tile_8x8,tile,True,1048576,8,1024,1024,8388608,7.0,0.125,0.875,False,False,False
rdt2,1,gemv_like,repeated_head,tile_8x16,tile,True,1048576,8,1024,1024,8388608,7.0,0.125,0.875,False,False,False
rdt2,1,gemv_like,repeated_head,tile_16x16,tile,True,1048576,16,1024,1024,16777216,15.0,0.0625,0.9375,False,False,False
rdt2,1,gemv_like,repeated_head,tile_16x32,tile,True,1048576,16,1024,1024,16777216,15.0,0.0625,0.9375,False,False,False
rdt2,1,gemv_like,repeated_head,tile_32x32,tile,True,1048576,32,1024,1024,33554432,31.0,0.03125,0.96875,False,False,False
rdt2,1,gemv_like,repeated_head,gemv_lane_64,gemv_lane,True,1048576,1,1024,1024,1048576,0.0,1.0,0.0,True,True,True
rdt2,1,gemv_like,repeated_head,gemv_lane_128,gemv_lane,True,1048576,1,1024,1024,1048576,0.0,1.0,0.0,True,True,True
rdt2,1,gemv_like,repeated_head,gemv_lane_256,gemv_lane,True,1048576,1,1024,1024,1048576,0.0,1.0,0.0,True,True,True
rdt2,2,gemv_like,repeated_head,tile_8x8,tile,True,18874368,8,9216,2048,150994944,7.0,0.125,0.875,False,False,False
rdt2,2,gemv_like,repeated_head,tile_8x16,tile,True,18874368,8,9216,2048,150994944,7.0,0.125,0.875,False,False,False
rdt2,2,gemv_like,repeated_head,tile_16x16,tile,True,18874368,16,9216,2048,301989888,15.0,0.0625,0.9375,False,False,False
rdt2,2,gemv_like,repeated_head,tile_16x32,tile,True,18874368,16,9216,2048,301989888,15.0,0.0625,0.9375,False,False,False
rdt2,2,gemv_like,repeated_head,tile_32x32,tile,True,18874368,32,9216,2048,603979776,31.0,0.03125,0.96875,False,False,False
rdt2,2,gemv_like,repeated_head,gemv_lane_64,gemv_lane,True,18874368,1,9216,2048,18874368,0.0,1.0,0.0,True,True,True
rdt2,2,gemv_like,repeated_head,gemv_lane_128,gemv_lane,True,18874368,1,9216,2048,18874368,0.0,1.0,0.0,True,True,True
rdt2,2,gemv_like,repeated_head,gemv_lane_256,gemv_lane,True,18874368,1,9216,2048,18874368,0.0,1.0,0.0,True,True,True
rdt2,3,wide_skinny,repeated_head,tile_8x8,tile,True,29360128,32,1024,1024,33554432,0.142857,0.875,0.125,False,False,True
rdt2,3,wide_skinny,repeated_head,tile_8x16,tile,True,29360128,32,1024,1024,33554432,0.142857,0.875,0.125,False,False,True
rdt2,3,wide_skinny,repeated_head,tile_16x16,tile,True,29360128,32,1024,1024,33554432,0.142857,0.875,0.125,False,False,True
rdt2,3,wide_skinny,repeated_head,tile_16x32,tile,True,29360128,32,1024,1024,33554432,0.142857,0.875,0.125,False,False,True
rdt2,3,wide_skinny,repeated_head,tile_32x32,tile,True,29360128,32,1024,1024,33554432,0.142857,0.875,0.125,False,False,True
rdt2,3,wide_skinny,repeated_head,gemv_lane_64,gemv_lane,True,29360128,28,1024,1024,29360128,0.0,1.0,0.0,True,True,True
rdt2,3,wide_skinny,repeated_head,gemv_lane_128,gemv_lane,True,29360128,28,1024,1024,29360128,0.0,1.0,0.0,True,True,True
rdt2,3,wide_skinny,repeated_head,gemv_lane_256,gemv_lane,True,29360128,28,1024,1024,29360128,0.0,1.0,0.0,True,True,True
rdt2,4,wide_skinny,repeated_head,tile_8x8,tile,True,29360128,32,1024,1024,33554432,0.142857,0.875,0.125,False,False,True
rdt2,4,wide_skinny,repeated_head,tile_8x16,tile,True,29360128,32,1024,1024,33554432,0.142857,0.875,0.125,False,False,True
rdt2,4,wide_skinny,repeated_head,tile_16x16,tile,True,29360128,32,1024,1024,33554432,0.142857,0.875,0.125,False,False,True
rdt2,4,wide_skinny,repeated_head,tile_16x32,tile,True,29360128,32,1024,1024,33554432,0.142857,0.875,0.125,False,False,True
rdt2,4,wide_skinny,repeated_head,tile_32x32,tile,True,29360128,32,1024,1024,33554432,0.142857,0.875,0.125,False,False,True
rdt2,4,wide_skinny,repeated_head,gemv_lane_64,gemv_lane,True,29360128,28,1024,1024,29360128,0.0,1.0,0.0,True,True,True
rdt2,4,wide_skinny,repeated_head,gemv_lane_128,gemv_lane,True,29360128,28,1024,1024,29360128,0.0,1.0,0.0,True,True,True
rdt2,4,wide_skinny,repeated_head,gemv_lane_256,gemv_lane,True,29360128,28,1024,1024,29360128,0.0,1.0,0.0,True,True,True
rdt2,5,wide_skinny,repeated_head,tile_8x8,tile,True,29360128,32,1024,1024,33554432,0.142857,0.875,0.125,False,False,True
rdt2,5,wide_skinny,repeated_head,tile_8x16,tile,True,29360128,32,1024,1024,33554432,0.142857,0.875,0.125,False,False,True
rdt2,5,wide_skinny,repeated_head,tile_16x16,tile,True,29360128,32,1024,1024,33554432,0.142857,0.875,0.125,False,False,True
rdt2,5,wide_skinny,repeated_head,tile_16x32,tile,True,29360128,32,1024,1024,33554432,0.142857,0.875,0.125,False,False,True
rdt2,5,wide_skinny,repeated_head,tile_32x32,tile,True,29360128,32,1024,1024,33554432,0.142857,0.875,0.125,False,False,True
rdt2,5,wide_skinny,repeated_head,gemv_lane_64,gemv_lane,True,29360128,28,1024,1024,29360128,0.0,1.0,0.0,True,True,True
rdt2,5,wide_skinny,repeated_head,gemv_lane_128,gemv_lane,True,29360128,28,1024,1024,29360128,0.0,1.0,0.0,True,True,True
rdt2,5,wide_skinny,repeated_head,gemv_lane_256,gemv_lane,True,29360128,28,1024,1024,29360128,0.0,1.0,0.0,True,True,True
rdt2,6,wide_skinny,repeated_head,tile_8x8,tile,True,29360128,32,1024,1024,33554432,0.142857,0.875,0.125,False,False,True
rdt2,6,wide_skinny,repeated_head,tile_8x16,tile,True,29360128,32,1024,1024,33554432,0.142857,0.875,0.125,False,False,True
rdt2,6,wide_skinny,repeated_head,tile_16x16,tile,True,29360128,32,1024,1024,33554432,0.142857,0.875,0.125,False,False,True
rdt2,6,wide_skinny,repeated_head,tile_16x32,tile,True,29360128,32,1024,1024,33554432,0.142857,0.875,0.125,False,False,True
rdt2,6,wide_skinny,repeated_head,tile_32x32,tile,True,29360128,32,1024,1024,33554432,0.142857,0.875,0.125,False,False,True
rdt2,6,wide_skinny,repeated_head,gemv_lane_64,gemv_lane,True,29360128,28,1024,1024,29360128,0.0,1.0,0.0,True,True,True
rdt2,6,wide_skinny,repeated_head,gemv_lane_128,gemv_lane,True,29360128,28,1024,1024,29360128,0.0,1.0,0.0,True,True,True
rdt2,6,wide_skinny,repeated_head,gemv_lane_256,gemv_lane,True,29360128,28,1024,1024,29360128,0.0,1.0,0.0,True,True,True
rdt2,7,wide_skinny,repeated_head,tile_8x8,tile,True,29360128,32,1024,1024,33554432,0.142857,0.875,0.125,False,False,True
rdt2,7,wide_skinny,repeated_head,tile_8x16,tile,True,29360128,32,1024,1024,33554432,0.142857,0.875,0.125,False,False,True
rdt2,7,wide_skinny,repeated_head,tile_16x16,tile,True,29360128,32,1024,1024,33554432,0.142857,0.875,0.125,False,False,True
rdt2,7,wide_skinny,repeated_head,tile_16x32,tile,True,29360128,32,1024,1024,33554432,0.142857,0.875,0.125,False,False,True
rdt2,7,wide_skinny,repeated_head,tile_32x32,tile,True,29360128,32,1024,1024,33554432,0.142857,0.875,0.125,False,False,True
rdt2,7,wide_skinny,repeated_head,gemv_lane_64,gemv_lane,True,29360128,28,1024,1024,29360128,0.0,1.0,0.0,True,True,True
rdt2,7,wide_skinny,repeated_head,gemv_lane_128,gemv_lane,True,29360128,28,1024,1024,29360128,0.0,1.0,0.0,True,True,True
rdt2,7,wide_skinny,repeated_head,gemv_lane_256,gemv_lane,True,29360128,28,1024,1024,29360128,0.0,1.0,0.0,True,True,True
rdt2,8,wide_skinny,repeated_head,tile_8x8,tile,True,80740352,32,2816,1024,92274688,0.142857,0.875,0.125,False,False,True
rdt2,8,wide_skinny,repeated_head,tile_8x16,tile,True,80740352,32,2816,1024,92274688,0.142857,0.875,0.125,False,False,True
rdt2,8,wide_skinny,repeated_head,tile_16x16,tile,True,80740352,32,2816,1024,92274688,0.142857,0.875,0.125,False,False,True
rdt2,8,wide_skinny,repeated_head,tile_16x32,tile,True,80740352,32,2816,1024,92274688,0.142857,0.875,0.125,False,False,True
rdt2,8,wide_skinny,repeated_head,tile_32x32,tile,True,80740352,32,2816,1024,92274688,0.142857,0.875,0.125,False,False,True
rdt2,8,wide_skinny,repeated_head,gemv_lane_64,gemv_lane,True,80740352,28,2816,1024,80740352,0.0,1.0,0.0,True,True,True
rdt2,8,wide_skinny,repeated_head,gemv_lane_128,gemv_lane,True,80740352,28,2816,1024,80740352,0.0,1.0,0.0,True,True,True
rdt2,8,wide_skinny,repeated_head,gemv_lane_256,gemv_lane,True,80740352,28,2816,1024,80740352,0.0,1.0,0.0,True,True,True
rdt2,9,wide_skinny,repeated_head,tile_8x8,tile,True,80740352,32,2816,1024,92274688,0.142857,0.875,0.125,False,False,True
rdt2,9,wide_skinny,repeated_head,tile_8x16,tile,True,80740352,32,2816,1024,92274688,0.142857,0.875,0.125,False,False,True
rdt2,9,wide_skinny,repeated_head,tile_16x16,tile,True,80740352,32,2816,1024,92274688,0.142857,0.875,0.125,False,False,True
rdt2,9,wide_skinny,repeated_head,tile_16x32,tile,True,80740352,32,2816,1024,92274688,0.142857,0.875,0.125,False,False,True
rdt2,9,wide_skinny,repeated_head,tile_32x32,tile,True,80740352,32,2816,1024,92274688,0.142857,0.875,0.125,False,False,True
rdt2,9,wide_skinny,repeated_head,gemv_lane_64,gemv_lane,True,80740352,28,2816,1024,80740352,0.0,1.0,0.0,True,True,True
rdt2,9,wide_skinny,repeated_head,gemv_lane_128,gemv_lane,True,80740352,28,2816,1024,80740352,0.0,1.0,0.0,True,True,True
rdt2,9,wide_skinny,repeated_head,gemv_lane_256,gemv_lane,True,80740352,28,2816,1024,80740352,0.0,1.0,0.0,True,True,True
rdt2,10,wide_skinny,repeated_head,tile_8x8,tile,True,80740352,32,1024,2816,92274688,0.142857,0.875,0.125,False,False,True
rdt2,10,wide_skinny,repeated_head,tile_8x16,tile,True,80740352,32,1024,2816,92274688,0.142857,0.875,0.125,False,False,True
rdt2,10,wide_skinny,repeated_head,tile_16x16,tile,True,80740352,32,1024,2816,92274688,0.142857,0.875,0.125,False,False,True
rdt2,10,wide_skinny,repeated_head,tile_16x32,tile,True,80740352,32,1024,2816,92274688,0.142857,0.875,0.125,False,False,True
rdt2,10,wide_skinny,repeated_head,tile_32x32,tile,True,80740352,32,1024,2816,92274688,0.142857,0.875,0.125,False,False,True
rdt2,10,wide_skinny,repeated_head,gemv_lane_64,gemv_lane,True,80740352,28,1024,2816,80740352,0.0,1.0,0.0,True,True,True
rdt2,10,wide_skinny,repeated_head,gemv_lane_128,gemv_lane,True,80740352,28,1024,2816,80740352,0.0,1.0,0.0,True,True,True
rdt2,10,wide_skinny,repeated_head,gemv_lane_256,gemv_lane,True,80740352,28,1024,2816,80740352,0.0,1.0,0.0,True,True,True
rdt2,11,gemv_like,repeated_head,tile_8x8,tile,True,18874368,8,9216,2048,150994944,7.0,0.125,0.875,False,False,False
rdt2,11,gemv_like,repeated_head,tile_8x16,tile,True,18874368,8,9216,2048,150994944,7.0,0.125,0.875,False,False,False
rdt2,11,gemv_like,repeated_head,tile_16x16,tile,True,18874368,16,9216,2048,301989888,15.0,0.0625,0.9375,False,False,False
rdt2,11,gemv_like,repeated_head,tile_16x32,tile,True,18874368,16,9216,2048,301989888,15.0,0.0625,0.9375,False,False,False
rdt2,11,gemv_like,repeated_head,tile_32x32,tile,True,18874368,32,9216,2048,603979776,31.0,0.03125,0.96875,False,False,False
rdt2,11,gemv_like,repeated_head,gemv_lane_64,gemv_lane,True,18874368,1,9216,2048,18874368,0.0,1.0,0.0,True,True,True
rdt2,11,gemv_like,repeated_head,gemv_lane_128,gemv_lane,True,18874368,1,9216,2048,18874368,0.0,1.0,0.0,True,True,True
rdt2,11,gemv_like,repeated_head,gemv_lane_256,gemv_lane,True,18874368,1,9216,2048,18874368,0.0,1.0,0.0,True,True,True
rdt2,12,wide_skinny,repeated_head,tile_8x8,tile,True,29360128,32,1024,1024,33554432,0.142857,0.875,0.125,False,False,True
rdt2,12,wide_skinny,repeated_head,tile_8x16,tile,True,29360128,32,1024,1024,33554432,0.142857,0.875,0.125,False,False,True
rdt2,12,wide_skinny,repeated_head,tile_16x16,tile,True,29360128,32,1024,1024,33554432,0.142857,0.875,0.125,False,False,True
rdt2,12,wide_skinny,repeated_head,tile_16x32,tile,True,29360128,32,1024,1024,33554432,0.142857,0.875,0.125,False,False,True
rdt2,12,wide_skinny,repeated_head,tile_32x32,tile,True,29360128,32,1024,1024,33554432,0.142857,0.875,0.125,False,False,True
rdt2,12,wide_skinny,repeated_head,gemv_lane_64,gemv_lane,True,29360128,28,1024,1024,29360128,0.0,1.0,0.0,True,True,True
rdt2,12,wide_skinny,repeated_head,gemv_lane_128,gemv_lane,True,29360128,28,1024,1024,29360128,0.0,1.0,0.0,True,True,True
rdt2,12,wide_skinny,repeated_head,gemv_lane_256,gemv_lane,True,29360128,28,1024,1024,29360128,0.0,1.0,0.0,True,True,True
rdt2,13,wide_skinny,repeated_head,tile_8x8,tile,True,29360128,32,1024,1024,33554432,0.142857,0.875,0.125,False,False,True
rdt2,13,wide_skinny,repeated_head,tile_8x16,tile,True,29360128,32,1024,1024,33554432,0.142857,0.875,0.125,False,False,True
rdt2,13,wide_skinny,repeated_head,tile_16x16,tile,True,29360128,32,1024,1024,33554432,0.142857,0.875,0.125,False,False,True
rdt2,13,wide_skinny,repeated_head,tile_16x32,tile,True,29360128,32,1024,1024,33554432,0.142857,0.875,0.125,False,False,True
rdt2,13,wide_skinny,repeated_head,tile_32x32,tile,True,29360128,32,1024,1024,33554432,0.142857,0.875,0.125,False,False,True
rdt2,13,wide_skinny,repeated_head,gemv_lane_64,gemv_lane,True,29360128,28,1024,1024,29360128,0.0,1.0,0.0,True,True,True
rdt2,13,wide_skinny,repeated_head,gemv_lane_128,gemv_lane,True,29360128,28,1024,1024,29360128,0.0,1.0,0.0,True,True,True
rdt2,13,wide_skinny,repeated_head,gemv_lane_256,gemv_lane,True,29360128,28,1024,1024,29360128,0.0,1.0,0.0,True,True,True
rdt2,14,wide_skinny,repeated_head,tile_8x8,tile,True,29360128,32,1024,1024,33554432,0.142857,0.875,0.125,False,False,True
rdt2,14,wide_skinny,repeated_head,tile_8x16,tile,True,29360128,32,1024,1024,33554432,0.142857,0.875,0.125,False,False,True
rdt2,14,wide_skinny,repeated_head,tile_16x16,tile,True,29360128,32,1024,1024,33554432,0.142857,0.875,0.125,False,False,True
rdt2,14,wide_skinny,repeated_head,tile_16x32,tile,True,29360128,32,1024,1024,33554432,0.142857,0.875,0.125,False,False,True
rdt2,14,wide_skinny,repeated_head,tile_32x32,tile,True,29360128,32,1024,1024,33554432,0.142857,0.875,0.125,False,False,True
rdt2,14,wide_skinny,repeated_head,gemv_lane_64,gemv_lane,True,29360128,28,1024,1024,29360128,0.0,1.0,0.0,True,True,True
rdt2,14,wide_skinny,repeated_head,gemv_lane_128,gemv_lane,True,29360128,28,1024,1024,29360128,0.0,1.0,0.0,True,True,True
rdt2,14,wide_skinny,repeated_head,gemv_lane_256,gemv_lane,True,29360128,28,1024,1024,29360128,0.0,1.0,0.0,True,True,True
rdt2,15,wide_skinny,repeated_head,tile_8x8,tile,True,29360128,32,1024,1024,33554432,0.142857,0.875,0.125,False,False,True
rdt2,15,wide_skinny,repeated_head,tile_8x16,tile,True,29360128,32,1024,1024,33554432,0.142857,0.875,0.125,False,False,True
rdt2,15,wide_skinny,repeated_head,tile_16x16,tile,True,29360128,32,1024,1024,33554432,0.142857,0.875,0.125,False,False,True
rdt2,15,wide_skinny,repeated_head,tile_16x32,tile,True,29360128,32,1024,1024,33554432,0.142857,0.875,0.125,False,False,True
rdt2,15,wide_skinny,repeated_head,tile_32x32,tile,True,29360128,32,1024,1024,33554432,0.142857,0.875,0.125,False,False,True
rdt2,15,wide_skinny,repeated_head,gemv_lane_64,gemv_lane,True,29360128,28,1024,1024,29360128,0.0,1.0,0.0,True,True,True
rdt2,15,wide_skinny,repeated_head,gemv_lane_128,gemv_lane,True,29360128,28,1024,1024,29360128,0.0,1.0,0.0,True,True,True
rdt2,15,wide_skinny,repeated_head,gemv_lane_256,gemv_lane,True,29360128,28,1024,1024,29360128,0.0,1.0,0.0,True,True,True
rdt2,16,wide_skinny,repeated_head,tile_8x8,tile,True,29360128,32,1024,1024,33554432,0.142857,0.875,0.125,False,False,True
rdt2,16,wide_skinny,repeated_head,tile_8x16,tile,True,29360128,32,1024,1024,33554432,0.142857,0.875,0.125,False,False,True
rdt2,16,wide_skinny,repeated_head,tile_16x16,tile,True,29360128,32,1024,1024,33554432,0.142857,0.875,0.125,False,False,True
rdt2,16,wide_skinny,repeated_head,tile_16x32,tile,True,29360128,32,1024,1024,33554432,0.142857,0.875,0.125,False,False,True
rdt2,16,wide_skinny,repeated_head,tile_32x32,tile,True,29360128,32,1024,1024,33554432,0.142857,0.875,0.125,False,False,True
rdt2,16,wide_skinny,repeated_head,gemv_lane_64,gemv_lane,True,29360128,28,1024,1024,29360128,0.0,1.0,0.0,True,True,True
rdt2,16,wide_skinny,repeated_head,gemv_lane_128,gemv_lane,True,29360128,28,1024,1024,29360128,0.0,1.0,0.0,True,True,True
rdt2,16,wide_skinny,repeated_head,gemv_lane_256,gemv_lane,True,29360128,28,1024,1024,29360128,0.0,1.0,0.0,True,True,True
rdt2,17,wide_skinny,repeated_head,tile_8x8,tile,True,80740352,32,2816,1024,92274688,0.142857,0.875,0.125,False,False,True
rdt2,17,wide_skinny,repeated_head,tile_8x16,tile,True,80740352,32,2816,1024,92274688,0.142857,0.875,0.125,False,False,True
rdt2,17,wide_skinny,repeated_head,tile_16x16,tile,True,80740352,32,2816,1024,92274688,0.142857,0.875,0.125,False,False,True
rdt2,17,wide_skinny,repeated_head,tile_16x32,tile,True,80740352,32,2816,1024,92274688,0.142857,0.875,0.125,False,False,True
rdt2,17,wide_skinny,repeated_head,tile_32x32,tile,True,80740352,32,2816,1024,92274688,0.142857,0.875,0.125,False,False,True
rdt2,17,wide_skinny,repeated_head,gemv_lane_64,gemv_lane,True,80740352,28,2816,1024,80740352,0.0,1.0,0.0,True,True,True
rdt2,17,wide_skinny,repeated_head,gemv_lane_128,gemv_lane,True,80740352,28,2816,1024,80740352,0.0,1.0,0.0,True,True,True
rdt2,17,wide_skinny,repeated_head,gemv_lane_256,gemv_lane,True,80740352,28,2816,1024,80740352,0.0,1.0,0.0,True,True,True
rdt2,18,wide_skinny,repeated_head,tile_8x8,tile,True,80740352,32,2816,1024,92274688,0.142857,0.875,0.125,False,False,True
rdt2,18,wide_skinny,repeated_head,tile_8x16,tile,True,80740352,32,2816,1024,92274688,0.142857,0.875,0.125,False,False,True
rdt2,18,wide_skinny,repeated_head,tile_16x16,tile,True,80740352,32,2816,1024,92274688,0.142857,0.875,0.125,False,False,True
rdt2,18,wide_skinny,repeated_head,tile_16x32,tile,True,80740352,32,2816,1024,92274688,0.142857,0.875,0.125,False,False,True
rdt2,18,wide_skinny,repeated_head,tile_32x32,tile,True,80740352,32,2816,1024,92274688,0.142857,0.875,0.125,False,False,True
rdt2,18,wide_skinny,repeated_head,gemv_lane_64,gemv_lane,True,80740352,28,2816,1024,80740352,0.0,1.0,0.0,True,True,True
rdt2,18,wide_skinny,repeated_head,gemv_lane_128,gemv_lane,True,80740352,28,2816,1024,80740352,0.0,1.0,0.0,True,True,True
rdt2,18,wide_skinny,repeated_head,gemv_lane_256,gemv_lane,True,80740352,28,2816,1024,80740352,0.0,1.0,0.0,True,True,True
rdt2,19,wide_skinny,repeated_head,tile_8x8,tile,True,80740352,32,1024,2816,92274688,0.142857,0.875,0.125,False,False,True
rdt2,19,wide_skinny,repeated_head,tile_8x16,tile,True,80740352,32,1024,2816,92274688,0.142857,0.875,0.125,False,False,True
rdt2,19,wide_skinny,repeated_head,tile_16x16,tile,True,80740352,32,1024,2816,92274688,0.142857,0.875,0.125,False,False,True
rdt2,19,wide_skinny,repeated_head,tile_16x32,tile,True,80740352,32,1024,2816,92274688,0.142857,0.875,0.125,False,False,True
rdt2,19,wide_skinny,repeated_head,tile_32x32,tile,True,80740352,32,1024,2816,92274688,0.142857,0.875,0.125,False,False,True
rdt2,19,wide_skinny,repeated_head,gemv_lane_64,gemv_lane,True,80740352,28,1024,2816,80740352,0.0,1.0,0.0,True,True,True
rdt2,19,wide_skinny,repeated_head,gemv_lane_128,gemv_lane,True,80740352,28,1024,2816,80740352,0.0,1.0,0.0,True,True,True
rdt2,19,wide_skinny,repeated_head,gemv_lane_256,gemv_lane,True,80740352,28,1024,2816,80740352,0.0,1.0,0.0,True,True,True
rdt2,20,gemv_like,repeated_head,tile_8x8,tile,True,4194304,8,2048,2048,33554432,7.0,0.125,0.875,False,False,False
rdt2,20,gemv_like,repeated_head,tile_8x16,tile,True,4194304,8,2048,2048,33554432,7.0,0.125,0.875,False,False,False
rdt2,20,gemv_like,repeated_head,tile_16x16,tile,True,4194304,16,2048,2048,67108864,15.0,0.0625,0.9375,False,False,False
rdt2,20,gemv_like,repeated_head,tile_16x32,tile,True,4194304,16,2048,2048,67108864,15.0,0.0625,0.9375,False,False,False
rdt2,20,gemv_like,repeated_head,tile_32x32,tile,True,4194304,32,2048,2048,134217728,31.0,0.03125,0.96875,False,False,False
rdt2,20,gemv_like,repeated_head,gemv_lane_64,gemv_lane,True,4194304,1,2048,2048,4194304,0.0,1.0,0.0,True,True,True
rdt2,20,gemv_like,repeated_head,gemv_lane_128,gemv_lane,True,4194304,1,2048,2048,4194304,0.0,1.0,0.0,True,True,True
rdt2,20,gemv_like,repeated_head,gemv_lane_256,gemv_lane,True,4194304,1,2048,2048,4194304,0.0,1.0,0.0,True,True,True
rdt2,21,wide_skinny,repeated_head,tile_8x8,tile,True,117440512,32,4096,1024,134217728,0.142857,0.875,0.125,False,False,True
rdt2,21,wide_skinny,repeated_head,tile_8x16,tile,True,117440512,32,4096,1024,134217728,0.142857,0.875,0.125,False,False,True
rdt2,21,wide_skinny,repeated_head,tile_16x16,tile,True,117440512,32,4096,1024,134217728,0.142857,0.875,0.125,False,False,True
rdt2,21,wide_skinny,repeated_head,tile_16x32,tile,True,117440512,32,4096,1024,134217728,0.142857,0.875,0.125,False,False,True
rdt2,21,wide_skinny,repeated_head,tile_32x32,tile,True,117440512,32,4096,1024,134217728,0.142857,0.875,0.125,False,False,True
rdt2,21,wide_skinny,repeated_head,gemv_lane_64,gemv_lane,True,117440512,28,4096,1024,117440512,0.0,1.0,0.0,True,True,True
rdt2,21,wide_skinny,repeated_head,gemv_lane_128,gemv_lane,True,117440512,28,4096,1024,117440512,0.0,1.0,0.0,True,True,True
rdt2,21,wide_skinny,repeated_head,gemv_lane_256,gemv_lane,True,117440512,28,4096,1024,117440512,0.0,1.0,0.0,True,True,True
rdt2,22,projection_like,repeated_head,tile_8x8,tile,True,2293760,32,24,4096,3145728,0.371429,0.729167,0.270833,False,False,False
rdt2,22,projection_like,repeated_head,tile_8x16,tile,True,2293760,32,32,4096,4194304,0.828571,0.546875,0.453125,False,False,False
rdt2,22,projection_like,repeated_head,tile_16x16,tile,True,2293760,32,32,4096,4194304,0.828571,0.546875,0.453125,False,False,False
rdt2,22,projection_like,repeated_head,tile_16x32,tile,True,2293760,32,32,4096,4194304,0.828571,0.546875,0.453125,False,False,False
rdt2,22,projection_like,repeated_head,tile_32x32,tile,True,2293760,32,32,4096,4194304,0.828571,0.546875,0.453125,False,False,False
rdt2,22,projection_like,repeated_head,gemv_lane_64,gemv_lane,False,2293760,,,,,,,,False,False,False
rdt2,22,projection_like,repeated_head,gemv_lane_128,gemv_lane,False,2293760,,,,,,,,False,False,False
rdt2,22,projection_like,repeated_head,gemv_lane_256,gemv_lane,False,2293760,,,,,,,,False,False,False
groot_n1d7,0,gemv_like,backbone_once,tile_8x8,tile,True,393216,8,1536,256,3145728,7.0,0.125,0.875,False,False,False
groot_n1d7,0,gemv_like,backbone_once,tile_8x16,tile,True,393216,8,1536,256,3145728,7.0,0.125,0.875,False,False,False
groot_n1d7,0,gemv_like,backbone_once,tile_16x16,tile,True,393216,16,1536,256,6291456,15.0,0.0625,0.9375,False,False,False
groot_n1d7,0,gemv_like,backbone_once,tile_16x32,tile,True,393216,16,1536,256,6291456,15.0,0.0625,0.9375,False,False,False
groot_n1d7,0,gemv_like,backbone_once,tile_32x32,tile,True,393216,32,1536,256,12582912,31.0,0.03125,0.96875,False,False,False
groot_n1d7,0,gemv_like,backbone_once,gemv_lane_64,gemv_lane,True,393216,1,1536,256,393216,0.0,1.0,0.0,True,True,True
groot_n1d7,0,gemv_like,backbone_once,gemv_lane_128,gemv_lane,True,393216,1,1536,256,393216,0.0,1.0,0.0,True,True,True
groot_n1d7,0,gemv_like,backbone_once,gemv_lane_256,gemv_lane,True,393216,1,1536,256,393216,0.0,1.0,0.0,True,True,True
groot_n1d7,1,gemv_like,backbone_once,tile_8x8,tile,True,2359296,8,1536,1536,18874368,7.0,0.125,0.875,False,False,False
groot_n1d7,1,gemv_like,backbone_once,tile_8x16,tile,True,2359296,8,1536,1536,18874368,7.0,0.125,0.875,False,False,False
groot_n1d7,1,gemv_like,backbone_once,tile_16x16,tile,True,2359296,16,1536,1536,37748736,15.0,0.0625,0.9375,False,False,False
groot_n1d7,1,gemv_like,backbone_once,tile_16x32,tile,True,2359296,16,1536,1536,37748736,15.0,0.0625,0.9375,False,False,False
groot_n1d7,1,gemv_like,backbone_once,tile_32x32,tile,True,2359296,32,1536,1536,75497472,31.0,0.03125,0.96875,False,False,False
groot_n1d7,1,gemv_like,backbone_once,gemv_lane_64,gemv_lane,True,2359296,1,1536,1536,2359296,0.0,1.0,0.0,True,True,True
groot_n1d7,1,gemv_like,backbone_once,gemv_lane_128,gemv_lane,True,2359296,1,1536,1536,2359296,0.0,1.0,0.0,True,True,True
groot_n1d7,1,gemv_like,backbone_once,gemv_lane_256,gemv_lane,True,2359296,1,1536,1536,2359296,0.0,1.0,0.0,True,True,True
groot_n1d7,2,gemv_like,repeated_head,tile_8x8,tile,True,4718592,8,3072,1536,37748736,7.0,0.125,0.875,False,False,False
groot_n1d7,2,gemv_like,repeated_head,tile_8x16,tile,True,4718592,8,3072,1536,37748736,7.0,0.125,0.875,False,False,False
groot_n1d7,2,gemv_like,repeated_head,tile_16x16,tile,True,4718592,16,3072,1536,75497472,15.0,0.0625,0.9375,False,False,False
groot_n1d7,2,gemv_like,repeated_head,tile_16x32,tile,True,4718592,16,3072,1536,75497472,15.0,0.0625,0.9375,False,False,False
groot_n1d7,2,gemv_like,repeated_head,tile_32x32,tile,True,4718592,32,3072,1536,150994944,31.0,0.03125,0.96875,False,False,False
groot_n1d7,2,gemv_like,repeated_head,gemv_lane_64,gemv_lane,True,4718592,1,3072,1536,4718592,0.0,1.0,0.0,True,True,True
groot_n1d7,2,gemv_like,repeated_head,gemv_lane_128,gemv_lane,True,4718592,1,3072,1536,4718592,0.0,1.0,0.0,True,True,True
groot_n1d7,2,gemv_like,repeated_head,gemv_lane_256,gemv_lane,True,4718592,1,3072,1536,4718592,0.0,1.0,0.0,True,True,True
groot_n1d7,3,wide_skinny,repeated_head,tile_8x8,tile,True,96731136,48,1536,1536,113246208,0.170732,0.854167,0.145833,False,False,True
groot_n1d7,3,wide_skinny,repeated_head,tile_8x16,tile,True,96731136,48,1536,1536,113246208,0.170732,0.854167,0.145833,False,False,True
groot_n1d7,3,wide_skinny,repeated_head,tile_16x16,tile,True,96731136,48,1536,1536,113246208,0.170732,0.854167,0.145833,False,False,True
groot_n1d7,3,wide_skinny,repeated_head,tile_16x32,tile,True,96731136,48,1536,1536,113246208,0.170732,0.854167,0.145833,False,False,True
groot_n1d7,3,wide_skinny,repeated_head,tile_32x32,tile,True,96731136,64,1536,1536,150994944,0.560976,0.640625,0.359375,False,False,False
groot_n1d7,3,wide_skinny,repeated_head,gemv_lane_64,gemv_lane,True,96731136,41,1536,1536,96731136,0.0,1.0,0.0,True,True,True
groot_n1d7,3,wide_skinny,repeated_head,gemv_lane_128,gemv_lane,True,96731136,41,1536,1536,96731136,0.0,1.0,0.0,True,True,True
groot_n1d7,3,wide_skinny,repeated_head,gemv_lane_256,gemv_lane,True,96731136,41,1536,1536,96731136,0.0,1.0,0.0,True,True,True
groot_n1d7,4,wide_skinny,repeated_head,tile_8x8,tile,True,201326592,64,1536,2048,201326592,0.0,1.0,0.0,True,True,True
groot_n1d7,4,wide_skinny,repeated_head,tile_8x16,tile,True,201326592,64,1536,2048,201326592,0.0,1.0,0.0,True,True,True
groot_n1d7,4,wide_skinny,repeated_head,tile_16x16,tile,True,201326592,64,1536,2048,201326592,0.0,1.0,0.0,True,True,True
groot_n1d7,4,wide_skinny,repeated_head,tile_16x32,tile,True,201326592,64,1536,2048,201326592,0.0,1.0,0.0,True,True,True
groot_n1d7,4,wide_skinny,repeated_head,tile_32x32,tile,True,201326592,64,1536,2048,201326592,0.0,1.0,0.0,True,True,True
groot_n1d7,4,wide_skinny,repeated_head,gemv_lane_64,gemv_lane,True,201326592,64,1536,2048,201326592,0.0,1.0,0.0,True,True,True
groot_n1d7,4,wide_skinny,repeated_head,gemv_lane_128,gemv_lane,True,201326592,64,1536,2048,201326592,0.0,1.0,0.0,True,True,True
groot_n1d7,4,wide_skinny,repeated_head,gemv_lane_256,gemv_lane,True,201326592,64,1536,2048,201326592,0.0,1.0,0.0,True,True,True
groot_n1d7,5,wide_skinny,repeated_head,tile_8x8,tile,True,201326592,64,1536,2048,201326592,0.0,1.0,0.0,True,True,True
groot_n1d7,5,wide_skinny,repeated_head,tile_8x16,tile,True,201326592,64,1536,2048,201326592,0.0,1.0,0.0,True,True,True
groot_n1d7,5,wide_skinny,repeated_head,tile_16x16,tile,True,201326592,64,1536,2048,201326592,0.0,1.0,0.0,True,True,True
groot_n1d7,5,wide_skinny,repeated_head,tile_16x32,tile,True,201326592,64,1536,2048,201326592,0.0,1.0,0.0,True,True,True
groot_n1d7,5,wide_skinny,repeated_head,tile_32x32,tile,True,201326592,64,1536,2048,201326592,0.0,1.0,0.0,True,True,True
groot_n1d7,5,wide_skinny,repeated_head,gemv_lane_64,gemv_lane,True,201326592,64,1536,2048,201326592,0.0,1.0,0.0,True,True,True
groot_n1d7,5,wide_skinny,repeated_head,gemv_lane_128,gemv_lane,True,201326592,64,1536,2048,201326592,0.0,1.0,0.0,True,True,True
groot_n1d7,5,wide_skinny,repeated_head,gemv_lane_256,gemv_lane,True,201326592,64,1536,2048,201326592,0.0,1.0,0.0,True,True,True
groot_n1d7,6,wide_skinny,repeated_head,tile_8x8,tile,True,96731136,48,1536,1536,113246208,0.170732,0.854167,0.145833,False,False,True
groot_n1d7,6,wide_skinny,repeated_head,tile_8x16,tile,True,96731136,48,1536,1536,113246208,0.170732,0.854167,0.145833,False,False,True
groot_n1d7,6,wide_skinny,repeated_head,tile_16x16,tile,True,96731136,48,1536,1536,113246208,0.170732,0.854167,0.145833,False,False,True
groot_n1d7,6,wide_skinny,repeated_head,tile_16x32,tile,True,96731136,48,1536,1536,113246208,0.170732,0.854167,0.145833,False,False,True
groot_n1d7,6,wide_skinny,repeated_head,tile_32x32,tile,True,96731136,64,1536,1536,150994944,0.560976,0.640625,0.359375,False,False,False
groot_n1d7,6,wide_skinny,repeated_head,gemv_lane_64,gemv_lane,True,96731136,41,1536,1536,96731136,0.0,1.0,0.0,True,True,True
groot_n1d7,6,wide_skinny,repeated_head,gemv_lane_128,gemv_lane,True,96731136,41,1536,1536,96731136,0.0,1.0,0.0,True,True,True
groot_n1d7,6,wide_skinny,repeated_head,gemv_lane_256,gemv_lane,True,96731136,41,1536,1536,96731136,0.0,1.0,0.0,True,True,True
groot_n1d7,7,wide_skinny,repeated_head,tile_8x8,tile,True,386924544,48,6144,1536,452984832,0.170732,0.854167,0.145833,False,False,True
groot_n1d7,7,wide_skinny,repeated_head,tile_8x16,tile,True,386924544,48,6144,1536,452984832,0.170732,0.854167,0.145833,False,False,True
groot_n1d7,7,wide_skinny,repeated_head,tile_16x16,tile,True,386924544,48,6144,1536,452984832,0.170732,0.854167,0.145833,False,False,True
groot_n1d7,7,wide_skinny,repeated_head,tile_16x32,tile,True,386924544,48,6144,1536,452984832,0.170732,0.854167,0.145833,False,False,True
groot_n1d7,7,wide_skinny,repeated_head,tile_32x32,tile,True,386924544,64,6144,1536,603979776,0.560976,0.640625,0.359375,False,False,False
groot_n1d7,7,wide_skinny,repeated_head,gemv_lane_64,gemv_lane,True,386924544,41,6144,1536,386924544,0.0,1.0,0.0,True,True,True
groot_n1d7,7,wide_skinny,repeated_head,gemv_lane_128,gemv_lane,True,386924544,41,6144,1536,386924544,0.0,1.0,0.0,True,True,True
groot_n1d7,7,wide_skinny,repeated_head,gemv_lane_256,gemv_lane,True,386924544,41,6144,1536,386924544,0.0,1.0,0.0,True,True,True
groot_n1d7,8,wide_skinny,repeated_head,tile_8x8,tile,True,386924544,48,1536,6144,452984832,0.170732,0.854167,0.145833,False,False,True
groot_n1d7,8,wide_skinny,repeated_head,tile_8x16,tile,True,386924544,48,1536,6144,452984832,0.170732,0.854167,0.145833,False,False,True
groot_n1d7,8,wide_skinny,repeated_head,tile_16x16,tile,True,386924544,48,1536,6144,452984832,0.170732,0.854167,0.145833,False,False,True
groot_n1d7,8,wide_skinny,repeated_head,tile_16x32,tile,True,386924544,48,1536,6144,452984832,0.170732,0.854167,0.145833,False,False,True
groot_n1d7,8,wide_skinny,repeated_head,tile_32x32,tile,True,386924544,64,1536,6144,603979776,0.560976,0.640625,0.359375,False,False,False
groot_n1d7,8,wide_skinny,repeated_head,gemv_lane_64,gemv_lane,True,386924544,41,1536,6144,386924544,0.0,1.0,0.0,True,True,True
groot_n1d7,8,wide_skinny,repeated_head,gemv_lane_128,gemv_lane,True,386924544,41,1536,6144,386924544,0.0,1.0,0.0,True,True,True
groot_n1d7,8,wide_skinny,repeated_head,gemv_lane_256,gemv_lane,True,386924544,41,1536,6144,386924544,0.0,1.0,0.0,True,True,True
groot_n1d7,9,gemv_like,repeated_head,tile_8x8,tile,True,4718592,8,3072,1536,37748736,7.0,0.125,0.875,False,False,False
groot_n1d7,9,gemv_like,repeated_head,tile_8x16,tile,True,4718592,8,3072,1536,37748736,7.0,0.125,0.875,False,False,False
groot_n1d7,9,gemv_like,repeated_head,tile_16x16,tile,True,4718592,16,3072,1536,75497472,15.0,0.0625,0.9375,False,False,False
groot_n1d7,9,gemv_like,repeated_head,tile_16x32,tile,True,4718592,16,3072,1536,75497472,15.0,0.0625,0.9375,False,False,False
groot_n1d7,9,gemv_like,repeated_head,tile_32x32,tile,True,4718592,32,3072,1536,150994944,31.0,0.03125,0.96875,False,False,False
groot_n1d7,9,gemv_like,repeated_head,gemv_lane_64,gemv_lane,True,4718592,1,3072,1536,4718592,0.0,1.0,0.0,True,True,True
groot_n1d7,9,gemv_like,repeated_head,gemv_lane_128,gemv_lane,True,4718592,1,3072,1536,4718592,0.0,1.0,0.0,True,True,True
groot_n1d7,9,gemv_like,repeated_head,gemv_lane_256,gemv_lane,True,4718592,1,3072,1536,4718592,0.0,1.0,0.0,True,True,True
groot_n1d7,10,wide_skinny,repeated_head,tile_8x8,tile,True,96731136,48,1536,1536,113246208,0.170732,0.854167,0.145833,False,False,True
groot_n1d7,10,wide_skinny,repeated_head,tile_8x16,tile,True,96731136,48,1536,1536,113246208,0.170732,0.854167,0.145833,False,False,True
groot_n1d7,10,wide_skinny,repeated_head,tile_16x16,tile,True,96731136,48,1536,1536,113246208,0.170732,0.854167,0.145833,False,False,True
groot_n1d7,10,wide_skinny,repeated_head,tile_16x32,tile,True,96731136,48,1536,1536,113246208,0.170732,0.854167,0.145833,False,False,True
groot_n1d7,10,wide_skinny,repeated_head,tile_32x32,tile,True,96731136,64,1536,1536,150994944,0.560976,0.640625,0.359375,False,False,False
groot_n1d7,10,wide_skinny,repeated_head,gemv_lane_64,gemv_lane,True,96731136,41,1536,1536,96731136,0.0,1.0,0.0,True,True,True
groot_n1d7,10,wide_skinny,repeated_head,gemv_lane_128,gemv_lane,True,96731136,41,1536,1536,96731136,0.0,1.0,0.0,True,True,True
groot_n1d7,10,wide_skinny,repeated_head,gemv_lane_256,gemv_lane,True,96731136,41,1536,1536,96731136,0.0,1.0,0.0,True,True,True
groot_n1d7,11,wide_skinny,repeated_head,tile_8x8,tile,True,96731136,48,1536,1536,113246208,0.170732,0.854167,0.145833,False,False,True
groot_n1d7,11,wide_skinny,repeated_head,tile_8x16,tile,True,96731136,48,1536,1536,113246208,0.170732,0.854167,0.145833,False,False,True
groot_n1d7,11,wide_skinny,repeated_head,tile_16x16,tile,True,96731136,48,1536,1536,113246208,0.170732,0.854167,0.145833,False,False,True
groot_n1d7,11,wide_skinny,repeated_head,tile_16x32,tile,True,96731136,48,1536,1536,113246208,0.170732,0.854167,0.145833,False,False,True
groot_n1d7,11,wide_skinny,repeated_head,tile_32x32,tile,True,96731136,64,1536,1536,150994944,0.560976,0.640625,0.359375,False,False,False
groot_n1d7,11,wide_skinny,repeated_head,gemv_lane_64,gemv_lane,True,96731136,41,1536,1536,96731136,0.0,1.0,0.0,True,True,True
groot_n1d7,11,wide_skinny,repeated_head,gemv_lane_128,gemv_lane,True,96731136,41,1536,1536,96731136,0.0,1.0,0.0,True,True,True
groot_n1d7,11,wide_skinny,repeated_head,gemv_lane_256,gemv_lane,True,96731136,41,1536,1536,96731136,0.0,1.0,0.0,True,True,True
groot_n1d7,12,wide_skinny,repeated_head,tile_8x8,tile,True,96731136,48,1536,1536,113246208,0.170732,0.854167,0.145833,False,False,True
groot_n1d7,12,wide_skinny,repeated_head,tile_8x16,tile,True,96731136,48,1536,1536,113246208,0.170732,0.854167,0.145833,False,False,True
groot_n1d7,12,wide_skinny,repeated_head,tile_16x16,tile,True,96731136,48,1536,1536,113246208,0.170732,0.854167,0.145833,False,False,True
groot_n1d7,12,wide_skinny,repeated_head,tile_16x32,tile,True,96731136,48,1536,1536,113246208,0.170732,0.854167,0.145833,False,False,True
groot_n1d7,12,wide_skinny,repeated_head,tile_32x32,tile,True,96731136,64,1536,1536,150994944,0.560976,0.640625,0.359375,False,False,False
groot_n1d7,12,wide_skinny,repeated_head,gemv_lane_64,gemv_lane,True,96731136,41,1536,1536,96731136,0.0,1.0,0.0,True,True,True
groot_n1d7,12,wide_skinny,repeated_head,gemv_lane_128,gemv_lane,True,96731136,41,1536,1536,96731136,0.0,1.0,0.0,True,True,True
groot_n1d7,12,wide_skinny,repeated_head,gemv_lane_256,gemv_lane,True,96731136,41,1536,1536,96731136,0.0,1.0,0.0,True,True,True
groot_n1d7,13,wide_skinny,repeated_head,tile_8x8,tile,True,96731136,48,1536,1536,113246208,0.170732,0.854167,0.145833,False,False,True
groot_n1d7,13,wide_skinny,repeated_head,tile_8x16,tile,True,96731136,48,1536,1536,113246208,0.170732,0.854167,0.145833,False,False,True
groot_n1d7,13,wide_skinny,repeated_head,tile_16x16,tile,True,96731136,48,1536,1536,113246208,0.170732,0.854167,0.145833,False,False,True
groot_n1d7,13,wide_skinny,repeated_head,tile_16x32,tile,True,96731136,48,1536,1536,113246208,0.170732,0.854167,0.145833,False,False,True
groot_n1d7,13,wide_skinny,repeated_head,tile_32x32,tile,True,96731136,64,1536,1536,150994944,0.560976,0.640625,0.359375,False,False,False
groot_n1d7,13,wide_skinny,repeated_head,gemv_lane_64,gemv_lane,True,96731136,41,1536,1536,96731136,0.0,1.0,0.0,True,True,True
groot_n1d7,13,wide_skinny,repeated_head,gemv_lane_128,gemv_lane,True,96731136,41,1536,1536,96731136,0.0,1.0,0.0,True,True,True
groot_n1d7,13,wide_skinny,repeated_head,gemv_lane_256,gemv_lane,True,96731136,41,1536,1536,96731136,0.0,1.0,0.0,True,True,True
groot_n1d7,14,wide_skinny,repeated_head,tile_8x8,tile,True,386924544,48,6144,1536,452984832,0.170732,0.854167,0.145833,False,False,True
groot_n1d7,14,wide_skinny,repeated_head,tile_8x16,tile,True,386924544,48,6144,1536,452984832,0.170732,0.854167,0.145833,False,False,True
groot_n1d7,14,wide_skinny,repeated_head,tile_16x16,tile,True,386924544,48,6144,1536,452984832,0.170732,0.854167,0.145833,False,False,True
groot_n1d7,14,wide_skinny,repeated_head,tile_16x32,tile,True,386924544,48,6144,1536,452984832,0.170732,0.854167,0.145833,False,False,True
groot_n1d7,14,wide_skinny,repeated_head,tile_32x32,tile,True,386924544,64,6144,1536,603979776,0.560976,0.640625,0.359375,False,False,False
groot_n1d7,14,wide_skinny,repeated_head,gemv_lane_64,gemv_lane,True,386924544,41,6144,1536,386924544,0.0,1.0,0.0,True,True,True
groot_n1d7,14,wide_skinny,repeated_head,gemv_lane_128,gemv_lane,True,386924544,41,6144,1536,386924544,0.0,1.0,0.0,True,True,True
groot_n1d7,14,wide_skinny,repeated_head,gemv_lane_256,gemv_lane,True,386924544,41,6144,1536,386924544,0.0,1.0,0.0,True,True,True
groot_n1d7,15,wide_skinny,repeated_head,tile_8x8,tile,True,386924544,48,1536,6144,452984832,0.170732,0.854167,0.145833,False,False,True
groot_n1d7,15,wide_skinny,repeated_head,tile_8x16,tile,True,386924544,48,1536,6144,452984832,0.170732,0.854167,0.145833,False,False,True
groot_n1d7,15,wide_skinny,repeated_head,tile_16x16,tile,True,386924544,48,1536,6144,452984832,0.170732,0.854167,0.145833,False,False,True
groot_n1d7,15,wide_skinny,repeated_head,tile_16x32,tile,True,386924544,48,1536,6144,452984832,0.170732,0.854167,0.145833,False,False,True
groot_n1d7,15,wide_skinny,repeated_head,tile_32x32,tile,True,386924544,64,1536,6144,603979776,0.560976,0.640625,0.359375,False,False,False
groot_n1d7,15,wide_skinny,repeated_head,gemv_lane_64,gemv_lane,True,386924544,41,1536,6144,386924544,0.0,1.0,0.0,True,True,True
groot_n1d7,15,wide_skinny,repeated_head,gemv_lane_128,gemv_lane,True,386924544,41,1536,6144,386924544,0.0,1.0,0.0,True,True,True
groot_n1d7,15,wide_skinny,repeated_head,gemv_lane_256,gemv_lane,True,386924544,41,1536,6144,386924544,0.0,1.0,0.0,True,True,True
groot_n1d7,16,gemv_like,repeated_head,tile_8x8,tile,True,4718592,8,3072,1536,37748736,7.0,0.125,0.875,False,False,False
groot_n1d7,16,gemv_like,repeated_head,tile_8x16,tile,True,4718592,8,3072,1536,37748736,7.0,0.125,0.875,False,False,False
groot_n1d7,16,gemv_like,repeated_head,tile_16x16,tile,True,4718592,16,3072,1536,75497472,15.0,0.0625,0.9375,False,False,False
groot_n1d7,16,gemv_like,repeated_head,tile_16x32,tile,True,4718592,16,3072,1536,75497472,15.0,0.0625,0.9375,False,False,False
groot_n1d7,16,gemv_like,repeated_head,tile_32x32,tile,True,4718592,32,3072,1536,150994944,31.0,0.03125,0.96875,False,False,False
groot_n1d7,16,gemv_like,repeated_head,gemv_lane_64,gemv_lane,True,4718592,1,3072,1536,4718592,0.0,1.0,0.0,True,True,True
groot_n1d7,16,gemv_like,repeated_head,gemv_lane_128,gemv_lane,True,4718592,1,3072,1536,4718592,0.0,1.0,0.0,True,True,True
groot_n1d7,16,gemv_like,repeated_head,gemv_lane_256,gemv_lane,True,4718592,1,3072,1536,4718592,0.0,1.0,0.0,True,True,True
groot_n1d7,17,wide_skinny,repeated_head,tile_8x8,tile,True,64487424,48,1024,1536,75497472,0.170732,0.854167,0.145833,False,False,True
groot_n1d7,17,wide_skinny,repeated_head,tile_8x16,tile,True,64487424,48,1024,1536,75497472,0.170732,0.854167,0.145833,False,False,True
groot_n1d7,17,wide_skinny,repeated_head,tile_16x16,tile,True,64487424,48,1024,1536,75497472,0.170732,0.854167,0.145833,False,False,True
groot_n1d7,17,wide_skinny,repeated_head,tile_16x32,tile,True,64487424,48,1024,1536,75497472,0.170732,0.854167,0.145833,False,False,True
groot_n1d7,17,wide_skinny,repeated_head,tile_32x32,tile,True,64487424,64,1024,1536,100663296,0.560976,0.640625,0.359375,False,False,False
groot_n1d7,17,wide_skinny,repeated_head,gemv_lane_64,gemv_lane,True,64487424,41,1024,1536,64487424,0.0,1.0,0.0,True,True,True
groot_n1d7,17,wide_skinny,repeated_head,gemv_lane_128,gemv_lane,True,64487424,41,1024,1536,64487424,0.0,1.0,0.0,True,True,True
groot_n1d7,17,wide_skinny,repeated_head,gemv_lane_256,gemv_lane,True,64487424,41,1024,1536,64487424,0.0,1.0,0.0,True,True,True
molmoact,0,wide_skinny,repeated_head,tile_8x8,tile,True,132120576,8,4608,3584,132120576,0.0,1.0,0.0,True,True,True
molmoact,0,wide_skinny,repeated_head,tile_8x16,tile,True,132120576,8,4608,3584,132120576,0.0,1.0,0.0,True,True,True
molmoact,0,wide_skinny,repeated_head,tile_16x16,tile,True,132120576,16,4608,3584,264241152,1.0,0.5,0.5,False,False,False
molmoact,0,wide_skinny,repeated_head,tile_16x32,tile,True,132120576,16,4608,3584,264241152,1.0,0.5,0.5,False,False,False
molmoact,0,wide_skinny,repeated_head,tile_32x32,tile,True,132120576,32,4608,3584,528482304,3.0,0.25,0.75,False,False,False
molmoact,0,wide_skinny,repeated_head,gemv_lane_64,gemv_lane,True,132120576,8,4608,3584,132120576,0.0,1.0,0.0,True,True,True
molmoact,0,wide_skinny,repeated_head,gemv_lane_128,gemv_lane,True,132120576,8,4608,3584,132120576,0.0,1.0,0.0,True,True,True
molmoact,0,wide_skinny,repeated_head,gemv_lane_256,gemv_lane,True,132120576,8,4608,3584,132120576,0.0,1.0,0.0,True,True,True
molmoact,1,wide_skinny,repeated_head,tile_8x8,tile,True,102760448,8,3584,3584,102760448,0.0,1.0,0.0,True,True,True
molmoact,1,wide_skinny,repeated_head,tile_8x16,tile,True,102760448,8,3584,3584,102760448,0.0,1.0,0.0,True,True,True
molmoact,1,wide_skinny,repeated_head,tile_16x16,tile,True,102760448,16,3584,3584,205520896,1.0,0.5,0.5,False,False,False
molmoact,1,wide_skinny,repeated_head,tile_16x32,tile,True,102760448,16,3584,3584,205520896,1.0,0.5,0.5,False,False,False
molmoact,1,wide_skinny,repeated_head,tile_32x32,tile,True,102760448,32,3584,3584,411041792,3.0,0.25,0.75,False,False,False
molmoact,1,wide_skinny,repeated_head,gemv_lane_64,gemv_lane,True,102760448,8,3584,3584,102760448,0.0,1.0,0.0,True,True,True
molmoact,1,wide_skinny,repeated_head,gemv_lane_128,gemv_lane,True,102760448,8,3584,3584,102760448,0.0,1.0,0.0,True,True,True
molmoact,1,wide_skinny,repeated_head,gemv_lane_256,gemv_lane,True,102760448,8,3584,3584,102760448,0.0,1.0,0.0,True,True,True
molmoact,2,wide_skinny,repeated_head,tile_8x8,tile,True,1086324736,8,37888,3584,1086324736,0.0,1.0,0.0,True,True,True
molmoact,2,wide_skinny,repeated_head,tile_8x16,tile,True,1086324736,8,37888,3584,1086324736,0.0,1.0,0.0,True,True,True
molmoact,2,wide_skinny,repeated_head,tile_16x16,tile,True,1086324736,16,37888,3584,2172649472,1.0,0.5,0.5,False,False,False
molmoact,2,wide_skinny,repeated_head,tile_16x32,tile,True,1086324736,16,37888,3584,2172649472,1.0,0.5,0.5,False,False,False
molmoact,2,wide_skinny,repeated_head,tile_32x32,tile,True,1086324736,32,37888,3584,4345298944,3.0,0.25,0.75,False,False,False
molmoact,2,wide_skinny,repeated_head,gemv_lane_64,gemv_lane,True,1086324736,8,37888,3584,1086324736,0.0,1.0,0.0,True,True,True
molmoact,2,wide_skinny,repeated_head,gemv_lane_128,gemv_lane,True,1086324736,8,37888,3584,1086324736,0.0,1.0,0.0,True,True,True
molmoact,2,wide_skinny,repeated_head,gemv_lane_256,gemv_lane,True,1086324736,8,37888,3584,1086324736,0.0,1.0,0.0,True,True,True
molmoact,3,wide_skinny,repeated_head,tile_8x8,tile,True,543162368,8,3584,18944,543162368,0.0,1.0,0.0,True,True,True
molmoact,3,wide_skinny,repeated_head,tile_8x16,tile,True,543162368,8,3584,18944,543162368,0.0,1.0,0.0,True,True,True
molmoact,3,wide_skinny,repeated_head,tile_16x16,tile,True,543162368,16,3584,18944,1086324736,1.0,0.5,0.5,False,False,False
molmoact,3,wide_skinny,repeated_head,tile_16x32,tile,True,543162368,16,3584,18944,1086324736,1.0,0.5,0.5,False,False,False
molmoact,3,wide_skinny,repeated_head,tile_32x32,tile,True,543162368,32,3584,18944,2172649472,3.0,0.25,0.75,False,False,False
molmoact,3,wide_skinny,repeated_head,gemv_lane_64,gemv_lane,True,543162368,8,3584,18944,543162368,0.0,1.0,0.0,True,True,True
molmoact,3,wide_skinny,repeated_head,gemv_lane_128,gemv_lane,True,543162368,8,3584,18944,543162368,0.0,1.0,0.0,True,True,True
molmoact,3,wide_skinny,repeated_head,gemv_lane_256,gemv_lane,True,543162368,8,3584,18944,543162368,0.0,1.0,0.0,True,True,True
molmoact,4,wide_skinny,repeated_head,tile_8x8,tile,True,132120576,8,4608,3584,132120576,0.0,1.0,0.0,True,True,True
molmoact,4,wide_skinny,repeated_head,tile_8x16,tile,True,132120576,8,4608,3584,132120576,0.0,1.0,0.0,True,True,True
molmoact,4,wide_skinny,repeated_head,tile_16x16,tile,True,132120576,16,4608,3584,264241152,1.0,0.5,0.5,False,False,False
molmoact,4,wide_skinny,repeated_head,tile_16x32,tile,True,132120576,16,4608,3584,264241152,1.0,0.5,0.5,False,False,False
molmoact,4,wide_skinny,repeated_head,tile_32x32,tile,True,132120576,32,4608,3584,528482304,3.0,0.25,0.75,False,False,False
molmoact,4,wide_skinny,repeated_head,gemv_lane_64,gemv_lane,True,132120576,8,4608,3584,132120576,0.0,1.0,0.0,True,True,True
molmoact,4,wide_skinny,repeated_head,gemv_lane_128,gemv_lane,True,132120576,8,4608,3584,132120576,0.0,1.0,0.0,True,True,True
molmoact,4,wide_skinny,repeated_head,gemv_lane_256,gemv_lane,True,132120576,8,4608,3584,132120576,0.0,1.0,0.0,True,True,True
molmoact,5,wide_skinny,repeated_head,tile_8x8,tile,True,102760448,8,3584,3584,102760448,0.0,1.0,0.0,True,True,True
molmoact,5,wide_skinny,repeated_head,tile_8x16,tile,True,102760448,8,3584,3584,102760448,0.0,1.0,0.0,True,True,True
molmoact,5,wide_skinny,repeated_head,tile_16x16,tile,True,102760448,16,3584,3584,205520896,1.0,0.5,0.5,False,False,False
molmoact,5,wide_skinny,repeated_head,tile_16x32,tile,True,102760448,16,3584,3584,205520896,1.0,0.5,0.5,False,False,False
molmoact,5,wide_skinny,repeated_head,tile_32x32,tile,True,102760448,32,3584,3584,411041792,3.0,0.25,0.75,False,False,False
molmoact,5,wide_skinny,repeated_head,gemv_lane_64,gemv_lane,True,102760448,8,3584,3584,102760448,0.0,1.0,0.0,True,True,True
molmoact,5,wide_skinny,repeated_head,gemv_lane_128,gemv_lane,True,102760448,8,3584,3584,102760448,0.0,1.0,0.0,True,True,True
molmoact,5,wide_skinny,repeated_head,gemv_lane_256,gemv_lane,True,102760448,8,3584,3584,102760448,0.0,1.0,0.0,True,True,True
molmoact,6,wide_skinny,repeated_head,tile_8x8,tile,True,1086324736,8,37888,3584,1086324736,0.0,1.0,0.0,True,True,True
molmoact,6,wide_skinny,repeated_head,tile_8x16,tile,True,1086324736,8,37888,3584,1086324736,0.0,1.0,0.0,True,True,True
molmoact,6,wide_skinny,repeated_head,tile_16x16,tile,True,1086324736,16,37888,3584,2172649472,1.0,0.5,0.5,False,False,False
molmoact,6,wide_skinny,repeated_head,tile_16x32,tile,True,1086324736,16,37888,3584,2172649472,1.0,0.5,0.5,False,False,False
molmoact,6,wide_skinny,repeated_head,tile_32x32,tile,True,1086324736,32,37888,3584,4345298944,3.0,0.25,0.75,False,False,False
molmoact,6,wide_skinny,repeated_head,gemv_lane_64,gemv_lane,True,1086324736,8,37888,3584,1086324736,0.0,1.0,0.0,True,True,True
molmoact,6,wide_skinny,repeated_head,gemv_lane_128,gemv_lane,True,1086324736,8,37888,3584,1086324736,0.0,1.0,0.0,True,True,True
molmoact,6,wide_skinny,repeated_head,gemv_lane_256,gemv_lane,True,1086324736,8,37888,3584,1086324736,0.0,1.0,0.0,True,True,True
molmoact,7,wide_skinny,repeated_head,tile_8x8,tile,True,543162368,8,3584,18944,543162368,0.0,1.0,0.0,True,True,True
molmoact,7,wide_skinny,repeated_head,tile_8x16,tile,True,543162368,8,3584,18944,543162368,0.0,1.0,0.0,True,True,True
molmoact,7,wide_skinny,repeated_head,tile_16x16,tile,True,543162368,16,3584,18944,1086324736,1.0,0.5,0.5,False,False,False
molmoact,7,wide_skinny,repeated_head,tile_16x32,tile,True,543162368,16,3584,18944,1086324736,1.0,0.5,0.5,False,False,False
molmoact,7,wide_skinny,repeated_head,tile_32x32,tile,True,543162368,32,3584,18944,2172649472,3.0,0.25,0.75,False,False,False
molmoact,7,wide_skinny,repeated_head,gemv_lane_64,gemv_lane,True,543162368,8,3584,18944,543162368,0.0,1.0,0.0,True,True,True
molmoact,7,wide_skinny,repeated_head,gemv_lane_128,gemv_lane,True,543162368,8,3584,18944,543162368,0.0,1.0,0.0,True,True,True
molmoact,7,wide_skinny,repeated_head,gemv_lane_256,gemv_lane,True,543162368,8,3584,18944,543162368,0.0,1.0,0.0,True,True,True
molmoact,8,wide_skinny,repeated_head,tile_8x8,tile,True,132120576,8,4608,3584,132120576,0.0,1.0,0.0,True,True,True
molmoact,8,wide_skinny,repeated_head,tile_8x16,tile,True,132120576,8,4608,3584,132120576,0.0,1.0,0.0,True,True,True
molmoact,8,wide_skinny,repeated_head,tile_16x16,tile,True,132120576,16,4608,3584,264241152,1.0,0.5,0.5,False,False,False
molmoact,8,wide_skinny,repeated_head,tile_16x32,tile,True,132120576,16,4608,3584,264241152,1.0,0.5,0.5,False,False,False
molmoact,8,wide_skinny,repeated_head,tile_32x32,tile,True,132120576,32,4608,3584,528482304,3.0,0.25,0.75,False,False,False
molmoact,8,wide_skinny,repeated_head,gemv_lane_64,gemv_lane,True,132120576,8,4608,3584,132120576,0.0,1.0,0.0,True,True,True
molmoact,8,wide_skinny,repeated_head,gemv_lane_128,gemv_lane,True,132120576,8,4608,3584,132120576,0.0,1.0,0.0,True,True,True
molmoact,8,wide_skinny,repeated_head,gemv_lane_256,gemv_lane,True,132120576,8,4608,3584,132120576,0.0,1.0,0.0,True,True,True
molmoact,9,wide_skinny,repeated_head,tile_8x8,tile,True,102760448,8,3584,3584,102760448,0.0,1.0,0.0,True,True,True
molmoact,9,wide_skinny,repeated_head,tile_8x16,tile,True,102760448,8,3584,3584,102760448,0.0,1.0,0.0,True,True,True
molmoact,9,wide_skinny,repeated_head,tile_16x16,tile,True,102760448,16,3584,3584,205520896,1.0,0.5,0.5,False,False,False
molmoact,9,wide_skinny,repeated_head,tile_16x32,tile,True,102760448,16,3584,3584,205520896,1.0,0.5,0.5,False,False,False
molmoact,9,wide_skinny,repeated_head,tile_32x32,tile,True,102760448,32,3584,3584,411041792,3.0,0.25,0.75,False,False,False
molmoact,9,wide_skinny,repeated_head,gemv_lane_64,gemv_lane,True,102760448,8,3584,3584,102760448,0.0,1.0,0.0,True,True,True
molmoact,9,wide_skinny,repeated_head,gemv_lane_128,gemv_lane,True,102760448,8,3584,3584,102760448,0.0,1.0,0.0,True,True,True
molmoact,9,wide_skinny,repeated_head,gemv_lane_256,gemv_lane,True,102760448,8,3584,3584,102760448,0.0,1.0,0.0,True,True,True
molmoact,10,wide_skinny,repeated_head,tile_8x8,tile,True,1086324736,8,37888,3584,1086324736,0.0,1.0,0.0,True,True,True
molmoact,10,wide_skinny,repeated_head,tile_8x16,tile,True,1086324736,8,37888,3584,1086324736,0.0,1.0,0.0,True,True,True
molmoact,10,wide_skinny,repeated_head,tile_16x16,tile,True,1086324736,16,37888,3584,2172649472,1.0,0.5,0.5,False,False,False
molmoact,10,wide_skinny,repeated_head,tile_16x32,tile,True,1086324736,16,37888,3584,2172649472,1.0,0.5,0.5,False,False,False
molmoact,10,wide_skinny,repeated_head,tile_32x32,tile,True,1086324736,32,37888,3584,4345298944,3.0,0.25,0.75,False,False,False
molmoact,10,wide_skinny,repeated_head,gemv_lane_64,gemv_lane,True,1086324736,8,37888,3584,1086324736,0.0,1.0,0.0,True,True,True
molmoact,10,wide_skinny,repeated_head,gemv_lane_128,gemv_lane,True,1086324736,8,37888,3584,1086324736,0.0,1.0,0.0,True,True,True
molmoact,10,wide_skinny,repeated_head,gemv_lane_256,gemv_lane,True,1086324736,8,37888,3584,1086324736,0.0,1.0,0.0,True,True,True
molmoact,11,wide_skinny,repeated_head,tile_8x8,tile,True,543162368,8,3584,18944,543162368,0.0,1.0,0.0,True,True,True
molmoact,11,wide_skinny,repeated_head,tile_8x16,tile,True,543162368,8,3584,18944,543162368,0.0,1.0,0.0,True,True,True
molmoact,11,wide_skinny,repeated_head,tile_16x16,tile,True,543162368,16,3584,18944,1086324736,1.0,0.5,0.5,False,False,False
molmoact,11,wide_skinny,repeated_head,tile_16x32,tile,True,543162368,16,3584,18944,1086324736,1.0,0.5,0.5,False,False,False
molmoact,11,wide_skinny,repeated_head,tile_32x32,tile,True,543162368,32,3584,18944,2172649472,3.0,0.25,0.75,False,False,False
molmoact,11,wide_skinny,repeated_head,gemv_lane_64,gemv_lane,True,543162368,8,3584,18944,543162368,0.0,1.0,0.0,True,True,True
molmoact,11,wide_skinny,repeated_head,gemv_lane_128,gemv_lane,True,543162368,8,3584,18944,543162368,0.0,1.0,0.0,True,True,True
molmoact,11,wide_skinny,repeated_head,gemv_lane_256,gemv_lane,True,543162368,8,3584,18944,543162368,0.0,1.0,0.0,True,True,True
molmoact,12,wide_skinny,repeated_head,tile_8x8,tile,True,132120576,8,4608,3584,132120576,0.0,1.0,0.0,True,True,True
molmoact,12,wide_skinny,repeated_head,tile_8x16,tile,True,132120576,8,4608,3584,132120576,0.0,1.0,0.0,True,True,True
molmoact,12,wide_skinny,repeated_head,tile_16x16,tile,True,132120576,16,4608,3584,264241152,1.0,0.5,0.5,False,False,False
molmoact,12,wide_skinny,repeated_head,tile_16x32,tile,True,132120576,16,4608,3584,264241152,1.0,0.5,0.5,False,False,False
molmoact,12,wide_skinny,repeated_head,tile_32x32,tile,True,132120576,32,4608,3584,528482304,3.0,0.25,0.75,False,False,False
molmoact,12,wide_skinny,repeated_head,gemv_lane_64,gemv_lane,True,132120576,8,4608,3584,132120576,0.0,1.0,0.0,True,True,True
molmoact,12,wide_skinny,repeated_head,gemv_lane_128,gemv_lane,True,132120576,8,4608,3584,132120576,0.0,1.0,0.0,True,True,True
molmoact,12,wide_skinny,repeated_head,gemv_lane_256,gemv_lane,True,132120576,8,4608,3584,132120576,0.0,1.0,0.0,True,True,True
molmoact,13,wide_skinny,repeated_head,tile_8x8,tile,True,102760448,8,3584,3584,102760448,0.0,1.0,0.0,True,True,True
molmoact,13,wide_skinny,repeated_head,tile_8x16,tile,True,102760448,8,3584,3584,102760448,0.0,1.0,0.0,True,True,True
molmoact,13,wide_skinny,repeated_head,tile_16x16,tile,True,102760448,16,3584,3584,205520896,1.0,0.5,0.5,False,False,False
molmoact,13,wide_skinny,repeated_head,tile_16x32,tile,True,102760448,16,3584,3584,205520896,1.0,0.5,0.5,False,False,False
molmoact,13,wide_skinny,repeated_head,tile_32x32,tile,True,102760448,32,3584,3584,411041792,3.0,0.25,0.75,False,False,False
molmoact,13,wide_skinny,repeated_head,gemv_lane_64,gemv_lane,True,102760448,8,3584,3584,102760448,0.0,1.0,0.0,True,True,True
molmoact,13,wide_skinny,repeated_head,gemv_lane_128,gemv_lane,True,102760448,8,3584,3584,102760448,0.0,1.0,0.0,True,True,True
molmoact,13,wide_skinny,repeated_head,gemv_lane_256,gemv_lane,True,102760448,8,3584,3584,102760448,0.0,1.0,0.0,True,True,True
molmoact,14,wide_skinny,repeated_head,tile_8x8,tile,True,1086324736,8,37888,3584,1086324736,0.0,1.0,0.0,True,True,True
molmoact,14,wide_skinny,repeated_head,tile_8x16,tile,True,1086324736,8,37888,3584,1086324736,0.0,1.0,0.0,True,True,True
molmoact,14,wide_skinny,repeated_head,tile_16x16,tile,True,1086324736,16,37888,3584,2172649472,1.0,0.5,0.5,False,False,False
molmoact,14,wide_skinny,repeated_head,tile_16x32,tile,True,1086324736,16,37888,3584,2172649472,1.0,0.5,0.5,False,False,False
molmoact,14,wide_skinny,repeated_head,tile_32x32,tile,True,1086324736,32,37888,3584,4345298944,3.0,0.25,0.75,False,False,False
molmoact,14,wide_skinny,repeated_head,gemv_lane_64,gemv_lane,True,1086324736,8,37888,3584,1086324736,0.0,1.0,0.0,True,True,True
molmoact,14,wide_skinny,repeated_head,gemv_lane_128,gemv_lane,True,1086324736,8,37888,3584,1086324736,0.0,1.0,0.0,True,True,True
molmoact,14,wide_skinny,repeated_head,gemv_lane_256,gemv_lane,True,1086324736,8,37888,3584,1086324736,0.0,1.0,0.0,True,True,True
molmoact,15,wide_skinny,repeated_head,tile_8x8,tile,True,543162368,8,3584,18944,543162368,0.0,1.0,0.0,True,True,True
molmoact,15,wide_skinny,repeated_head,tile_8x16,tile,True,543162368,8,3584,18944,543162368,0.0,1.0,0.0,True,True,True
molmoact,15,wide_skinny,repeated_head,tile_16x16,tile,True,543162368,16,3584,18944,1086324736,1.0,0.5,0.5,False,False,False
molmoact,15,wide_skinny,repeated_head,tile_16x32,tile,True,543162368,16,3584,18944,1086324736,1.0,0.5,0.5,False,False,False
molmoact,15,wide_skinny,repeated_head,tile_32x32,tile,True,543162368,32,3584,18944,2172649472,3.0,0.25,0.75,False,False,False
molmoact,15,wide_skinny,repeated_head,gemv_lane_64,gemv_lane,True,543162368,8,3584,18944,543162368,0.0,1.0,0.0,True,True,True
molmoact,15,wide_skinny,repeated_head,gemv_lane_128,gemv_lane,True,543162368,8,3584,18944,543162368,0.0,1.0,0.0,True,True,True
molmoact,15,wide_skinny,repeated_head,gemv_lane_256,gemv_lane,True,543162368,8,3584,18944,543162368,0.0,1.0,0.0,True,True,True
molmoact,16,wide_skinny,repeated_head,tile_8x8,tile,True,117440512,8,4096,3584,117440512,0.0,1.0,0.0,True,True,True
molmoact,16,wide_skinny,repeated_head,tile_8x16,tile,True,117440512,8,4096,3584,117440512,0.0,1.0,0.0,True,True,True
molmoact,16,wide_skinny,repeated_head,tile_16x16,tile,True,117440512,16,4096,3584,234881024,1.0,0.5,0.5,False,False,False
molmoact,16,wide_skinny,repeated_head,tile_16x32,tile,True,117440512,16,4096,3584,234881024,1.0,0.5,0.5,False,False,False
molmoact,16,wide_skinny,repeated_head,tile_32x32,tile,True,117440512,32,4096,3584,469762048,3.0,0.25,0.75,False,False,False
molmoact,16,wide_skinny,repeated_head,gemv_lane_64,gemv_lane,True,117440512,8,4096,3584,117440512,0.0,1.0,0.0,True,True,True
molmoact,16,wide_skinny,repeated_head,gemv_lane_128,gemv_lane,True,117440512,8,4096,3584,117440512,0.0,1.0,0.0,True,True,True
molmoact,16,wide_skinny,repeated_head,gemv_lane_256,gemv_lane,True,117440512,8,4096,3584,117440512,0.0,1.0,0.0,True,True,True
