workload,op_index,op_kind,pattern,has_bias,has_activation,has_scale,has_clamp,has_cast,epilogue_generics,reshape_separated_epilogue,evidence
rdt,0,matmul,matmul->bias,True,False,False,False,False,1,False,recovered_from_ir
rdt,1,matmul,matmul->bias->scale->activation,True,True,True,False,False,2,False,recovered_from_ir
rdt,2,matmul,matmul->bias,True,False,False,False,False,1,False,recovered_from_ir
rdt,3,matmul,matmul->bias->scale->activation,True,True,True,False,False,2,False,recovered_from_ir
rdt,4,matmul,matmul->bias,True,False,False,False,False,1,False,recovered_from_ir
rdt,5,matmul,matmul->bias,True,False,False,False,False,1,False,recovered_from_ir
rdt,6,matmul,matmul->bias,True,False,False,False,False,3,False,recovered_from_ir
rdt,7,matmul,matmul->bias,True,False,False,False,False,1,False,recovered_from_ir
rdt,8,matmul,matmul->bias,True,False,False,False,False,1,False,recovered_from_ir
rdt,9,matmul,matmul->bias,True,False,False,False,False,3,False,recovered_from_ir
rdt,10,matmul,matmul->bias->scale->activation,True,True,True,False,False,2,False,recovered_from_ir
rdt,11,matmul,matmul->bias,True,False,False,False,False,3,False,recovered_from_ir
rdt,12,matmul,matmul->bias,True,False,False,False,False,1,False,recovered_from_ir
rdt,13,matmul,matmul->bias,True,False,False,False,False,3,False,recovered_from_ir
rdt,14,matmul,matmul->bias,True,False,False,False,False,1,False,recovered_from_ir
rdt,15,matmul,matmul->bias,True,False,False,False,False,1,False,recovered_from_ir
rdt,16,matmul,matmul->bias,True,False,False,False,False,3,False,recovered_from_ir
rdt,17,matmul,matmul->bias->scale->activation,True,True,True,False,False,2,False,recovered_from_ir
rdt,18,matmul,matmul->bias,True,False,False,False,False,2,False,recovered_from_ir
rdt,19,matmul,matmul->bias->scale->activation,True,True,True,False,False,2,False,recovered_from_ir
rdt,20,matmul,matmul->bias,True,False,False,False,False,1,False,recovered_from_ir
openvla,0,matmul,matmul,False,False,False,False,False,0,True,recovered_from_ir
openvla,1,matmul,matmul,False,False,False,False,False,0,True,recovered_from_ir
openvla,2,matmul,matmul,False,False,False,False,False,0,True,recovered_from_ir
openvla,3,matmul,matmul->bias->scale,True,False,True,False,False,8,False,recovered_from_ir
openvla,4,matmul,matmul->bias->scale->activation,True,True,True,False,False,2,False,recovered_from_ir
openvla,5,matmul,matmul->scale,False,False,True,False,False,1,False,recovered_from_ir
openvla,6,matmul,matmul->bias->scale,True,False,True,False,False,8,False,recovered_from_ir
openvla,7,matmul,matmul,False,False,False,False,False,0,True,recovered_from_ir
openvla,8,matmul,matmul,False,False,False,False,False,0,True,recovered_from_ir
openvla,9,matmul,matmul,False,False,False,False,False,0,True,recovered_from_ir
openvla,10,matmul,matmul->bias->scale,True,False,True,False,False,5,False,recovered_from_ir
openvla,11,matmul,matmul->bias->scale->activation,True,True,True,False,False,2,False,recovered_from_ir
openvla,12,matmul,matmul->scale,False,False,True,False,False,1,False,recovered_from_ir
openvla,13,matmul,matmul->bias,True,False,False,False,False,1,False,recovered_from_ir
openvla,14,matmul,matmul,False,False,False,False,False,0,True,recovered_from_ir
openvla,15,matmul,matmul,False,False,False,False,False,0,True,recovered_from_ir
openvla,16,matmul,matmul,False,False,False,False,False,0,True,recovered_from_ir
openvla,17,matmul,matmul,False,False,False,False,False,0,True,recovered_from_ir
openvla,18,matmul,matmul->bias->scale,True,False,True,False,False,8,False,recovered_from_ir
openvla,19,matmul,matmul->bias->scale->activation,True,True,True,False,False,2,False,recovered_from_ir
openvla,20,matmul,matmul->scale,False,False,True,False,False,1,False,recovered_from_ir
openvla,21,matmul,matmul->bias->scale,True,False,True,False,False,8,False,recovered_from_ir
openvla,22,matmul,matmul,False,False,False,False,False,0,True,recovered_from_ir
openvla,23,matmul,matmul,False,False,False,False,False,0,True,recovered_from_ir
openvla,24,matmul,matmul,False,False,False,False,False,0,True,recovered_from_ir
openvla,25,matmul,matmul->bias->scale,True,False,True,False,False,7,False,recovered_from_ir
openvla,26,matmul,matmul->bias->scale->activation,True,True,True,False,False,2,False,recovered_from_ir
openvla,27,matmul,matmul->scale,False,False,True,False,False,1,False,recovered_from_ir
openvla,28,matmul,matmul->bias->scale,True,False,True,False,False,4,False,recovered_from_ir
openvla,29,matmul,matmul,False,False,False,False,False,0,True,recovered_from_ir
tiny_llama,0,matmul,matmul,False,False,False,False,False,0,True,recovered_from_ir
tiny_llama,1,matmul,matmul,False,False,False,False,False,0,True,recovered_from_ir
tiny_llama,2,matmul,matmul,False,False,False,False,False,0,True,recovered_from_ir
tiny_llama,3,matmul,matmul,False,False,False,False,False,0,True,recovered_from_ir
tiny_llama,4,matmul,matmul,False,False,False,False,False,0,True,recovered_from_ir
tiny_llama,5,matmul,matmul,False,False,False,False,False,0,True,recovered_from_ir
tiny_llama,6,matmul,matmul,False,False,False,False,False,0,True,recovered_from_ir
tiny_llama,7,matmul,matmul,False,False,False,False,False,0,True,recovered_from_ir
tiny_llama,8,matmul,matmul,False,False,False,False,False,0,True,recovered_from_ir
tiny_llama,9,matmul,matmul,False,False,False,False,False,0,True,recovered_from_ir
tiny_llama,10,matmul,matmul,False,False,False,False,False,0,True,recovered_from_ir
tiny_llama,11,matmul,matmul,False,False,False,False,False,0,True,recovered_from_ir
tiny_llama,12,matmul,matmul,False,False,False,False,False,0,True,recovered_from_ir
tiny_llama,13,matmul,matmul,False,False,False,False,False,0,True,recovered_from_ir
tiny_llama,14,matmul,matmul,False,False,False,False,False,0,True,recovered_from_ir
tiny_llama,15,matmul,matmul,False,False,False,False,False,0,True,recovered_from_ir
tiny_llama,16,matmul,matmul,False,False,False,False,False,0,True,recovered_from_ir
tiny_llama,17,matmul,matmul,False,False,False,False,False,0,True,recovered_from_ir
tiny_llama,18,matmul,matmul,False,False,False,False,False,0,True,recovered_from_ir
tiny_llama,19,matmul,matmul,False,False,False,False,False,0,True,recovered_from_ir
tiny_llama,20,matmul,matmul,False,False,False,False,False,0,True,recovered_from_ir
tiny_llama,21,matmul,matmul,False,False,False,False,False,0,True,recovered_from_ir
tiny_llama,22,matmul,matmul,False,False,False,False,False,0,True,recovered_from_ir
tiny_llama,23,matmul,matmul,False,False,False,False,False,0,True,recovered_from_ir
tiny_llama,24,matmul,matmul,False,False,False,False,False,0,True,recovered_from_ir
tiny_llama,25,matmul,matmul,False,False,False,False,False,0,True,recovered_from_ir
tiny_llama,26,matmul,matmul,False,False,False,False,False,0,True,recovered_from_ir
tiny_llama,27,matmul,matmul,False,False,False,False,False,0,True,recovered_from_ir
tiny_llama,28,matmul,matmul,False,False,False,False,False,0,True,recovered_from_ir
tiny_llama,29,matmul,matmul,False,False,False,False,False,0,True,recovered_from_ir
rdt2,0,matmul,matmul->bias->scale->activation,True,True,True,False,False,2,False,recovered_from_ir
rdt2,1,matmul,matmul->bias,True,False,False,False,False,2,False,recovered_from_ir
rdt2,2,matmul,matmul->bias->scale->activation,True,True,True,False,False,2,False,recovered_from_ir
rdt2,3,matmul,matmul->bias->scale->activation,True,True,True,False,False,2,False,recovered_from_ir
rdt2,4,matmul,matmul->bias,True,False,False,False,False,1,False,recovered_from_ir
rdt2,5,matmul,matmul->bias,True,False,False,False,False,1,False,recovered_from_ir
rdt2,6,matmul,matmul,False,False,False,False,False,0,True,recovered_from_ir
rdt2,7,matmul,matmul,False,False,False,False,False,0,True,recovered_from_ir
rdt2,8,matmul,matmul->bias->scale,True,False,True,False,False,5,False,recovered_from_ir
rdt2,9,matmul,matmul,False,False,False,False,False,0,True,recovered_from_ir
rdt2,10,matmul,matmul->bias->scale,True,False,True,False,False,5,False,recovered_from_ir
rdt2,11,matmul,matmul->bias->scale->activation,True,True,True,False,False,2,False,recovered_from_ir
rdt2,12,matmul,matmul->scale,False,False,True,False,False,1,False,recovered_from_ir
rdt2,13,matmul,matmul->bias->scale,True,False,True,False,False,5,False,recovered_from_ir
rdt2,14,matmul,matmul->bias,True,False,False,False,False,1,False,recovered_from_ir
rdt2,15,matmul,matmul,False,False,False,False,False,0,True,recovered_from_ir
rdt2,16,matmul,matmul,False,False,False,False,False,0,True,recovered_from_ir
rdt2,17,matmul,matmul->bias->scale,True,False,True,False,False,5,False,recovered_from_ir
rdt2,18,matmul,matmul,False,False,False,False,False,0,True,recovered_from_ir
rdt2,19,matmul,matmul->bias->scale,True,False,True,False,False,5,False,recovered_from_ir
rdt2,20,matmul,matmul->bias->scale->activation,True,True,True,False,False,2,False,recovered_from_ir
rdt2,21,matmul,matmul->scale,False,False,True,False,False,1,False,recovered_from_ir
rdt2,22,matmul,matmul->bias->scale,True,False,True,False,False,4,False,recovered_from_ir
rdt2,23,matmul,matmul->bias,True,False,False,False,False,1,False,recovered_from_ir
rdt2,24,matmul,matmul->bias->scale->activation,True,True,True,False,False,2,False,recovered_from_ir
rdt2,25,matmul,matmul->bias,True,False,False,False,False,1,False,recovered_from_ir
groot_n1d7,0,addmm,matmul->bias->scale->activation,True,True,True,False,False,3,False,recovered_from_ir
groot_n1d7,1,addmm,matmul->bias->scale->activation,True,True,True,False,False,35,False,recovered_from_ir
groot_n1d7,2,addmm,matmul->bias,True,False,False,False,False,1,False,recovered_from_ir
groot_n1d7,3,addmm,matmul->bias,True,False,False,False,False,1,False,recovered_from_ir
groot_n1d7,4,addmm,matmul->bias,True,False,False,False,False,1,False,recovered_from_ir
groot_n1d7,5,addmm,matmul->bias,True,False,False,False,False,1,False,recovered_from_ir
groot_n1d7,6,addmm,matmul->bias,True,False,False,False,False,1,False,recovered_from_ir
groot_n1d7,7,addmm,matmul->bias,True,False,False,False,False,1,False,recovered_from_ir
groot_n1d7,8,addmm,matmul->bias,True,False,False,False,False,1,False,recovered_from_ir
groot_n1d7,9,addmm,matmul->bias,True,False,False,False,False,1,False,recovered_from_ir
groot_n1d7,10,addmm,matmul->bias,True,False,False,False,False,1,False,recovered_from_ir
groot_n1d7,11,addmm,matmul->bias,True,False,False,False,False,1,False,recovered_from_ir
groot_n1d7,12,addmm,matmul->bias,True,False,False,False,False,1,False,recovered_from_ir
groot_n1d7,13,addmm,matmul->bias,True,False,False,False,False,1,False,recovered_from_ir
groot_n1d7,14,addmm,matmul->bias,True,False,False,False,False,1,False,recovered_from_ir
groot_n1d7,15,addmm,matmul->bias,True,False,False,False,False,1,False,recovered_from_ir
groot_n1d7,16,addmm,matmul->bias,True,False,False,False,False,1,False,recovered_from_ir
groot_n1d7,17,addmm,matmul->bias,True,False,False,False,False,1,False,recovered_from_ir
groot_n1d7,18,addmm,matmul->bias,True,False,False,False,False,1,False,recovered_from_ir
groot_n1d7,19,addmm,matmul->bias,True,False,False,False,False,1,False,recovered_from_ir
groot_n1d7,20,addmm,matmul->bias,True,False,False,False,False,1,False,recovered_from_ir
groot_n1d7,21,addmm,matmul->bias,True,False,False,False,False,1,False,recovered_from_ir
groot_n1d7,22,addmm,matmul->bias,True,False,False,False,False,1,False,recovered_from_ir
groot_n1d7,23,addmm,matmul->bias,True,False,False,False,False,1,False,recovered_from_ir
groot_n1d7,24,addmm,matmul->bias,True,False,False,False,False,1,False,recovered_from_ir
groot_n1d7,25,addmm,matmul->bias,True,False,False,False,False,1,False,recovered_from_ir
groot_n1d7,26,addmm,matmul->bias,True,False,False,False,False,1,False,recovered_from_ir
groot_n1d7,27,addmm,matmul->bias,True,False,False,False,False,1,False,recovered_from_ir
groot_n1d7,28,addmm,matmul->bias,True,False,False,False,False,1,False,recovered_from_ir
groot_n1d7,29,addmm,matmul->bias,True,False,False,False,False,1,False,recovered_from_ir
groot_n1d7,30,addmm,matmul->bias,True,False,False,False,False,1,False,recovered_from_ir
groot_n1d7,31,addmm,matmul->bias,True,False,False,False,False,1,False,recovered_from_ir
groot_n1d7,32,addmm,matmul->bias,True,False,False,False,False,1,False,recovered_from_ir
groot_n1d7,33,addmm,matmul->bias,True,False,False,False,False,1,False,recovered_from_ir
groot_n1d7,34,addmm,matmul->bias,True,False,False,False,False,1,False,recovered_from_ir
groot_n1d7,35,addmm,matmul->bias,True,False,False,False,False,1,False,recovered_from_ir
groot_n1d7,36,addmm,matmul->bias,True,False,False,False,False,1,False,recovered_from_ir
groot_n1d7,37,addmm,matmul->bias,True,False,False,False,False,1,False,recovered_from_ir
groot_n1d7,38,addmm,matmul->bias,True,False,False,False,False,1,False,recovered_from_ir
groot_n1d7,39,addmm,matmul->bias,True,False,False,False,False,1,False,recovered_from_ir
groot_n1d7,40,addmm,matmul->bias,True,False,False,False,False,1,False,recovered_from_ir
groot_n1d7,41,addmm,matmul->bias,True,False,False,False,False,1,False,recovered_from_ir
groot_n1d7,42,addmm,matmul->bias,True,False,False,False,False,1,False,recovered_from_ir
groot_n1d7,43,addmm,matmul->bias,True,False,False,False,False,1,False,recovered_from_ir
groot_n1d7,44,addmm,matmul->bias,True,False,False,False,False,1,False,recovered_from_ir
groot_n1d7,45,addmm,matmul->bias,True,False,False,False,False,1,False,recovered_from_ir
groot_n1d7,46,addmm,matmul->bias,True,False,False,False,False,1,False,recovered_from_ir
groot_n1d7,47,addmm,matmul->bias,True,False,False,False,False,1,False,recovered_from_ir
groot_n1d7,48,addmm,matmul->bias,True,False,False,False,False,1,False,recovered_from_ir
groot_n1d7,49,addmm,matmul->bias,True,False,False,False,False,1,False,recovered_from_ir
groot_n1d7,50,addmm,matmul->bias,True,False,False,False,False,1,False,recovered_from_ir
groot_n1d7,51,addmm,matmul->bias,True,False,False,False,False,1,False,recovered_from_ir
groot_n1d7,52,addmm,matmul->bias,True,False,False,False,False,1,False,recovered_from_ir
groot_n1d7,53,addmm,matmul->bias,True,False,False,False,False,1,False,recovered_from_ir
groot_n1d7,54,addmm,matmul->bias,True,False,False,False,False,1,False,recovered_from_ir
groot_n1d7,55,addmm,matmul->bias,True,False,False,False,False,1,False,recovered_from_ir
groot_n1d7,56,addmm,matmul->bias,True,False,False,False,False,1,False,recovered_from_ir
groot_n1d7,57,addmm,matmul->bias,True,False,False,False,False,1,False,recovered_from_ir
groot_n1d7,58,addmm,matmul->bias,True,False,False,False,False,1,False,recovered_from_ir
groot_n1d7,59,addmm,matmul->bias,True,False,False,False,False,1,False,recovered_from_ir
groot_n1d7,60,addmm,matmul->bias,True,False,False,False,False,1,False,recovered_from_ir
groot_n1d7,61,addmm,matmul->bias,True,False,False,False,False,1,False,recovered_from_ir
groot_n1d7,62,addmm,matmul->bias,True,False,False,False,False,1,False,recovered_from_ir
groot_n1d7,63,addmm,matmul->bias,True,False,False,False,False,1,False,recovered_from_ir
groot_n1d7,64,addmm,matmul->bias,True,False,False,False,False,1,False,recovered_from_ir
groot_n1d7,65,addmm,matmul->bias,True,False,False,False,False,1,False,recovered_from_ir
groot_n1d7,66,addmm,matmul->bias,True,False,False,False,False,1,False,recovered_from_ir
groot_n1d7,67,addmm,matmul->bias,True,False,False,False,False,1,False,recovered_from_ir
groot_n1d7,68,addmm,matmul->bias,True,False,False,False,False,1,False,recovered_from_ir
groot_n1d7,69,addmm,matmul->bias,True,False,False,False,False,1,False,recovered_from_ir
groot_n1d7,70,addmm,matmul->bias,True,False,False,False,False,1,False,recovered_from_ir
groot_n1d7,71,addmm,matmul->bias,True,False,False,False,False,1,False,recovered_from_ir
groot_n1d7,72,addmm,matmul->bias,True,False,False,False,False,1,False,recovered_from_ir
groot_n1d7,73,addmm,matmul->bias,True,False,False,False,False,1,False,recovered_from_ir
groot_n1d7,74,addmm,matmul->bias,True,False,False,False,False,1,False,recovered_from_ir
groot_n1d7,75,addmm,matmul->bias,True,False,False,False,False,1,False,recovered_from_ir
groot_n1d7,76,addmm,matmul->bias,True,False,False,False,False,1,False,recovered_from_ir
groot_n1d7,77,addmm,matmul->bias,True,False,False,False,False,1,False,recovered_from_ir
groot_n1d7,78,addmm,matmul->bias,True,False,False,False,False,1,False,recovered_from_ir
groot_n1d7,79,addmm,matmul->bias,True,False,False,False,False,1,False,recovered_from_ir
groot_n1d7,80,addmm,matmul->bias,True,False,False,False,False,1,False,recovered_from_ir
groot_n1d7,81,addmm,matmul->bias,True,False,False,False,False,1,False,recovered_from_ir
groot_n1d7,82,addmm,matmul->bias,True,False,False,False,False,1,False,recovered_from_ir
groot_n1d7,83,addmm,matmul->bias,True,False,False,False,False,1,False,recovered_from_ir
groot_n1d7,84,addmm,matmul->bias,True,False,False,False,False,1,False,recovered_from_ir
groot_n1d7,85,addmm,matmul->bias,True,False,False,False,False,1,False,recovered_from_ir
groot_n1d7,86,addmm,matmul->bias,True,False,False,False,False,1,False,recovered_from_ir
groot_n1d7,87,addmm,matmul->bias,True,False,False,False,False,1,False,recovered_from_ir
groot_n1d7,88,addmm,matmul->bias,True,False,False,False,False,1,False,recovered_from_ir
groot_n1d7,89,addmm,matmul->bias,True,False,False,False,False,1,False,recovered_from_ir
groot_n1d7,90,addmm,matmul->bias,True,False,False,False,False,1,False,recovered_from_ir
groot_n1d7,91,addmm,matmul->bias,True,False,False,False,False,1,False,recovered_from_ir
groot_n1d7,92,addmm,matmul->bias,True,False,False,False,False,1,False,recovered_from_ir
groot_n1d7,93,addmm,matmul->bias,True,False,False,False,False,1,False,recovered_from_ir
groot_n1d7,94,addmm,matmul->bias,True,False,False,False,False,1,False,recovered_from_ir
groot_n1d7,95,addmm,matmul->bias,True,False,False,False,False,1,False,recovered_from_ir
groot_n1d7,96,addmm,matmul->bias,True,False,False,False,False,1,False,recovered_from_ir
groot_n1d7,97,addmm,matmul->bias,True,False,False,False,False,1,False,recovered_from_ir
groot_n1d7,98,addmm,matmul->bias,True,False,False,False,False,1,False,recovered_from_ir
groot_n1d7,99,addmm,matmul->bias,True,False,False,False,False,1,False,recovered_from_ir
groot_n1d7,100,addmm,matmul->bias,True,False,False,False,False,1,False,recovered_from_ir
groot_n1d7,101,addmm,matmul->bias,True,False,False,False,False,1,False,recovered_from_ir
groot_n1d7,102,addmm,matmul->bias,True,False,False,False,False,1,False,recovered_from_ir
groot_n1d7,103,addmm,matmul->bias,True,False,False,False,False,1,False,recovered_from_ir
groot_n1d7,104,addmm,matmul->bias,True,False,False,False,False,1,False,recovered_from_ir
groot_n1d7,105,addmm,matmul->bias,True,False,False,False,False,1,False,recovered_from_ir
groot_n1d7,106,addmm,matmul->bias,True,False,False,False,False,1,False,recovered_from_ir
groot_n1d7,107,addmm,matmul->bias,True,False,False,False,False,1,False,recovered_from_ir
groot_n1d7,108,addmm,matmul->bias,True,False,False,False,False,1,False,recovered_from_ir
groot_n1d7,109,addmm,matmul->bias,True,False,False,False,False,1,False,recovered_from_ir
groot_n1d7,110,addmm,matmul->bias,True,False,False,False,False,1,False,recovered_from_ir
groot_n1d7,111,addmm,matmul->bias,True,False,False,False,False,1,False,recovered_from_ir
groot_n1d7,112,addmm,matmul->bias,True,False,False,False,False,1,False,recovered_from_ir
groot_n1d7,113,addmm,matmul->bias,True,False,False,False,False,1,False,recovered_from_ir
groot_n1d7,114,addmm,matmul->bias,True,False,False,False,False,1,False,recovered_from_ir
groot_n1d7,115,addmm,matmul->bias,True,False,False,False,False,1,False,recovered_from_ir
molmoact,0,addmm,matmul->bias,True,False,False,False,False,1,False,recovered_from_ir
molmoact,1,matmul,matmul,False,False,False,False,False,0,True,recovered_from_ir
molmoact,2,matmul,matmul,False,False,False,False,False,0,True,recovered_from_ir
molmoact,3,matmul,matmul,False,False,False,False,False,0,True,recovered_from_ir
molmoact,4,addmm,matmul->bias,True,False,False,False,False,1,False,recovered_from_ir
molmoact,5,matmul,matmul,False,False,False,False,False,0,True,recovered_from_ir
molmoact,6,matmul,matmul,False,False,False,False,False,0,True,recovered_from_ir
molmoact,7,matmul,matmul,False,False,False,False,False,0,True,recovered_from_ir
molmoact,8,addmm,matmul->bias,True,False,False,False,False,1,False,recovered_from_ir
molmoact,9,matmul,matmul,False,False,False,False,False,0,True,recovered_from_ir
molmoact,10,matmul,matmul,False,False,False,False,False,0,True,recovered_from_ir
molmoact,11,matmul,matmul,False,False,False,False,False,0,True,recovered_from_ir
molmoact,12,addmm,matmul->bias,True,False,False,False,False,1,False,recovered_from_ir
molmoact,13,matmul,matmul,False,False,False,False,False,0,True,recovered_from_ir
molmoact,14,matmul,matmul,False,False,False,False,False,0,True,recovered_from_ir
molmoact,15,matmul,matmul,False,False,False,False,False,0,True,recovered_from_ir
molmoact,16,matmul,matmul,False,False,False,False,False,0,True,recovered_from_ir
molmoact,17,addmm,matmul->bias,True,False,False,False,False,1,False,recovered_from_ir
molmoact,18,matmul,matmul,False,False,False,False,False,0,True,recovered_from_ir
molmoact,19,matmul,matmul,False,False,False,False,False,0,True,recovered_from_ir
molmoact,20,matmul,matmul,False,False,False,False,False,0,True,recovered_from_ir
molmoact,21,addmm,matmul->bias,True,False,False,False,False,1,False,recovered_from_ir
molmoact,22,matmul,matmul,False,False,False,False,False,0,True,recovered_from_ir
molmoact,23,matmul,matmul,False,False,False,False,False,0,True,recovered_from_ir
molmoact,24,matmul,matmul,False,False,False,False,False,0,True,recovered_from_ir
molmoact,25,addmm,matmul->bias,True,False,False,False,False,1,False,recovered_from_ir
molmoact,26,matmul,matmul,False,False,False,False,False,0,True,recovered_from_ir
molmoact,27,matmul,matmul,False,False,False,False,False,0,True,recovered_from_ir
molmoact,28,matmul,matmul,False,False,False,False,False,0,True,recovered_from_ir
molmoact,29,addmm,matmul->bias,True,False,False,False,False,1,False,recovered_from_ir
molmoact,30,matmul,matmul,False,False,False,False,False,0,True,recovered_from_ir
molmoact,31,matmul,matmul,False,False,False,False,False,0,True,recovered_from_ir
molmoact,32,matmul,matmul,False,False,False,False,False,0,True,recovered_from_ir
molmoact,33,matmul,matmul,False,False,False,False,False,0,True,recovered_from_ir
smolvla,0,matmul,matmul->bias,True,False,False,False,False,1,False,recovered_from_ir
smolvla,1,matmul,matmul->bias,True,False,False,False,False,1,False,recovered_from_ir
smolvla,2,matmul,matmul->bias,True,False,False,False,False,1,False,recovered_from_ir
smolvla,3,matmul,matmul->bias,True,False,False,False,False,4,False,recovered_from_ir
smolvla,4,matmul,matmul->bias->scale->activation,True,True,True,False,False,2,False,recovered_from_ir
smolvla,5,matmul,matmul->bias,True,False,False,False,False,4,False,recovered_from_ir
smolvla,6,matmul,matmul->bias,True,False,False,False,False,1,False,recovered_from_ir
smolvla,7,matmul,matmul->bias,True,False,False,False,False,1,False,recovered_from_ir
smolvla,8,matmul,matmul->bias,True,False,False,False,False,1,False,recovered_from_ir
smolvla,9,matmul,matmul->bias,True,False,False,False,False,4,False,recovered_from_ir
smolvla,10,matmul,matmul->bias->scale->activation,True,True,True,False,False,2,False,recovered_from_ir
smolvla,11,matmul,matmul->bias,True,False,False,False,False,4,False,recovered_from_ir
smolvla,12,matmul,matmul->bias,True,False,False,False,False,1,False,recovered_from_ir
smolvla,13,matmul,matmul->bias,True,False,False,False,False,1,False,recovered_from_ir
smolvla,14,matmul,matmul->bias,True,False,False,False,False,1,False,recovered_from_ir
smolvla,15,matmul,matmul->bias,True,False,False,False,False,4,False,recovered_from_ir
smolvla,16,matmul,matmul->bias->scale->activation,True,True,True,False,False,2,False,recovered_from_ir
smolvla,17,matmul,matmul->bias,True,False,False,False,False,4,False,recovered_from_ir
smolvla,18,matmul,matmul->bias,True,False,False,False,False,1,False,recovered_from_ir
smolvla,19,matmul,matmul->bias,True,False,False,False,False,1,False,recovered_from_ir
smolvla,20,matmul,matmul->bias,True,False,False,False,False,1,False,recovered_from_ir
smolvla,21,matmul,matmul->bias,True,False,False,False,False,4,False,recovered_from_ir
smolvla,22,matmul,matmul->bias->scale->activation,True,True,True,False,False,2,False,recovered_from_ir
smolvla,23,matmul,matmul->bias,True,False,False,False,False,4,False,recovered_from_ir
smolvla,24,matmul,matmul->bias,True,False,False,False,False,1,False,recovered_from_ir
smolvla,25,matmul,matmul->bias,True,False,False,False,False,1,False,recovered_from_ir
smolvla,26,matmul,matmul->bias,True,False,False,False,False,1,False,recovered_from_ir
smolvla,27,matmul,matmul->bias,True,False,False,False,False,4,False,recovered_from_ir
smolvla,28,matmul,matmul->bias->scale->activation,True,True,True,False,False,2,False,recovered_from_ir
smolvla,29,matmul,matmul->bias,True,False,False,False,False,4,False,recovered_from_ir
smolvla,30,matmul,matmul->bias,True,False,False,False,False,1,False,recovered_from_ir
smolvla,31,matmul,matmul->bias,True,False,False,False,False,1,False,recovered_from_ir
smolvla,32,matmul,matmul->bias,True,False,False,False,False,1,False,recovered_from_ir
smolvla,33,matmul,matmul->bias,True,False,False,False,False,4,False,recovered_from_ir
smolvla,34,matmul,matmul->bias->scale->activation,True,True,True,False,False,2,False,recovered_from_ir
smolvla,35,matmul,matmul->bias,True,False,False,False,False,4,False,recovered_from_ir
smolvla,36,matmul,matmul->bias,True,False,False,False,False,1,False,recovered_from_ir
smolvla,37,matmul,matmul->bias,True,False,False,False,False,1,False,recovered_from_ir
smolvla,38,matmul,matmul->bias,True,False,False,False,False,1,False,recovered_from_ir
smolvla,39,matmul,matmul->bias,True,False,False,False,False,4,False,recovered_from_ir
smolvla,40,matmul,matmul->bias->scale->activation,True,True,True,False,False,2,False,recovered_from_ir
smolvla,41,matmul,matmul->bias,True,False,False,False,False,4,False,recovered_from_ir
smolvla,42,matmul,matmul->bias,True,False,False,False,False,1,False,recovered_from_ir
smolvla,43,matmul,matmul->bias,True,False,False,False,False,1,False,recovered_from_ir
smolvla,44,matmul,matmul->bias,True,False,False,False,False,1,False,recovered_from_ir
smolvla,45,matmul,matmul->bias,True,False,False,False,False,4,False,recovered_from_ir
smolvla,46,matmul,matmul->bias->scale->activation,True,True,True,False,False,2,False,recovered_from_ir
smolvla,47,matmul,matmul->bias,True,False,False,False,False,4,False,recovered_from_ir
smolvla,48,matmul,matmul->bias,True,False,False,False,False,1,False,recovered_from_ir
smolvla,49,matmul,matmul->bias,True,False,False,False,False,1,False,recovered_from_ir
smolvla,50,matmul,matmul->bias,True,False,False,False,False,1,False,recovered_from_ir
smolvla,51,matmul,matmul->bias,True,False,False,False,False,4,False,recovered_from_ir
smolvla,52,matmul,matmul->bias->scale->activation,True,True,True,False,False,2,False,recovered_from_ir
smolvla,53,matmul,matmul->bias,True,False,False,False,False,4,False,recovered_from_ir
smolvla,54,matmul,matmul->bias,True,False,False,False,False,1,False,recovered_from_ir
smolvla,55,matmul,matmul->bias,True,False,False,False,False,1,False,recovered_from_ir
smolvla,56,matmul,matmul->bias,True,False,False,False,False,1,False,recovered_from_ir
smolvla,57,matmul,matmul->bias,True,False,False,False,False,4,False,recovered_from_ir
smolvla,58,matmul,matmul->bias->scale->activation,True,True,True,False,False,2,False,recovered_from_ir
smolvla,59,matmul,matmul->bias,True,False,False,False,False,4,False,recovered_from_ir
smolvla,60,matmul,matmul->bias,True,False,False,False,False,1,False,recovered_from_ir
smolvla,61,matmul,matmul->bias,True,False,False,False,False,1,False,recovered_from_ir
smolvla,62,matmul,matmul->bias,True,False,False,False,False,1,False,recovered_from_ir
smolvla,63,matmul,matmul->bias,True,False,False,False,False,4,False,recovered_from_ir
smolvla,64,matmul,matmul->bias->scale->activation,True,True,True,False,False,2,False,recovered_from_ir
smolvla,65,matmul,matmul->bias,True,False,False,False,False,4,False,recovered_from_ir
smolvla,66,matmul,matmul->bias,True,False,False,False,False,1,False,recovered_from_ir
smolvla,67,matmul,matmul->bias,True,False,False,False,False,1,False,recovered_from_ir
smolvla,68,matmul,matmul->bias,True,False,False,False,False,1,False,recovered_from_ir
smolvla,69,matmul,matmul->bias,True,False,False,False,False,4,False,recovered_from_ir
smolvla,70,matmul,matmul->bias->scale->activation,True,True,True,False,False,2,False,recovered_from_ir
smolvla,71,matmul,matmul->bias,True,False,False,False,False,3,False,recovered_from_ir
smolvla,72,matmul,matmul->scale,False,False,True,False,False,1,False,recovered_from_ir
smolvla,73,matmul,matmul->bias,True,False,False,False,False,1,False,recovered_from_ir
smolvla,74,matmul,matmul,False,False,False,False,False,0,True,recovered_from_ir
smolvla,75,matmul,matmul,False,False,False,False,False,0,True,recovered_from_ir
smolvla,76,matmul,matmul,False,False,False,False,False,0,True,recovered_from_ir
smolvla,77,matmul,matmul->bias->scale->cast,True,False,True,False,True,7,False,recovered_from_ir
smolvla,78,matmul,matmul->bias->scale->activation,True,True,True,False,False,2,False,recovered_from_ir
smolvla,79,matmul,matmul->scale,False,False,True,False,False,1,False,recovered_from_ir
smolvla,80,matmul,matmul->bias->scale->cast,True,False,True,False,True,7,False,recovered_from_ir
smolvla,81,matmul,matmul,False,False,False,False,False,0,True,recovered_from_ir
smolvla,82,matmul,matmul,False,False,False,False,False,0,True,recovered_from_ir
smolvla,83,matmul,matmul,False,False,False,False,False,0,True,recovered_from_ir
smolvla,84,matmul,matmul->bias->scale->cast,True,False,True,False,True,7,False,recovered_from_ir
smolvla,85,matmul,matmul->bias->scale->activation,True,True,True,False,False,2,False,recovered_from_ir
smolvla,86,matmul,matmul->scale,False,False,True,False,False,1,False,recovered_from_ir
smolvla,87,matmul,matmul->bias->scale->cast,True,False,True,False,True,7,False,recovered_from_ir
smolvla,88,matmul,matmul,False,False,False,False,False,0,True,recovered_from_ir
smolvla,89,matmul,matmul,False,False,False,False,False,0,True,recovered_from_ir
smolvla,90,matmul,matmul,False,False,False,False,False,0,True,recovered_from_ir
smolvla,91,matmul,matmul->bias->scale->cast,True,False,True,False,True,7,False,recovered_from_ir
smolvla,92,matmul,matmul->bias->scale->activation,True,True,True,False,False,2,False,recovered_from_ir
smolvla,93,matmul,matmul->scale,False,False,True,False,False,1,False,recovered_from_ir
smolvla,94,matmul,matmul->bias->scale->cast,True,False,True,False,True,7,False,recovered_from_ir
smolvla,95,matmul,matmul,False,False,False,False,False,0,True,recovered_from_ir
smolvla,96,matmul,matmul,False,False,False,False,False,0,True,recovered_from_ir
smolvla,97,matmul,matmul,False,False,False,False,False,0,True,recovered_from_ir
smolvla,98,matmul,matmul->bias->scale->cast,True,False,True,False,True,7,False,recovered_from_ir
smolvla,99,matmul,matmul->bias->scale->activation,True,True,True,False,False,2,False,recovered_from_ir
smolvla,100,matmul,matmul->scale,False,False,True,False,False,1,False,recovered_from_ir
smolvla,101,matmul,matmul->bias->scale->cast,True,False,True,False,True,7,False,recovered_from_ir
smolvla,102,matmul,matmul,False,False,False,False,False,0,True,recovered_from_ir
smolvla,103,matmul,matmul,False,False,False,False,False,0,True,recovered_from_ir
smolvla,104,matmul,matmul,False,False,False,False,False,0,True,recovered_from_ir
smolvla,105,matmul,matmul->bias->scale->cast,True,False,True,False,True,7,False,recovered_from_ir
smolvla,106,matmul,matmul->bias->scale->activation,True,True,True,False,False,2,False,recovered_from_ir
smolvla,107,matmul,matmul->scale,False,False,True,False,False,1,False,recovered_from_ir
smolvla,108,matmul,matmul->bias->scale->cast,True,False,True,False,True,7,False,recovered_from_ir
smolvla,109,matmul,matmul,False,False,False,False,False,0,True,recovered_from_ir
smolvla,110,matmul,matmul,False,False,False,False,False,0,True,recovered_from_ir
smolvla,111,matmul,matmul,False,False,False,False,False,0,True,recovered_from_ir
smolvla,112,matmul,matmul->bias->scale->cast,True,False,True,False,True,7,False,recovered_from_ir
smolvla,113,matmul,matmul->bias->scale->activation,True,True,True,False,False,2,False,recovered_from_ir
smolvla,114,matmul,matmul->scale,False,False,True,False,False,1,False,recovered_from_ir
smolvla,115,matmul,matmul->bias->scale->cast,True,False,True,False,True,7,False,recovered_from_ir
smolvla,116,matmul,matmul,False,False,False,False,False,0,True,recovered_from_ir
smolvla,117,matmul,matmul,False,False,False,False,False,0,True,recovered_from_ir
smolvla,118,matmul,matmul,False,False,False,False,False,0,True,recovered_from_ir
smolvla,119,matmul,matmul->bias->scale->cast,True,False,True,False,True,7,False,recovered_from_ir
smolvla,120,matmul,matmul->bias->scale->activation,True,True,True,False,False,2,False,recovered_from_ir
smolvla,121,matmul,matmul->scale,False,False,True,False,False,1,False,recovered_from_ir
smolvla,122,matmul,matmul->bias->scale->cast,True,False,True,False,True,7,False,recovered_from_ir
smolvla,123,matmul,matmul,False,False,False,False,False,0,True,recovered_from_ir
smolvla,124,matmul,matmul,False,False,False,False,False,0,True,recovered_from_ir
smolvla,125,matmul,matmul,False,False,False,False,False,0,True,recovered_from_ir
smolvla,126,matmul,matmul->bias->scale->cast,True,False,True,False,True,7,False,recovered_from_ir
smolvla,127,matmul,matmul->bias->scale->activation,True,True,True,False,False,2,False,recovered_from_ir
smolvla,128,matmul,matmul->scale,False,False,True,False,False,1,False,recovered_from_ir
smolvla,129,matmul,matmul->bias->scale->cast,True,False,True,False,True,7,False,recovered_from_ir
smolvla,130,matmul,matmul,False,False,False,False,False,0,True,recovered_from_ir
smolvla,131,matmul,matmul,False,False,False,False,False,0,True,recovered_from_ir
smolvla,132,matmul,matmul,False,False,False,False,False,0,True,recovered_from_ir
smolvla,133,matmul,matmul->bias->scale->cast,True,False,True,False,True,7,False,recovered_from_ir
smolvla,134,matmul,matmul->bias->scale->activation,True,True,True,False,False,2,False,recovered_from_ir
smolvla,135,matmul,matmul->scale,False,False,True,False,False,1,False,recovered_from_ir
smolvla,136,matmul,matmul->bias->scale->cast,True,False,True,False,True,7,False,recovered_from_ir
smolvla,137,matmul,matmul,False,False,False,False,False,0,True,recovered_from_ir
smolvla,138,matmul,matmul,False,False,False,False,False,0,True,recovered_from_ir
smolvla,139,matmul,matmul,False,False,False,False,False,0,True,recovered_from_ir
smolvla,140,matmul,matmul->bias->scale->cast,True,False,True,False,True,7,False,recovered_from_ir
smolvla,141,matmul,matmul->bias->scale->activation,True,True,True,False,False,2,False,recovered_from_ir
smolvla,142,matmul,matmul->scale,False,False,True,False,False,1,False,recovered_from_ir
smolvla,143,matmul,matmul->bias->scale->cast,True,False,True,False,True,7,False,recovered_from_ir
smolvla,144,matmul,matmul,False,False,False,False,False,0,True,recovered_from_ir
smolvla,145,matmul,matmul,False,False,False,False,False,0,True,recovered_from_ir
smolvla,146,matmul,matmul,False,False,False,False,False,0,True,recovered_from_ir
smolvla,147,matmul,matmul->bias->scale->cast,True,False,True,False,True,7,False,recovered_from_ir
smolvla,148,matmul,matmul->bias->scale->activation,True,True,True,False,False,2,False,recovered_from_ir
smolvla,149,matmul,matmul->scale,False,False,True,False,False,1,False,recovered_from_ir
smolvla,150,matmul,matmul->bias->scale->cast,True,False,True,False,True,7,False,recovered_from_ir
smolvla,151,matmul,matmul,False,False,False,False,False,0,True,recovered_from_ir
smolvla,152,matmul,matmul,False,False,False,False,False,0,True,recovered_from_ir
smolvla,153,matmul,matmul,False,False,False,False,False,0,True,recovered_from_ir
smolvla,154,matmul,matmul->bias->scale->cast,True,False,True,False,True,7,False,recovered_from_ir
smolvla,155,matmul,matmul->bias->scale->activation,True,True,True,False,False,2,False,recovered_from_ir
smolvla,156,matmul,matmul->scale,False,False,True,False,False,1,False,recovered_from_ir
smolvla,157,matmul,matmul->bias->scale->cast,True,False,True,False,True,7,False,recovered_from_ir
smolvla,158,matmul,matmul,False,False,False,False,False,0,True,recovered_from_ir
smolvla,159,matmul,matmul,False,False,False,False,False,0,True,recovered_from_ir
smolvla,160,matmul,matmul,False,False,False,False,False,0,True,recovered_from_ir
smolvla,161,matmul,matmul->bias->scale->cast,True,False,True,False,True,7,False,recovered_from_ir
smolvla,162,matmul,matmul->bias->scale->activation,True,True,True,False,False,2,False,recovered_from_ir
smolvla,163,matmul,matmul->scale,False,False,True,False,False,1,False,recovered_from_ir
smolvla,164,matmul,matmul->bias->scale->cast,True,False,True,False,True,7,False,recovered_from_ir
smolvla,165,matmul,matmul,False,False,False,False,False,0,True,recovered_from_ir
smolvla,166,matmul,matmul,False,False,False,False,False,0,True,recovered_from_ir
smolvla,167,matmul,matmul,False,False,False,False,False,0,True,recovered_from_ir
smolvla,168,matmul,matmul->bias->scale->cast,True,False,True,False,True,7,False,recovered_from_ir
smolvla,169,matmul,matmul->bias->scale->activation,True,True,True,False,False,2,False,recovered_from_ir
smolvla,170,matmul,matmul->scale,False,False,True,False,False,1,False,recovered_from_ir
smolvla,171,matmul,matmul->bias->scale->cast,True,False,True,False,True,7,False,recovered_from_ir
smolvla,172,matmul,matmul,False,False,False,False,False,0,True,recovered_from_ir
smolvla,173,matmul,matmul,False,False,False,False,False,0,True,recovered_from_ir
smolvla,174,matmul,matmul,False,False,False,False,False,0,True,recovered_from_ir
smolvla,175,matmul,matmul->bias->scale->cast,True,False,True,False,True,7,False,recovered_from_ir
smolvla,176,matmul,matmul->bias->scale->activation,True,True,True,False,False,2,False,recovered_from_ir
smolvla,177,matmul,matmul->scale,False,False,True,False,False,1,False,recovered_from_ir
smolvla,178,matmul,matmul->bias->scale->cast,True,False,True,False,True,7,False,recovered_from_ir
smolvla,179,matmul,matmul,False,False,False,False,False,0,True,recovered_from_ir
smolvla,180,matmul,matmul,False,False,False,False,False,0,True,recovered_from_ir
smolvla,181,matmul,matmul,False,False,False,False,False,0,True,recovered_from_ir
smolvla,182,matmul,matmul->bias->scale->cast,True,False,True,False,True,6,False,recovered_from_ir
smolvla,183,matmul,matmul->bias->scale->activation,True,True,True,False,False,2,False,recovered_from_ir
smolvla,184,matmul,matmul->scale,False,False,True,False,False,1,False,recovered_from_ir
smolvla,185,matmul,matmul->bias->scale->cast,True,False,True,False,True,4,False,recovered_from_ir
smolvla,186,matmul,matmul->bias,True,False,False,False,False,1,False,recovered_from_ir
smolvla,187,matmul,matmul->bias->scale->activation,True,True,True,False,False,2,False,recovered_from_ir
smolvla,188,matmul,matmul->bias->scale->cast,True,False,True,False,True,7,False,recovered_from_ir
smolvla,189,matmul,matmul,False,False,False,False,False,0,True,recovered_from_ir
smolvla,190,matmul,matmul,False,False,False,False,False,0,True,recovered_from_ir
smolvla,191,matmul,matmul,False,False,False,False,False,0,True,recovered_from_ir
smolvla,192,matmul,matmul->bias->scale->cast,True,False,True,False,True,7,False,recovered_from_ir
smolvla,193,matmul,matmul->bias->scale->activation,True,True,True,False,False,2,False,recovered_from_ir
smolvla,194,matmul,matmul->scale,False,False,True,False,False,1,False,recovered_from_ir
smolvla,195,matmul,matmul->bias->scale->cast,True,False,True,False,True,7,False,recovered_from_ir
smolvla,196,matmul,matmul,False,False,False,False,False,0,True,recovered_from_ir
smolvla,197,matmul,matmul,False,False,False,False,False,0,True,recovered_from_ir
smolvla,198,matmul,matmul,False,False,False,False,False,0,True,recovered_from_ir
smolvla,199,matmul,matmul->bias->scale->cast,True,False,True,False,True,7,False,recovered_from_ir
smolvla,200,matmul,matmul->bias->scale->activation,True,True,True,False,False,2,False,recovered_from_ir
smolvla,201,matmul,matmul->scale,False,False,True,False,False,1,False,recovered_from_ir
smolvla,202,matmul,matmul->bias->scale->cast,True,False,True,False,True,7,False,recovered_from_ir
smolvla,203,matmul,matmul,False,False,False,False,False,0,True,recovered_from_ir
smolvla,204,matmul,matmul,False,False,False,False,False,0,True,recovered_from_ir
smolvla,205,matmul,matmul,False,False,False,False,False,0,True,recovered_from_ir
smolvla,206,matmul,matmul->bias->scale->cast,True,False,True,False,True,7,False,recovered_from_ir
smolvla,207,matmul,matmul->bias->scale->activation,True,True,True,False,False,2,False,recovered_from_ir
smolvla,208,matmul,matmul->scale,False,False,True,False,False,1,False,recovered_from_ir
smolvla,209,matmul,matmul->bias->scale->cast,True,False,True,False,True,7,False,recovered_from_ir
smolvla,210,matmul,matmul,False,False,False,False,False,0,True,recovered_from_ir
smolvla,211,matmul,matmul,False,False,False,False,False,0,True,recovered_from_ir
smolvla,212,matmul,matmul,False,False,False,False,False,0,True,recovered_from_ir
smolvla,213,matmul,matmul->bias->scale->cast,True,False,True,False,True,7,False,recovered_from_ir
smolvla,214,matmul,matmul->bias->scale->activation,True,True,True,False,False,2,False,recovered_from_ir
smolvla,215,matmul,matmul->scale,False,False,True,False,False,1,False,recovered_from_ir
smolvla,216,matmul,matmul->bias->scale->cast,True,False,True,False,True,7,False,recovered_from_ir
smolvla,217,matmul,matmul,False,False,False,False,False,0,True,recovered_from_ir
smolvla,218,matmul,matmul,False,False,False,False,False,0,True,recovered_from_ir
smolvla,219,matmul,matmul,False,False,False,False,False,0,True,recovered_from_ir
smolvla,220,matmul,matmul->bias->scale->cast,True,False,True,False,True,7,False,recovered_from_ir
smolvla,221,matmul,matmul->bias->scale->activation,True,True,True,False,False,2,False,recovered_from_ir
smolvla,222,matmul,matmul->scale,False,False,True,False,False,1,False,recovered_from_ir
smolvla,223,matmul,matmul->bias->scale->cast,True,False,True,False,True,7,False,recovered_from_ir
smolvla,224,matmul,matmul,False,False,False,False,False,0,True,recovered_from_ir
smolvla,225,matmul,matmul,False,False,False,False,False,0,True,recovered_from_ir
smolvla,226,matmul,matmul,False,False,False,False,False,0,True,recovered_from_ir
smolvla,227,matmul,matmul->bias->scale->cast,True,False,True,False,True,7,False,recovered_from_ir
smolvla,228,matmul,matmul->bias->scale->activation,True,True,True,False,False,2,False,recovered_from_ir
smolvla,229,matmul,matmul->scale,False,False,True,False,False,1,False,recovered_from_ir
smolvla,230,matmul,matmul->bias->scale->cast,True,False,True,False,True,7,False,recovered_from_ir
smolvla,231,matmul,matmul,False,False,False,False,False,0,True,recovered_from_ir
smolvla,232,matmul,matmul,False,False,False,False,False,0,True,recovered_from_ir
smolvla,233,matmul,matmul,False,False,False,False,False,0,True,recovered_from_ir
smolvla,234,matmul,matmul->bias->scale->cast,True,False,True,False,True,7,False,recovered_from_ir
smolvla,235,matmul,matmul->bias->scale->activation,True,True,True,False,False,2,False,recovered_from_ir
smolvla,236,matmul,matmul->scale,False,False,True,False,False,1,False,recovered_from_ir
smolvla,237,matmul,matmul->bias->scale->cast,True,False,True,False,True,7,False,recovered_from_ir
smolvla,238,matmul,matmul,False,False,False,False,False,0,True,recovered_from_ir
smolvla,239,matmul,matmul,False,False,False,False,False,0,True,recovered_from_ir
smolvla,240,matmul,matmul,False,False,False,False,False,0,True,recovered_from_ir
smolvla,241,matmul,matmul->bias->scale->cast,True,False,True,False,True,7,False,recovered_from_ir
smolvla,242,matmul,matmul->bias->scale->activation,True,True,True,False,False,2,False,recovered_from_ir
smolvla,243,matmul,matmul->scale,False,False,True,False,False,1,False,recovered_from_ir
smolvla,244,matmul,matmul->bias->scale->cast,True,False,True,False,True,7,False,recovered_from_ir
smolvla,245,matmul,matmul,False,False,False,False,False,0,True,recovered_from_ir
smolvla,246,matmul,matmul,False,False,False,False,False,0,True,recovered_from_ir
smolvla,247,matmul,matmul,False,False,False,False,False,0,True,recovered_from_ir
smolvla,248,matmul,matmul->bias->scale->cast,True,False,True,False,True,7,False,recovered_from_ir
smolvla,249,matmul,matmul->bias->scale->activation,True,True,True,False,False,2,False,recovered_from_ir
smolvla,250,matmul,matmul->scale,False,False,True,False,False,1,False,recovered_from_ir
smolvla,251,matmul,matmul->bias->scale->cast,True,False,True,False,True,7,False,recovered_from_ir
smolvla,252,matmul,matmul,False,False,False,False,False,0,True,recovered_from_ir
smolvla,253,matmul,matmul,False,False,False,False,False,0,True,recovered_from_ir
smolvla,254,matmul,matmul,False,False,False,False,False,0,True,recovered_from_ir
smolvla,255,matmul,matmul->bias->scale->cast,True,False,True,False,True,7,False,recovered_from_ir
smolvla,256,matmul,matmul->bias->scale->activation,True,True,True,False,False,2,False,recovered_from_ir
smolvla,257,matmul,matmul->scale,False,False,True,False,False,1,False,recovered_from_ir
smolvla,258,matmul,matmul->bias->scale->cast,True,False,True,False,True,7,False,recovered_from_ir
smolvla,259,matmul,matmul,False,False,False,False,False,0,True,recovered_from_ir
smolvla,260,matmul,matmul,False,False,False,False,False,0,True,recovered_from_ir
smolvla,261,matmul,matmul,False,False,False,False,False,0,True,recovered_from_ir
smolvla,262,matmul,matmul->bias->scale->cast,True,False,True,False,True,7,False,recovered_from_ir
smolvla,263,matmul,matmul->bias->scale->activation,True,True,True,False,False,2,False,recovered_from_ir
smolvla,264,matmul,matmul->scale,False,False,True,False,False,1,False,recovered_from_ir
smolvla,265,matmul,matmul->bias->scale->cast,True,False,True,False,True,7,False,recovered_from_ir
smolvla,266,matmul,matmul,False,False,False,False,False,0,True,recovered_from_ir
smolvla,267,matmul,matmul,False,False,False,False,False,0,True,recovered_from_ir
smolvla,268,matmul,matmul,False,False,False,False,False,0,True,recovered_from_ir
smolvla,269,matmul,matmul->bias->scale->cast,True,False,True,False,True,7,False,recovered_from_ir
smolvla,270,matmul,matmul->bias->scale->activation,True,True,True,False,False,2,False,recovered_from_ir
smolvla,271,matmul,matmul->scale,False,False,True,False,False,1,False,recovered_from_ir
smolvla,272,matmul,matmul->bias->scale->cast,True,False,True,False,True,7,False,recovered_from_ir
smolvla,273,matmul,matmul,False,False,False,False,False,0,True,recovered_from_ir
smolvla,274,matmul,matmul,False,False,False,False,False,0,True,recovered_from_ir
smolvla,275,matmul,matmul,False,False,False,False,False,0,True,recovered_from_ir
smolvla,276,matmul,matmul->bias->scale->cast,True,False,True,False,True,7,False,recovered_from_ir
smolvla,277,matmul,matmul->bias->scale->activation,True,True,True,False,False,2,False,recovered_from_ir
smolvla,278,matmul,matmul->scale,False,False,True,False,False,1,False,recovered_from_ir
smolvla,279,matmul,matmul->bias->scale->cast,True,False,True,False,True,7,False,recovered_from_ir
smolvla,280,matmul,matmul,False,False,False,False,False,0,True,recovered_from_ir
smolvla,281,matmul,matmul,False,False,False,False,False,0,True,recovered_from_ir
smolvla,282,matmul,matmul,False,False,False,False,False,0,True,recovered_from_ir
smolvla,283,matmul,matmul->bias->scale->cast,True,False,True,False,True,7,False,recovered_from_ir
smolvla,284,matmul,matmul->bias->scale->activation,True,True,True,False,False,2,False,recovered_from_ir
smolvla,285,matmul,matmul->scale,False,False,True,False,False,1,False,recovered_from_ir
smolvla,286,matmul,matmul->bias->scale->cast,True,False,True,False,True,7,False,recovered_from_ir
smolvla,287,matmul,matmul,False,False,False,False,False,0,True,recovered_from_ir
smolvla,288,matmul,matmul,False,False,False,False,False,0,True,recovered_from_ir
smolvla,289,matmul,matmul,False,False,False,False,False,0,True,recovered_from_ir
smolvla,290,matmul,matmul->bias->scale->cast,True,False,True,False,True,7,False,recovered_from_ir
smolvla,291,matmul,matmul->bias->scale->activation,True,True,True,False,False,2,False,recovered_from_ir
smolvla,292,matmul,matmul->scale,False,False,True,False,False,1,False,recovered_from_ir
smolvla,293,matmul,matmul->bias->scale->cast,True,False,True,False,True,7,False,recovered_from_ir
smolvla,294,matmul,matmul,False,False,False,False,False,0,True,recovered_from_ir
smolvla,295,matmul,matmul,False,False,False,False,False,0,True,recovered_from_ir
smolvla,296,matmul,matmul,False,False,False,False,False,0,True,recovered_from_ir
smolvla,297,matmul,matmul->bias->scale->cast,True,False,True,False,True,6,False,recovered_from_ir
smolvla,298,matmul,matmul->bias->scale->activation,True,True,True,False,False,2,False,recovered_from_ir
smolvla,299,matmul,matmul->scale,False,False,True,False,False,1,False,recovered_from_ir
smolvla,300,matmul,matmul->bias->scale->cast,True,False,True,False,True,4,False,recovered_from_ir
smolvla,301,matmul,matmul->bias->scale,True,False,True,False,False,3,False,recovered_from_ir
pi05,0,addmm,matmul->bias,True,False,False,False,False,1,False,recovered_from_ir
pi05,1,addmm,matmul->bias,True,False,False,False,False,1,False,recovered_from_ir
pi05,2,addmm,matmul->bias,True,False,False,False,False,1,False,recovered_from_ir
pi05,3,addmm,matmul->bias,True,False,False,False,False,1,False,recovered_from_ir
pi05,4,addmm,matmul->bias,True,False,False,False,False,1,False,recovered_from_ir
pi05,5,addmm,matmul->bias,True,False,False,False,False,1,False,recovered_from_ir
pi05,6,addmm,matmul->bias,True,False,False,False,False,1,False,recovered_from_ir
pi05,7,addmm,matmul->bias,True,False,False,False,False,1,False,recovered_from_ir
pi05,8,addmm,matmul->bias,True,False,False,False,False,1,False,recovered_from_ir
pi05,9,addmm,matmul->bias,True,False,False,False,False,1,False,recovered_from_ir
pi05,10,addmm,matmul->bias,True,False,False,False,False,1,False,recovered_from_ir
pi05,11,addmm,matmul->bias,True,False,False,False,False,1,False,recovered_from_ir
pi05,12,addmm,matmul->bias,True,False,False,False,False,1,False,recovered_from_ir
pi05,13,addmm,matmul->bias,True,False,False,False,False,1,False,recovered_from_ir
pi05,14,addmm,matmul->bias,True,False,False,False,False,1,False,recovered_from_ir
pi05,15,addmm,matmul->bias,True,False,False,False,False,1,False,recovered_from_ir
pi05,16,addmm,matmul->bias,True,False,False,False,False,1,False,recovered_from_ir
pi05,17,addmm,matmul->bias,True,False,False,False,False,1,False,recovered_from_ir
pi05,18,addmm,matmul->bias,True,False,False,False,False,1,False,recovered_from_ir
pi05,19,addmm,matmul->bias,True,False,False,False,False,1,False,recovered_from_ir
pi05,20,addmm,matmul->bias,True,False,False,False,False,1,False,recovered_from_ir
pi05,21,addmm,matmul->bias,True,False,False,False,False,1,False,recovered_from_ir
pi05,22,addmm,matmul->bias,True,False,False,False,False,1,False,recovered_from_ir
pi05,23,addmm,matmul->bias,True,False,False,False,False,1,False,recovered_from_ir
pi05,24,addmm,matmul->bias,True,False,False,False,False,1,False,recovered_from_ir
pi05,25,addmm,matmul->bias,True,False,False,False,False,1,False,recovered_from_ir
pi05,26,addmm,matmul->bias,True,False,False,False,False,1,False,recovered_from_ir
pi05,27,addmm,matmul->bias,True,False,False,False,False,1,False,recovered_from_ir
pi05,28,addmm,matmul->bias,True,False,False,False,False,1,False,recovered_from_ir
pi05,29,addmm,matmul->bias,True,False,False,False,False,1,False,recovered_from_ir
pi05,30,addmm,matmul->bias,True,False,False,False,False,1,False,recovered_from_ir
pi05,31,addmm,matmul->bias,True,False,False,False,False,1,False,recovered_from_ir
pi05,32,addmm,matmul->bias,True,False,False,False,False,1,False,recovered_from_ir
pi05,33,addmm,matmul->bias,True,False,False,False,False,1,False,recovered_from_ir
pi05,34,addmm,matmul->bias,True,False,False,False,False,1,False,recovered_from_ir
pi05,35,addmm,matmul->bias,True,False,False,False,False,1,False,recovered_from_ir
pi05,36,addmm,matmul->bias,True,False,False,False,False,1,False,recovered_from_ir
pi05,37,addmm,matmul->bias,True,False,False,False,False,1,False,recovered_from_ir
pi05,38,addmm,matmul->bias,True,False,False,False,False,1,False,recovered_from_ir
pi05,39,addmm,matmul->bias,True,False,False,False,False,1,False,recovered_from_ir
pi05,40,addmm,matmul->bias,True,False,False,False,False,1,False,recovered_from_ir
pi05,41,addmm,matmul->bias,True,False,False,False,False,1,False,recovered_from_ir
pi05,42,addmm,matmul->bias,True,False,False,False,False,1,False,recovered_from_ir
pi05,43,addmm,matmul->bias,True,False,False,False,False,1,False,recovered_from_ir
pi05,44,addmm,matmul->bias,True,False,False,False,False,1,False,recovered_from_ir
pi05,45,addmm,matmul->bias,True,False,False,False,False,1,False,recovered_from_ir
pi05,46,addmm,matmul->bias,True,False,False,False,False,1,False,recovered_from_ir
pi05,47,addmm,matmul->bias,True,False,False,False,False,1,False,recovered_from_ir
pi05,48,addmm,matmul->bias,True,False,False,False,False,1,False,recovered_from_ir
pi05,49,addmm,matmul->bias,True,False,False,False,False,1,False,recovered_from_ir
pi05,50,addmm,matmul->bias,True,False,False,False,False,1,False,recovered_from_ir
pi05,51,addmm,matmul->bias,True,False,False,False,False,1,False,recovered_from_ir
pi05,52,addmm,matmul->bias,True,False,False,False,False,1,False,recovered_from_ir
pi05,53,addmm,matmul->bias,True,False,False,False,False,1,False,recovered_from_ir
pi05,54,addmm,matmul->bias,True,False,False,False,False,1,False,recovered_from_ir
pi05,55,addmm,matmul->bias,True,False,False,False,False,1,False,recovered_from_ir
pi05,56,addmm,matmul->bias,True,False,False,False,False,1,False,recovered_from_ir
pi05,57,addmm,matmul->bias,True,False,False,False,False,1,False,recovered_from_ir
pi05,58,addmm,matmul->bias,True,False,False,False,False,1,False,recovered_from_ir
pi05,59,addmm,matmul->bias,True,False,False,False,False,1,False,recovered_from_ir
pi05,60,addmm,matmul->bias,True,False,False,False,False,1,False,recovered_from_ir
pi05,61,addmm,matmul->bias,True,False,False,False,False,1,False,recovered_from_ir
pi05,62,addmm,matmul->bias,True,False,False,False,False,1,False,recovered_from_ir
pi05,63,addmm,matmul->bias,True,False,False,False,False,1,False,recovered_from_ir
pi05,64,addmm,matmul->bias,True,False,False,False,False,1,False,recovered_from_ir
pi05,65,addmm,matmul->bias,True,False,False,False,False,1,False,recovered_from_ir
pi05,66,addmm,matmul->bias,True,False,False,False,False,1,False,recovered_from_ir
pi05,67,addmm,matmul->bias,True,False,False,False,False,1,False,recovered_from_ir
pi05,68,addmm,matmul->bias,True,False,False,False,False,1,False,recovered_from_ir
pi05,69,addmm,matmul->bias,True,False,False,False,False,1,False,recovered_from_ir
pi05,70,addmm,matmul->bias,True,False,False,False,False,1,False,recovered_from_ir
pi05,71,addmm,matmul->bias,True,False,False,False,False,1,False,recovered_from_ir
pi05,72,addmm,matmul->bias,True,False,False,False,False,1,False,recovered_from_ir
pi05,73,addmm,matmul->bias,True,False,False,False,False,1,False,recovered_from_ir
pi05,74,addmm,matmul->bias,True,False,False,False,False,1,False,recovered_from_ir
pi05,75,addmm,matmul->bias,True,False,False,False,False,1,False,recovered_from_ir
pi05,76,addmm,matmul->bias,True,False,False,False,False,1,False,recovered_from_ir
pi05,77,addmm,matmul->bias,True,False,False,False,False,1,False,recovered_from_ir
pi05,78,addmm,matmul->bias,True,False,False,False,False,1,False,recovered_from_ir
pi05,79,addmm,matmul->bias,True,False,False,False,False,1,False,recovered_from_ir
pi05,80,addmm,matmul->bias,True,False,False,False,False,1,False,recovered_from_ir
pi05,81,addmm,matmul->bias,True,False,False,False,False,1,False,recovered_from_ir
pi05,82,addmm,matmul->bias,True,False,False,False,False,1,False,recovered_from_ir
pi05,83,addmm,matmul->bias,True,False,False,False,False,1,False,recovered_from_ir
pi05,84,addmm,matmul->bias,True,False,False,False,False,1,False,recovered_from_ir
pi05,85,addmm,matmul->bias,True,False,False,False,False,1,False,recovered_from_ir
pi05,86,addmm,matmul->bias,True,False,False,False,False,1,False,recovered_from_ir
pi05,87,addmm,matmul->bias,True,False,False,False,False,1,False,recovered_from_ir
pi05,88,addmm,matmul->bias,True,False,False,False,False,1,False,recovered_from_ir
pi05,89,addmm,matmul->bias,True,False,False,False,False,1,False,recovered_from_ir
pi05,90,addmm,matmul->bias,True,False,False,False,False,1,False,recovered_from_ir
pi05,91,addmm,matmul->bias,True,False,False,False,False,1,False,recovered_from_ir
pi05,92,addmm,matmul->bias,True,False,False,False,False,1,False,recovered_from_ir
pi05,93,addmm,matmul->bias,True,False,False,False,False,1,False,recovered_from_ir
pi05,94,addmm,matmul->bias,True,False,False,False,False,1,False,recovered_from_ir
pi05,95,addmm,matmul->bias,True,False,False,False,False,1,False,recovered_from_ir
pi05,96,addmm,matmul->bias,True,False,False,False,False,1,False,recovered_from_ir
pi05,97,addmm,matmul->bias,True,False,False,False,False,1,False,recovered_from_ir
pi05,98,addmm,matmul->bias,True,False,False,False,False,1,False,recovered_from_ir
pi05,99,addmm,matmul->bias,True,False,False,False,False,1,False,recovered_from_ir
pi05,100,addmm,matmul->bias,True,False,False,False,False,1,False,recovered_from_ir
pi05,101,addmm,matmul->bias,True,False,False,False,False,1,False,recovered_from_ir
pi05,102,addmm,matmul->bias,True,False,False,False,False,1,False,recovered_from_ir
pi05,103,addmm,matmul->bias,True,False,False,False,False,1,False,recovered_from_ir
pi05,104,addmm,matmul->bias,True,False,False,False,False,1,False,recovered_from_ir
pi05,105,addmm,matmul->bias,True,False,False,False,False,1,False,recovered_from_ir
pi05,106,addmm,matmul->bias,True,False,False,False,False,1,False,recovered_from_ir
pi05,107,addmm,matmul->bias,True,False,False,False,False,1,False,recovered_from_ir
pi05,108,addmm,matmul->bias,True,False,False,False,False,1,False,recovered_from_ir
pi05,109,addmm,matmul->bias,True,False,False,False,False,1,False,recovered_from_ir
pi05,110,addmm,matmul->bias,True,False,False,False,False,1,False,recovered_from_ir
pi05,111,addmm,matmul->bias,True,False,False,False,False,1,False,recovered_from_ir
pi05,112,addmm,matmul->bias,True,False,False,False,False,1,False,recovered_from_ir
pi05,113,addmm,matmul->bias,True,False,False,False,False,1,False,recovered_from_ir
pi05,114,addmm,matmul->bias,True,False,False,False,False,1,False,recovered_from_ir
pi05,115,addmm,matmul->bias,True,False,False,False,False,1,False,recovered_from_ir
pi05,116,addmm,matmul->bias,True,False,False,False,False,1,False,recovered_from_ir
pi05,117,addmm,matmul->bias,True,False,False,False,False,1,False,recovered_from_ir
pi05,118,addmm,matmul->bias,True,False,False,False,False,1,False,recovered_from_ir
pi05,119,addmm,matmul->bias,True,False,False,False,False,1,False,recovered_from_ir
pi05,120,addmm,matmul->bias,True,False,False,False,False,1,False,recovered_from_ir
pi05,121,addmm,matmul->bias,True,False,False,False,False,1,False,recovered_from_ir
pi05,122,addmm,matmul->bias,True,False,False,False,False,1,False,recovered_from_ir
pi05,123,addmm,matmul->bias,True,False,False,False,False,1,False,recovered_from_ir
pi05,124,addmm,matmul->bias,True,False,False,False,False,1,False,recovered_from_ir
pi05,125,addmm,matmul->bias,True,False,False,False,False,1,False,recovered_from_ir
pi05,126,addmm,matmul->bias,True,False,False,False,False,1,False,recovered_from_ir
pi05,127,addmm,matmul->bias,True,False,False,False,False,1,False,recovered_from_ir
pi05,128,addmm,matmul->bias,True,False,False,False,False,1,False,recovered_from_ir
pi05,129,addmm,matmul->bias,True,False,False,False,False,1,False,recovered_from_ir
pi05,130,addmm,matmul->bias,True,False,False,False,False,1,False,recovered_from_ir
pi05,131,addmm,matmul->bias,True,False,False,False,False,1,False,recovered_from_ir
pi05,132,addmm,matmul->bias,True,False,False,False,False,1,False,recovered_from_ir
pi05,133,addmm,matmul->bias,True,False,False,False,False,1,False,recovered_from_ir
pi05,134,addmm,matmul->bias,True,False,False,False,False,1,False,recovered_from_ir
pi05,135,addmm,matmul->bias,True,False,False,False,False,1,False,recovered_from_ir
pi05,136,addmm,matmul->bias,True,False,False,False,False,1,False,recovered_from_ir
pi05,137,addmm,matmul->bias,True,False,False,False,False,1,False,recovered_from_ir
pi05,138,addmm,matmul->bias,True,False,False,False,False,1,False,recovered_from_ir
pi05,139,addmm,matmul->bias,True,False,False,False,False,1,False,recovered_from_ir
pi05,140,addmm,matmul->bias,True,False,False,False,False,1,False,recovered_from_ir
pi05,141,addmm,matmul->bias,True,False,False,False,False,1,False,recovered_from_ir
pi05,142,addmm,matmul->bias,True,False,False,False,False,1,False,recovered_from_ir
pi05,143,addmm,matmul->bias,True,False,False,False,False,1,False,recovered_from_ir
pi05,144,addmm,matmul->bias,True,False,False,False,False,1,False,recovered_from_ir
pi05,145,addmm,matmul->bias,True,False,False,False,False,1,False,recovered_from_ir
pi05,146,addmm,matmul->bias,True,False,False,False,False,1,False,recovered_from_ir
pi05,147,addmm,matmul->bias,True,False,False,False,False,1,False,recovered_from_ir
pi05,148,addmm,matmul->bias,True,False,False,False,False,1,False,recovered_from_ir
pi05,149,addmm,matmul->bias,True,False,False,False,False,1,False,recovered_from_ir
pi05,150,addmm,matmul->bias,True,False,False,False,False,1,False,recovered_from_ir
pi05,151,addmm,matmul->bias,True,False,False,False,False,1,False,recovered_from_ir
pi05,152,addmm,matmul->bias,True,False,False,False,False,1,False,recovered_from_ir
pi05,153,addmm,matmul->bias,True,False,False,False,False,1,False,recovered_from_ir
pi05,154,addmm,matmul->bias,True,False,False,False,False,1,False,recovered_from_ir
pi05,155,addmm,matmul->bias,True,False,False,False,False,1,False,recovered_from_ir
pi05,156,addmm,matmul->bias,True,False,False,False,False,1,False,recovered_from_ir
pi05,157,addmm,matmul->bias,True,False,False,False,False,1,False,recovered_from_ir
pi05,158,addmm,matmul->bias,True,False,False,False,False,1,False,recovered_from_ir
pi05,159,addmm,matmul->bias,True,False,False,False,False,1,False,recovered_from_ir
pi05,160,addmm,matmul->bias,True,False,False,False,False,1,False,recovered_from_ir
pi05,161,addmm,matmul->bias,True,False,False,False,False,1,False,recovered_from_ir
pi05,162,addmm,matmul->bias,True,False,False,False,False,1,False,recovered_from_ir
pi05,163,addmm,matmul->bias,True,False,False,False,False,1,False,recovered_from_ir
pi05,164,addmm,matmul->bias,True,False,False,False,False,1,False,recovered_from_ir
pi05,165,addmm,matmul->bias,True,False,False,False,False,1,False,recovered_from_ir
pi05,166,addmm,matmul->bias,True,False,False,False,False,1,False,recovered_from_ir
pi05,167,addmm,matmul->bias,True,False,False,False,False,1,False,recovered_from_ir
pi05,168,addmm,matmul->bias,True,False,False,False,False,1,False,recovered_from_ir
pi05,169,addmm,matmul->bias,True,False,False,False,False,1,False,recovered_from_ir
pi05,170,addmm,matmul->bias,True,False,False,False,False,1,False,recovered_from_ir
pi05,171,addmm,matmul->bias,True,False,False,False,False,1,False,recovered_from_ir
pi05,172,addmm,matmul->bias,True,False,False,False,False,1,False,recovered_from_ir
pi05,173,addmm,matmul->bias,True,False,False,False,False,1,False,recovered_from_ir
pi05,174,addmm,matmul->bias,True,False,False,False,False,1,False,recovered_from_ir
pi05,175,addmm,matmul->bias,True,False,False,False,False,1,False,recovered_from_ir
pi05,176,addmm,matmul->bias,True,False,False,False,False,1,False,recovered_from_ir
pi05,177,addmm,matmul->bias,True,False,False,False,False,1,False,recovered_from_ir
pi05,178,addmm,matmul->bias,True,False,False,False,False,1,False,recovered_from_ir
pi05,179,addmm,matmul->bias,True,False,False,False,False,1,False,recovered_from_ir
pi05,180,addmm,matmul->bias,True,False,False,False,False,1,False,recovered_from_ir
pi05,181,addmm,matmul->bias,True,False,False,False,False,1,False,recovered_from_ir
pi05,182,addmm,matmul->bias,True,False,False,False,False,1,False,recovered_from_ir
pi05,183,addmm,matmul->bias,True,False,False,False,False,1,False,recovered_from_ir
pi05,184,addmm,matmul->bias,True,False,False,False,False,1,False,recovered_from_ir
pi05,185,addmm,matmul->bias,True,False,False,False,False,1,False,recovered_from_ir
pi05,186,addmm,matmul->bias,True,False,False,False,False,1,False,recovered_from_ir
pi05,187,addmm,matmul->bias,True,False,False,False,False,1,False,recovered_from_ir
pi05,188,addmm,matmul->bias,True,False,False,False,False,1,False,recovered_from_ir
pi05,189,addmm,matmul->bias,True,False,False,False,False,1,False,recovered_from_ir
pi05,190,addmm,matmul->bias,True,False,False,False,False,1,False,recovered_from_ir
pi05,191,addmm,matmul->bias,True,False,False,False,False,1,False,recovered_from_ir
pi05,192,addmm,matmul->bias,True,False,False,False,False,1,False,recovered_from_ir
pi05,193,addmm,matmul->bias,True,False,False,False,False,1,False,recovered_from_ir
pi05,194,addmm,matmul->bias,True,False,False,False,False,1,False,recovered_from_ir
pi05,195,addmm,matmul->bias,True,False,False,False,False,1,False,recovered_from_ir
pi05,196,addmm,matmul->bias,True,False,False,False,False,1,False,recovered_from_ir
pi05,197,addmm,matmul->bias,True,False,False,False,False,1,False,recovered_from_ir
pi05,198,addmm,matmul->bias,True,False,False,False,False,1,False,recovered_from_ir
pi05,199,addmm,matmul->bias,True,False,False,False,False,1,False,recovered_from_ir
pi05,200,addmm,matmul->bias,True,False,False,False,False,1,False,recovered_from_ir
pi05,201,addmm,matmul->bias,True,False,False,False,False,1,False,recovered_from_ir
pi05,202,addmm,matmul->bias,True,False,False,False,False,1,False,recovered_from_ir
pi05,203,addmm,matmul->bias,True,False,False,False,False,1,False,recovered_from_ir
pi05,204,addmm,matmul->bias,True,False,False,False,False,1,False,recovered_from_ir
pi05,205,addmm,matmul->bias,True,False,False,False,False,1,False,recovered_from_ir
pi05,206,addmm,matmul->bias,True,False,False,False,False,1,False,recovered_from_ir
pi05,207,addmm,matmul->bias,True,False,False,False,False,1,False,recovered_from_ir
pi05,208,addmm,matmul->bias,True,False,False,False,False,1,False,recovered_from_ir
pi05,209,addmm,matmul->bias,True,False,False,False,False,1,False,recovered_from_ir
pi05,210,addmm,matmul->bias,True,False,False,False,False,1,False,recovered_from_ir
pi05,211,addmm,matmul->bias,True,False,False,False,False,1,False,recovered_from_ir
pi05,212,addmm,matmul->bias,True,False,False,False,False,1,False,recovered_from_ir
pi05,213,addmm,matmul->bias,True,False,False,False,False,1,False,recovered_from_ir
pi05,214,addmm,matmul->bias,True,False,False,False,False,1,False,recovered_from_ir
pi05,215,addmm,matmul->bias,True,False,False,False,False,1,False,recovered_from_ir
pi05,216,addmm,matmul->bias,True,False,False,False,False,1,False,recovered_from_ir
pi05,217,addmm,matmul->bias,True,False,False,False,False,1,False,recovered_from_ir
pi05,218,addmm,matmul->bias,True,False,False,False,False,1,False,recovered_from_ir
pi05,219,addmm,matmul->bias,True,False,False,False,False,1,False,recovered_from_ir
pi05,220,addmm,matmul->bias,True,False,False,False,False,1,False,recovered_from_ir
pi05,221,addmm,matmul->bias,True,False,False,False,False,1,False,recovered_from_ir
pi05,222,addmm,matmul->bias,True,False,False,False,False,1,False,recovered_from_ir
pi05,223,addmm,matmul->bias,True,False,False,False,False,1,False,recovered_from_ir
pi05,224,addmm,matmul->bias,True,False,False,False,False,1,False,recovered_from_ir
pi05,225,addmm,matmul->bias,True,False,False,False,False,1,False,recovered_from_ir
pi05,226,addmm,matmul->bias,True,False,False,False,False,1,False,recovered_from_ir
pi05,227,addmm,matmul->bias,True,False,False,False,False,1,False,recovered_from_ir
pi05,228,addmm,matmul->bias,True,False,False,False,False,1,False,recovered_from_ir
pi05,229,addmm,matmul->bias,True,False,False,False,False,1,False,recovered_from_ir
pi05,230,addmm,matmul->bias,True,False,False,False,False,1,False,recovered_from_ir
pi05,231,addmm,matmul->bias,True,False,False,False,False,1,False,recovered_from_ir
pi05,232,addmm,matmul->bias,True,False,False,False,False,1,False,recovered_from_ir
pi05,233,addmm,matmul->bias,True,False,False,False,False,1,False,recovered_from_ir
pi05,234,addmm,matmul->bias,True,False,False,False,False,1,False,recovered_from_ir
pi05,235,addmm,matmul->bias,True,False,False,False,False,1,False,recovered_from_ir
pi05,236,addmm,matmul->bias,True,False,False,False,False,1,False,recovered_from_ir
pi05,237,addmm,matmul->bias,True,False,False,False,False,1,False,recovered_from_ir
pi05,238,addmm,matmul->bias,True,False,False,False,False,1,False,recovered_from_ir
pi05,239,addmm,matmul->bias,True,False,False,False,False,1,False,recovered_from_ir
pi05,240,addmm,matmul->bias,True,False,False,False,False,1,False,recovered_from_ir
pi05,241,addmm,matmul->bias,True,False,False,False,False,1,False,recovered_from_ir
pi05,242,addmm,matmul->bias,True,False,False,False,False,1,False,recovered_from_ir
pi05,243,addmm,matmul->bias,True,False,False,False,False,1,False,recovered_from_ir
pi05,244,addmm,matmul->bias,True,False,False,False,False,1,False,recovered_from_ir
pi05,245,addmm,matmul->bias,True,False,False,False,False,1,False,recovered_from_ir
pi05,246,addmm,matmul->bias,True,False,False,False,False,1,False,recovered_from_ir
pi05,247,addmm,matmul->bias,True,False,False,False,False,1,False,recovered_from_ir
pi05,248,addmm,matmul->bias,True,False,False,False,False,1,False,recovered_from_ir
pi05,249,addmm,matmul->bias,True,False,False,False,False,1,False,recovered_from_ir
pi05,250,addmm,matmul->bias,True,False,False,False,False,1,False,recovered_from_ir
pi05,251,addmm,matmul->bias,True,False,False,False,False,1,False,recovered_from_ir
pi05,252,addmm,matmul->bias,True,False,False,False,False,1,False,recovered_from_ir
pi05,253,addmm,matmul->bias,True,False,False,False,False,1,False,recovered_from_ir
pi05,254,addmm,matmul->bias,True,False,False,False,False,1,False,recovered_from_ir
pi05,255,addmm,matmul->bias,True,False,False,False,False,1,False,recovered_from_ir
pi05,256,addmm,matmul->bias,True,False,False,False,False,1,False,recovered_from_ir
pi05,257,addmm,matmul->bias,True,False,False,False,False,1,False,recovered_from_ir
pi05,258,addmm,matmul->bias,True,False,False,False,False,1,False,recovered_from_ir
pi05,259,addmm,matmul->bias,True,False,False,False,False,1,False,recovered_from_ir
pi05,260,addmm,matmul->bias,True,False,False,False,False,1,False,recovered_from_ir
pi05,261,addmm,matmul->bias,True,False,False,False,False,1,False,recovered_from_ir
pi05,262,addmm,matmul->bias,True,False,False,False,False,1,False,recovered_from_ir
pi05,263,addmm,matmul->bias,True,False,False,False,False,1,False,recovered_from_ir
pi05,264,addmm,matmul->bias,True,False,False,False,False,1,False,recovered_from_ir
pi05,265,addmm,matmul->bias,True,False,False,False,False,1,False,recovered_from_ir
pi05,266,addmm,matmul->bias,True,False,False,False,False,1,False,recovered_from_ir
pi05,267,addmm,matmul->bias,True,False,False,False,False,1,False,recovered_from_ir
pi05,268,addmm,matmul->bias,True,False,False,False,False,1,False,recovered_from_ir
pi05,269,addmm,matmul->bias,True,False,False,False,False,1,False,recovered_from_ir
pi05,270,addmm,matmul->bias,True,False,False,False,False,1,False,recovered_from_ir
pi05,271,addmm,matmul->bias,True,False,False,False,False,1,False,recovered_from_ir
pi05,272,addmm,matmul->bias,True,False,False,False,False,1,False,recovered_from_ir
pi05,273,addmm,matmul->bias,True,False,False,False,False,1,False,recovered_from_ir
pi05,274,addmm,matmul->bias,True,False,False,False,False,1,False,recovered_from_ir
pi05,275,addmm,matmul->bias,True,False,False,False,False,1,False,recovered_from_ir
pi05,276,addmm,matmul->bias,True,False,False,False,False,1,False,recovered_from_ir
pi05,277,addmm,matmul->bias,True,False,False,False,False,1,False,recovered_from_ir
pi05,278,addmm,matmul->bias,True,False,False,False,False,1,False,recovered_from_ir
pi05,279,addmm,matmul->bias,True,False,False,False,False,1,False,recovered_from_ir
pi05,280,addmm,matmul->bias,True,False,False,False,False,1,False,recovered_from_ir
pi05,281,addmm,matmul->bias,True,False,False,False,False,1,False,recovered_from_ir
pi05,282,addmm,matmul->bias,True,False,False,False,False,1,False,recovered_from_ir
pi05,283,addmm,matmul->bias,True,False,False,False,False,1,False,recovered_from_ir
pi05,284,addmm,matmul->bias,True,False,False,False,False,1,False,recovered_from_ir
pi05,285,addmm,matmul->bias,True,False,False,False,False,1,False,recovered_from_ir
pi05,286,addmm,matmul->bias,True,False,False,False,False,1,False,recovered_from_ir
pi05,287,addmm,matmul->bias,True,False,False,False,False,1,False,recovered_from_ir
pi05,288,addmm,matmul->bias,True,False,False,False,False,1,False,recovered_from_ir
pi05,289,addmm,matmul->bias,True,False,False,False,False,1,False,recovered_from_ir
pi05,290,addmm,matmul->bias,True,False,False,False,False,1,False,recovered_from_ir
pi05,291,addmm,matmul->bias,True,False,False,False,False,1,False,recovered_from_ir
pi05,292,addmm,matmul->bias,True,False,False,False,False,1,False,recovered_from_ir
pi05,293,addmm,matmul->bias,True,False,False,False,False,1,False,recovered_from_ir
pi05,294,addmm,matmul->bias,True,False,False,False,False,1,False,recovered_from_ir
pi05,295,addmm,matmul->bias,True,False,False,False,False,1,False,recovered_from_ir
pi05,296,addmm,matmul->bias,True,False,False,False,False,1,False,recovered_from_ir
pi05,297,addmm,matmul->bias,True,False,False,False,False,1,False,recovered_from_ir
pi05,298,addmm,matmul->bias,True,False,False,False,False,1,False,recovered_from_ir
pi05,299,addmm,matmul->bias,True,False,False,False,False,1,False,recovered_from_ir
pi05,300,addmm,matmul->bias,True,False,False,False,False,1,False,recovered_from_ir
pi05,301,addmm,matmul->bias,True,False,False,False,False,1,False,recovered_from_ir
pi05,302,addmm,matmul->bias,True,False,False,False,False,1,False,recovered_from_ir
pi05,303,addmm,matmul->bias,True,False,False,False,False,1,False,recovered_from_ir
pi05,304,addmm,matmul->bias,True,False,False,False,False,1,False,recovered_from_ir
pi05,305,addmm,matmul->bias,True,False,False,False,False,1,False,recovered_from_ir
pi05,306,addmm,matmul->bias,True,False,False,False,False,1,False,recovered_from_ir
pi05,307,addmm,matmul->bias,True,False,False,False,False,1,False,recovered_from_ir
pi05,308,addmm,matmul->bias,True,False,False,False,False,1,False,recovered_from_ir
pi05,309,addmm,matmul->bias,True,False,False,False,False,1,False,recovered_from_ir
pi05,310,addmm,matmul->bias,True,False,False,False,False,1,False,recovered_from_ir
pi05,311,addmm,matmul->bias,True,False,False,False,False,1,False,recovered_from_ir
pi05,312,addmm,matmul->bias,True,False,False,False,False,1,False,recovered_from_ir
pi05,313,addmm,matmul->bias,True,False,False,False,False,1,False,recovered_from_ir
pi05,314,addmm,matmul->bias,True,False,False,False,False,1,False,recovered_from_ir
pi05,315,addmm,matmul->bias,True,False,False,False,False,1,False,recovered_from_ir
pi05,316,addmm,matmul->bias,True,False,False,False,False,1,False,recovered_from_ir
pi05,317,addmm,matmul->bias,True,False,False,False,False,1,False,recovered_from_ir
pi05,318,addmm,matmul->bias,True,False,False,False,False,1,False,recovered_from_ir
pi05,319,addmm,matmul->bias,True,False,False,False,False,1,False,recovered_from_ir
pi05,320,addmm,matmul->bias,True,False,False,False,False,1,False,recovered_from_ir
pi05,321,addmm,matmul->bias,True,False,False,False,False,1,False,recovered_from_ir
pi05,322,addmm,matmul->bias,True,False,False,False,False,1,False,recovered_from_ir
pi05,323,addmm,matmul->bias,True,False,False,False,False,1,False,recovered_from_ir
pi05,324,addmm,matmul->bias,True,False,False,False,False,1,False,recovered_from_ir
pi05,325,addmm,matmul->bias,True,False,False,False,False,1,False,recovered_from_ir
pi05,326,addmm,matmul->bias,True,False,False,False,False,1,False,recovered_from_ir
pi05,327,addmm,matmul->bias,True,False,False,False,False,1,False,recovered_from_ir
pi05,328,addmm,matmul->bias,True,False,False,False,False,1,False,recovered_from_ir
pi05,329,addmm,matmul->bias,True,False,False,False,False,1,False,recovered_from_ir
pi05,330,addmm,matmul->bias,True,False,False,False,False,1,False,recovered_from_ir
pi05,331,addmm,matmul->bias,True,False,False,False,False,1,False,recovered_from_ir
pi05,332,addmm,matmul->bias,True,False,False,False,False,1,False,recovered_from_ir
pi05,333,addmm,matmul->bias,True,False,False,False,False,1,False,recovered_from_ir
pi05,334,addmm,matmul->bias,True,False,False,False,False,1,False,recovered_from_ir
pi05,335,addmm,matmul->bias,True,False,False,False,False,1,False,recovered_from_ir
pi05,336,addmm,matmul->bias,True,False,False,False,False,1,False,recovered_from_ir
pi05,337,addmm,matmul->bias,True,False,False,False,False,1,False,recovered_from_ir
pi05,338,addmm,matmul->bias,True,False,False,False,False,1,False,recovered_from_ir
pi05,339,addmm,matmul->bias,True,False,False,False,False,1,False,recovered_from_ir
pi05,340,addmm,matmul->bias,True,False,False,False,False,1,False,recovered_from_ir
pi05,341,addmm,matmul->bias,True,False,False,False,False,1,False,recovered_from_ir
pi05,342,addmm,matmul->bias,True,False,False,False,False,1,False,recovered_from_ir
pi05,343,addmm,matmul->bias,True,False,False,False,False,1,False,recovered_from_ir
pi05,344,addmm,matmul->bias,True,False,False,False,False,1,False,recovered_from_ir
pi05,345,addmm,matmul->bias,True,False,False,False,False,1,False,recovered_from_ir
pi05,346,addmm,matmul->bias,True,False,False,False,False,1,False,recovered_from_ir
pi05,347,addmm,matmul->bias,True,False,False,False,False,1,False,recovered_from_ir
pi05,348,addmm,matmul->bias,True,False,False,False,False,1,False,recovered_from_ir
pi05,349,addmm,matmul->bias,True,False,False,False,False,1,False,recovered_from_ir
pi05,350,addmm,matmul->bias,True,False,False,False,False,1,False,recovered_from_ir
pi05,351,addmm,matmul->bias,True,False,False,False,False,1,False,recovered_from_ir
pi05,352,addmm,matmul->bias,True,False,False,False,False,1,False,recovered_from_ir
pi05,353,addmm,matmul->bias,True,False,False,False,False,1,False,recovered_from_ir
pi05,354,addmm,matmul->bias,True,False,False,False,False,1,False,recovered_from_ir
pi05,355,addmm,matmul->bias,True,False,False,False,False,1,False,recovered_from_ir
pi05,356,addmm,matmul->bias,True,False,False,False,False,1,False,recovered_from_ir
pi05,357,addmm,matmul->bias,True,False,False,False,False,1,False,recovered_from_ir
pi05,358,addmm,matmul->bias,True,False,False,False,False,1,False,recovered_from_ir
pi05,359,addmm,matmul->bias,True,False,False,False,False,1,False,recovered_from_ir
pi05,360,addmm,matmul->bias,True,False,False,False,False,1,False,recovered_from_ir
pi05,361,addmm,matmul->bias,True,False,False,False,False,1,False,recovered_from_ir
pi05,362,addmm,matmul->bias,True,False,False,False,False,1,False,recovered_from_ir
pi05,363,addmm,matmul->bias,True,False,False,False,False,1,False,recovered_from_ir
pi05,364,addmm,matmul->bias,True,False,False,False,False,1,False,recovered_from_ir
pi05,365,addmm,matmul->bias,True,False,False,False,False,1,False,recovered_from_ir
pi05,366,addmm,matmul->bias,True,False,False,False,False,1,False,recovered_from_ir
pi05,367,addmm,matmul->bias,True,False,False,False,False,1,False,recovered_from_ir
pi05,368,addmm,matmul->bias,True,False,False,False,False,1,False,recovered_from_ir
pi05,369,addmm,matmul->bias,True,False,False,False,False,1,False,recovered_from_ir
pi05,370,addmm,matmul->bias,True,False,False,False,False,1,False,recovered_from_ir
pi05,371,addmm,matmul->bias,True,False,False,False,False,1,False,recovered_from_ir
pi05,372,addmm,matmul->bias,True,False,False,False,False,1,False,recovered_from_ir
pi05,373,addmm,matmul->bias,True,False,False,False,False,1,False,recovered_from_ir
pi05,374,addmm,matmul->bias,True,False,False,False,False,1,False,recovered_from_ir
pi05,375,addmm,matmul->bias,True,False,False,False,False,1,False,recovered_from_ir
pi05,376,addmm,matmul->bias,True,False,False,False,False,1,False,recovered_from_ir
pi05,377,addmm,matmul->bias,True,False,False,False,False,1,False,recovered_from_ir
pi05,378,addmm,matmul->bias,True,False,False,False,False,1,False,recovered_from_ir
pi05,379,addmm,matmul->bias,True,False,False,False,False,1,False,recovered_from_ir
pi05,380,addmm,matmul->bias,True,False,False,False,False,1,False,recovered_from_ir
pi05,381,addmm,matmul->bias,True,False,False,False,False,1,False,recovered_from_ir
pi05,382,addmm,matmul->bias,True,False,False,False,False,1,False,recovered_from_ir
pi05,383,addmm,matmul->bias,True,False,False,False,False,1,False,recovered_from_ir
pi05,384,addmm,matmul->bias,True,False,False,False,False,1,False,recovered_from_ir
pi05,385,addmm,matmul->bias,True,False,False,False,False,1,False,recovered_from_ir
pi05,386,addmm,matmul->bias,True,False,False,False,False,1,False,recovered_from_ir
pi05,387,addmm,matmul->bias,True,False,False,False,False,1,False,recovered_from_ir
pi05,388,addmm,matmul->bias,True,False,False,False,False,1,False,recovered_from_ir
pi05,389,addmm,matmul->bias,True,False,False,False,False,1,False,recovered_from_ir
pi05,390,addmm,matmul->bias,True,False,False,False,False,1,False,recovered_from_ir
pi05,391,addmm,matmul->bias,True,False,False,False,False,1,False,recovered_from_ir
pi05,392,addmm,matmul->bias,True,False,False,False,False,1,False,recovered_from_ir
pi05,393,addmm,matmul->bias,True,False,False,False,False,1,False,recovered_from_ir
pi05,394,addmm,matmul->bias,True,False,False,False,False,1,False,recovered_from_ir
pi05,395,addmm,matmul->bias,True,False,False,False,False,1,False,recovered_from_ir
pi05,396,addmm,matmul->bias,True,False,False,False,False,1,False,recovered_from_ir
pi05,397,addmm,matmul->bias,True,False,False,False,False,1,False,recovered_from_ir
pi05,398,addmm,matmul->bias,True,False,False,False,False,1,False,recovered_from_ir
pi05,399,addmm,matmul->bias,True,False,False,False,False,1,False,recovered_from_ir
pi05,400,addmm,matmul->bias,True,False,False,False,False,1,False,recovered_from_ir
pi05,401,addmm,matmul->bias,True,False,False,False,False,1,False,recovered_from_ir
pi05,402,addmm,matmul->bias,True,False,False,False,False,1,False,recovered_from_ir
pi05,403,addmm,matmul->bias,True,False,False,False,False,1,False,recovered_from_ir
pi05,404,addmm,matmul->bias,True,False,False,False,False,1,False,recovered_from_ir
pi05,405,addmm,matmul->bias,True,False,False,False,False,1,False,recovered_from_ir
pi05,406,addmm,matmul->bias,True,False,False,False,False,1,False,recovered_from_ir
pi05,407,addmm,matmul->bias,True,False,False,False,False,1,False,recovered_from_ir
pi05,408,addmm,matmul->bias,True,False,False,False,False,1,False,recovered_from_ir
pi05,409,addmm,matmul->bias,True,False,False,False,False,1,False,recovered_from_ir
pi05,410,addmm,matmul->bias,True,False,False,False,False,1,False,recovered_from_ir
pi05,411,addmm,matmul->bias,True,False,False,False,False,1,False,recovered_from_ir
pi05,412,addmm,matmul->bias,True,False,False,False,False,1,False,recovered_from_ir
pi05,413,addmm,matmul->bias,True,False,False,False,False,1,False,recovered_from_ir
pi05,414,addmm,matmul->bias,True,False,False,False,False,1,False,recovered_from_ir
pi05,415,addmm,matmul->bias,True,False,False,False,False,1,False,recovered_from_ir
pi05,416,addmm,matmul->bias,True,False,False,False,False,1,False,recovered_from_ir
pi05,417,addmm,matmul->bias,True,False,False,False,False,1,False,recovered_from_ir
pi05,418,addmm,matmul->bias,True,False,False,False,False,1,False,recovered_from_ir
pi05,419,addmm,matmul->bias,True,False,False,False,False,1,False,recovered_from_ir
pi05,420,addmm,matmul->bias,True,False,False,False,False,1,False,recovered_from_ir
pi05,421,addmm,matmul->bias,True,False,False,False,False,1,False,recovered_from_ir
pi05,422,addmm,matmul->bias,True,False,False,False,False,1,False,recovered_from_ir
pi05,423,addmm,matmul->bias,True,False,False,False,False,1,False,recovered_from_ir
pi05,424,addmm,matmul->bias,True,False,False,False,False,1,False,recovered_from_ir
pi05,425,addmm,matmul->bias,True,False,False,False,False,1,False,recovered_from_ir
pi05,426,addmm,matmul->bias,True,False,False,False,False,1,False,recovered_from_ir
pi05,427,addmm,matmul->bias,True,False,False,False,False,1,False,recovered_from_ir
pi05,428,addmm,matmul->bias,True,False,False,False,False,1,False,recovered_from_ir
pi05,429,addmm,matmul->bias,True,False,False,False,False,1,False,recovered_from_ir
pi05,430,addmm,matmul->bias,True,False,False,False,False,1,False,recovered_from_ir
pi05,431,addmm,matmul->bias,True,False,False,False,False,1,False,recovered_from_ir
pi05,432,addmm,matmul->bias,True,False,False,False,False,1,False,recovered_from_ir
pi05,433,addmm,matmul->bias,True,False,False,False,False,1,False,recovered_from_ir
pi05,434,addmm,matmul->bias,True,False,False,False,False,1,False,recovered_from_ir
pi05,435,addmm,matmul->bias,True,False,False,False,False,1,False,recovered_from_ir
pi05,436,addmm,matmul->bias,True,False,False,False,False,1,False,recovered_from_ir
pi05,437,addmm,matmul->bias,True,False,False,False,False,1,False,recovered_from_ir
pi05,438,addmm,matmul->bias,True,False,False,False,False,1,False,recovered_from_ir
pi05,439,addmm,matmul->bias,True,False,False,False,False,1,False,recovered_from_ir
pi05,440,addmm,matmul->bias,True,False,False,False,False,1,False,recovered_from_ir
pi05,441,addmm,matmul->bias,True,False,False,False,False,1,False,recovered_from_ir
pi05,442,addmm,matmul->bias,True,False,False,False,False,1,False,recovered_from_ir
pi05,443,addmm,matmul->bias,True,False,False,False,False,1,False,recovered_from_ir
pi05,444,addmm,matmul->bias,True,False,False,False,False,1,False,recovered_from_ir
pi05,445,addmm,matmul->bias,True,False,False,False,False,1,False,recovered_from_ir
pi05,446,addmm,matmul->bias,True,False,False,False,False,1,False,recovered_from_ir
pi05,447,addmm,matmul->bias,True,False,False,False,False,1,False,recovered_from_ir
pi05,448,addmm,matmul->bias,True,False,False,False,False,1,False,recovered_from_ir
pi05,449,addmm,matmul->bias,True,False,False,False,False,1,False,recovered_from_ir
pi05,450,addmm,matmul->bias,True,False,False,False,False,1,False,recovered_from_ir
pi05,451,addmm,matmul->bias,True,False,False,False,False,1,False,recovered_from_ir
pi05,452,addmm,matmul->bias,True,False,False,False,False,1,False,recovered_from_ir
pi05,453,addmm,matmul->bias,True,False,False,False,False,1,False,recovered_from_ir
pi05,454,addmm,matmul->bias,True,False,False,False,False,1,False,recovered_from_ir
pi05,455,addmm,matmul->bias,True,False,False,False,False,1,False,recovered_from_ir
pi05,456,addmm,matmul->bias,True,False,False,False,False,1,False,recovered_from_ir
pi05,457,addmm,matmul->bias,True,False,False,False,False,1,False,recovered_from_ir
pi05,458,addmm,matmul->bias,True,False,False,False,False,1,False,recovered_from_ir
pi05,459,addmm,matmul->bias,True,False,False,False,False,1,False,recovered_from_ir
pi05,460,addmm,matmul->bias,True,False,False,False,False,1,False,recovered_from_ir
pi05,461,addmm,matmul->bias,True,False,False,False,False,1,False,recovered_from_ir
pi05,462,addmm,matmul->bias,True,False,False,False,False,1,False,recovered_from_ir
pi05,463,addmm,matmul->bias,True,False,False,False,False,1,False,recovered_from_ir
pi05,464,addmm,matmul->bias,True,False,False,False,False,1,False,recovered_from_ir
pi05,465,addmm,matmul->bias,True,False,False,False,False,1,False,recovered_from_ir
pi05,466,addmm,matmul->bias,True,False,False,False,False,1,False,recovered_from_ir
pi05,467,addmm,matmul->bias,True,False,False,False,False,1,False,recovered_from_ir
pi05,468,addmm,matmul->bias,True,False,False,False,False,1,False,recovered_from_ir
pi05,469,addmm,matmul->bias,True,False,False,False,False,1,False,recovered_from_ir
pi05,470,addmm,matmul->bias,True,False,False,False,False,1,False,recovered_from_ir
pi05,471,addmm,matmul->bias,True,False,False,False,False,1,False,recovered_from_ir
pi05,472,addmm,matmul->bias,True,False,False,False,False,1,False,recovered_from_ir
pi05,473,addmm,matmul->bias,True,False,False,False,False,1,False,recovered_from_ir
pi05,474,addmm,matmul->bias,True,False,False,False,False,1,False,recovered_from_ir
pi05,475,addmm,matmul->bias,True,False,False,False,False,1,False,recovered_from_ir
pi05,476,addmm,matmul->bias,True,False,False,False,False,1,False,recovered_from_ir
pi05,477,addmm,matmul->bias,True,False,False,False,False,1,False,recovered_from_ir
pi05,478,addmm,matmul->bias,True,False,False,False,False,1,False,recovered_from_ir
pi05,479,addmm,matmul->bias,True,False,False,False,False,1,False,recovered_from_ir
pi05,480,addmm,matmul->bias,True,False,False,False,False,1,False,recovered_from_ir
pi05,481,addmm,matmul->bias,True,False,False,False,False,1,False,recovered_from_ir
pi05,482,addmm,matmul->bias,True,False,False,False,False,1,False,recovered_from_ir
pi05,483,addmm,matmul->bias,True,False,False,False,False,1,False,recovered_from_ir
pi05,484,addmm,matmul->bias,True,False,False,False,False,1,False,recovered_from_ir
pi05,485,addmm,matmul->bias,True,False,False,False,False,1,False,recovered_from_ir
pi05,486,addmm,matmul->bias,True,False,False,False,False,1,False,recovered_from_ir
pi05,487,addmm,matmul->bias,True,False,False,False,False,1,False,recovered_from_ir
pi05,488,addmm,matmul->bias,True,False,False,False,False,1,False,recovered_from_ir
pi05,489,matmul,matmul,False,False,False,False,False,0,True,recovered_from_ir
pi05,490,matmul,matmul,False,False,False,False,False,0,True,recovered_from_ir
pi05,491,matmul,matmul,False,False,False,False,False,0,True,recovered_from_ir
pi05,492,matmul,matmul,False,False,False,False,False,0,True,recovered_from_ir
pi05,493,matmul,matmul,False,False,False,False,False,0,True,recovered_from_ir
pi05,494,matmul,matmul,False,False,False,False,False,0,True,recovered_from_ir
pi05,495,matmul,matmul,False,False,False,False,False,0,True,recovered_from_ir
pi05,496,matmul,matmul,False,False,False,False,False,0,True,recovered_from_ir
pi05,497,matmul,matmul,False,False,False,False,False,0,True,recovered_from_ir
pi05,498,matmul,matmul,False,False,False,False,False,0,True,recovered_from_ir
pi05,499,matmul,matmul,False,False,False,False,False,0,True,recovered_from_ir
pi05,500,matmul,matmul,False,False,False,False,False,0,True,recovered_from_ir
pi05,501,matmul,matmul,False,False,False,False,False,0,True,recovered_from_ir
pi05,502,matmul,matmul,False,False,False,False,False,0,True,recovered_from_ir
pi05,503,matmul,matmul,False,False,False,False,False,0,True,recovered_from_ir
pi05,504,matmul,matmul,False,False,False,False,False,0,True,recovered_from_ir
pi05,505,matmul,matmul,False,False,False,False,False,0,True,recovered_from_ir
pi05,506,matmul,matmul,False,False,False,False,False,0,True,recovered_from_ir
pi05,507,matmul,matmul,False,False,False,False,False,0,True,recovered_from_ir
pi05,508,matmul,matmul,False,False,False,False,False,0,True,recovered_from_ir
pi05,509,matmul,matmul,False,False,False,False,False,0,True,recovered_from_ir
pi05,510,matmul,matmul,False,False,False,False,False,0,True,recovered_from_ir
pi05,511,matmul,matmul,False,False,False,False,False,0,True,recovered_from_ir
pi05,512,matmul,matmul,False,False,False,False,False,0,True,recovered_from_ir
pi05,513,matmul,matmul,False,False,False,False,False,0,True,recovered_from_ir
pi05,514,matmul,matmul,False,False,False,False,False,0,True,recovered_from_ir
pi05,515,matmul,matmul,False,False,False,False,False,0,True,recovered_from_ir
pi05,516,matmul,matmul,False,False,False,False,False,0,True,recovered_from_ir
pi05,517,matmul,matmul,False,False,False,False,False,0,True,recovered_from_ir
pi05,518,matmul,matmul,False,False,False,False,False,0,True,recovered_from_ir
pi05,519,matmul,matmul,False,False,False,False,False,0,True,recovered_from_ir
pi05,520,matmul,matmul,False,False,False,False,False,0,True,recovered_from_ir
pi05,521,matmul,matmul,False,False,False,False,False,0,True,recovered_from_ir
pi05,522,matmul,matmul,False,False,False,False,False,0,True,recovered_from_ir
pi05,523,matmul,matmul,False,False,False,False,False,0,True,recovered_from_ir
pi05,524,matmul,matmul,False,False,False,False,False,0,True,recovered_from_ir
pi05,525,matmul,matmul,False,False,False,False,False,0,True,recovered_from_ir
pi05,526,matmul,matmul,False,False,False,False,False,0,True,recovered_from_ir
pi05,527,matmul,matmul,False,False,False,False,False,0,True,recovered_from_ir
pi05,528,matmul,matmul,False,False,False,False,False,0,True,recovered_from_ir
pi05,529,matmul,matmul,False,False,False,False,False,0,True,recovered_from_ir
pi05,530,matmul,matmul,False,False,False,False,False,0,True,recovered_from_ir
pi05,531,matmul,matmul,False,False,False,False,False,0,True,recovered_from_ir
pi05,532,matmul,matmul,False,False,False,False,False,0,True,recovered_from_ir
pi05,533,matmul,matmul,False,False,False,False,False,0,True,recovered_from_ir
pi05,534,matmul,matmul,False,False,False,False,False,0,True,recovered_from_ir
pi05,535,matmul,matmul,False,False,False,False,False,0,True,recovered_from_ir
pi05,536,matmul,matmul,False,False,False,False,False,0,True,recovered_from_ir
pi05,537,matmul,matmul,False,False,False,False,False,0,True,recovered_from_ir
pi05,538,matmul,matmul,False,False,False,False,False,0,True,recovered_from_ir
pi05,539,matmul,matmul,False,False,False,False,False,0,True,recovered_from_ir
pi05,540,matmul,matmul,False,False,False,False,False,0,True,recovered_from_ir
pi05,541,matmul,matmul,False,False,False,False,False,0,True,recovered_from_ir
pi05,542,matmul,matmul,False,False,False,False,False,0,True,recovered_from_ir
pi05,543,matmul,matmul,False,False,False,False,False,0,True,recovered_from_ir
pi05,544,matmul,matmul,False,False,False,False,False,0,True,recovered_from_ir
pi05,545,matmul,matmul,False,False,False,False,False,0,True,recovered_from_ir
pi05,546,matmul,matmul,False,False,False,False,False,0,True,recovered_from_ir
pi05,547,matmul,matmul,False,False,False,False,False,0,True,recovered_from_ir
pi05,548,matmul,matmul,False,False,False,False,False,0,True,recovered_from_ir
pi05,549,matmul,matmul,False,False,False,False,False,0,True,recovered_from_ir
pi05,550,matmul,matmul,False,False,False,False,False,0,True,recovered_from_ir
pi05,551,matmul,matmul,False,False,False,False,False,0,True,recovered_from_ir
pi05,552,matmul,matmul,False,False,False,False,False,0,True,recovered_from_ir
pi05,553,matmul,matmul,False,False,False,False,False,0,True,recovered_from_ir
pi05,554,matmul,matmul,False,False,False,False,False,0,True,recovered_from_ir
pi05,555,matmul,matmul,False,False,False,False,False,0,True,recovered_from_ir
pi05,556,matmul,matmul,False,False,False,False,False,0,True,recovered_from_ir
pi05,557,matmul,matmul,False,False,False,False,False,0,True,recovered_from_ir
pi05,558,matmul,matmul,False,False,False,False,False,0,True,recovered_from_ir
pi05,559,matmul,matmul,False,False,False,False,False,0,True,recovered_from_ir
pi05,560,matmul,matmul,False,False,False,False,False,0,True,recovered_from_ir
pi05,561,matmul,matmul,False,False,False,False,False,0,True,recovered_from_ir
pi05,562,matmul,matmul,False,False,False,False,False,0,True,recovered_from_ir
pi05,563,matmul,matmul,False,False,False,False,False,0,True,recovered_from_ir
pi05,564,matmul,matmul,False,False,False,False,False,0,True,recovered_from_ir
pi05,565,matmul,matmul,False,False,False,False,False,0,True,recovered_from_ir
pi05,566,matmul,matmul,False,False,False,False,False,0,True,recovered_from_ir
pi05,567,matmul,matmul,False,False,False,False,False,0,True,recovered_from_ir
pi05,568,matmul,matmul,False,False,False,False,False,0,True,recovered_from_ir
pi05,569,matmul,matmul,False,False,False,False,False,0,True,recovered_from_ir
pi05,570,matmul,matmul,False,False,False,False,False,0,True,recovered_from_ir
pi05,571,matmul,matmul,False,False,False,False,False,0,True,recovered_from_ir
pi05,572,matmul,matmul,False,False,False,False,False,0,True,recovered_from_ir
pi05,573,matmul,matmul,False,False,False,False,False,0,True,recovered_from_ir
pi05,574,matmul,matmul,False,False,False,False,False,0,True,recovered_from_ir
pi05,575,matmul,matmul,False,False,False,False,False,0,True,recovered_from_ir
pi05,576,matmul,matmul,False,False,False,False,False,0,True,recovered_from_ir
pi05,577,matmul,matmul,False,False,False,False,False,0,True,recovered_from_ir
pi05,578,matmul,matmul,False,False,False,False,False,0,True,recovered_from_ir
pi05,579,matmul,matmul,False,False,False,False,False,0,True,recovered_from_ir
pi05,580,matmul,matmul,False,False,False,False,False,0,True,recovered_from_ir
pi05,581,matmul,matmul,False,False,False,False,False,0,True,recovered_from_ir
pi05,582,matmul,matmul,False,False,False,False,False,0,True,recovered_from_ir
pi05,583,matmul,matmul,False,False,False,False,False,0,True,recovered_from_ir
pi05,584,matmul,matmul,False,False,False,False,False,0,True,recovered_from_ir
pi05,585,matmul,matmul,False,False,False,False,False,0,True,recovered_from_ir
pi05,586,matmul,matmul,False,False,False,False,False,0,True,recovered_from_ir
pi05,587,matmul,matmul,False,False,False,False,False,0,True,recovered_from_ir
pi05,588,matmul,matmul,False,False,False,False,False,0,True,recovered_from_ir
pi05,589,matmul,matmul,False,False,False,False,False,0,True,recovered_from_ir
pi05,590,matmul,matmul,False,False,False,False,False,0,True,recovered_from_ir
pi05,591,matmul,matmul,False,False,False,False,False,0,True,recovered_from_ir
pi05,592,matmul,matmul,False,False,False,False,False,0,True,recovered_from_ir
pi05,593,matmul,matmul,False,False,False,False,False,0,True,recovered_from_ir
pi05,594,matmul,matmul,False,False,False,False,False,0,True,recovered_from_ir
pi05,595,matmul,matmul,False,False,False,False,False,0,True,recovered_from_ir
pi05,596,matmul,matmul,False,False,False,False,False,0,True,recovered_from_ir
pi05,597,matmul,matmul,False,False,False,False,False,0,True,recovered_from_ir
pi05,598,matmul,matmul,False,False,False,False,False,0,True,recovered_from_ir
pi05,599,matmul,matmul,False,False,False,False,False,0,True,recovered_from_ir
pi05,600,matmul,matmul,False,False,False,False,False,0,True,recovered_from_ir
pi05,601,matmul,matmul,False,False,False,False,False,0,True,recovered_from_ir
pi05,602,matmul,matmul,False,False,False,False,False,0,True,recovered_from_ir
pi05,603,matmul,matmul,False,False,False,False,False,0,True,recovered_from_ir
pi05,604,matmul,matmul,False,False,False,False,False,0,True,recovered_from_ir
pi05,605,matmul,matmul,False,False,False,False,False,0,True,recovered_from_ir
pi05,606,matmul,matmul,False,False,False,False,False,0,True,recovered_from_ir
pi05,607,matmul,matmul,False,False,False,False,False,0,True,recovered_from_ir
pi05,608,matmul,matmul,False,False,False,False,False,0,True,recovered_from_ir
pi05,609,matmul,matmul,False,False,False,False,False,0,True,recovered_from_ir
pi05,610,addmm,matmul->bias,True,False,False,False,False,1,False,recovered_from_ir
pi05,611,addmm,matmul->bias->scale->activation,True,True,True,False,False,3,False,recovered_from_ir
pi05,612,addmm,matmul->bias->scale->activation,True,True,True,False,False,3,False,recovered_from_ir
pi05,613,addmm,matmul->bias,True,False,False,False,False,1,False,recovered_from_ir
pi05,614,matmul,matmul,False,False,False,False,False,0,True,recovered_from_ir
pi05,615,matmul,matmul,False,False,False,False,False,0,True,recovered_from_ir
pi05,616,matmul,matmul,False,False,False,False,False,0,True,recovered_from_ir
pi05,617,matmul,matmul,False,False,False,False,False,0,True,recovered_from_ir
pi05,618,addmm,matmul->bias,True,False,False,False,False,1,False,recovered_from_ir
pi05,619,matmul,matmul,False,False,False,False,False,0,True,recovered_from_ir
pi05,620,matmul,matmul,False,False,False,False,False,0,True,recovered_from_ir
pi05,621,matmul,matmul,False,False,False,False,False,0,True,recovered_from_ir
pi05,622,addmm,matmul->bias,True,False,False,False,False,1,False,recovered_from_ir
pi05,623,matmul,matmul,False,False,False,False,False,0,True,recovered_from_ir
pi05,624,matmul,matmul,False,False,False,False,False,0,True,recovered_from_ir
pi05,625,matmul,matmul,False,False,False,False,False,0,True,recovered_from_ir
pi05,626,matmul,matmul,False,False,False,False,False,0,True,recovered_from_ir
pi05,627,addmm,matmul->bias,True,False,False,False,False,1,False,recovered_from_ir
pi05,628,matmul,matmul,False,False,False,False,False,0,True,recovered_from_ir
pi05,629,matmul,matmul,False,False,False,False,False,0,True,recovered_from_ir
pi05,630,matmul,matmul,False,False,False,False,False,0,True,recovered_from_ir
pi05,631,addmm,matmul->bias,True,False,False,False,False,1,False,recovered_from_ir
pi05,632,matmul,matmul,False,False,False,False,False,0,True,recovered_from_ir
pi05,633,matmul,matmul,False,False,False,False,False,0,True,recovered_from_ir
pi05,634,matmul,matmul,False,False,False,False,False,0,True,recovered_from_ir
pi05,635,matmul,matmul,False,False,False,False,False,0,True,recovered_from_ir
pi05,636,addmm,matmul->bias,True,False,False,False,False,1,False,recovered_from_ir
pi05,637,matmul,matmul,False,False,False,False,False,0,True,recovered_from_ir
pi05,638,matmul,matmul,False,False,False,False,False,0,True,recovered_from_ir
pi05,639,matmul,matmul,False,False,False,False,False,0,True,recovered_from_ir
pi05,640,addmm,matmul->bias,True,False,False,False,False,1,False,recovered_from_ir
pi05,641,matmul,matmul,False,False,False,False,False,0,True,recovered_from_ir
pi05,642,matmul,matmul,False,False,False,False,False,0,True,recovered_from_ir
pi05,643,matmul,matmul,False,False,False,False,False,0,True,recovered_from_ir
pi05,644,matmul,matmul,False,False,False,False,False,0,True,recovered_from_ir
pi05,645,addmm,matmul->bias,True,False,False,False,False,1,False,recovered_from_ir
pi05,646,matmul,matmul,False,False,False,False,False,0,True,recovered_from_ir
pi05,647,matmul,matmul,False,False,False,False,False,0,True,recovered_from_ir
pi05,648,matmul,matmul,False,False,False,False,False,0,True,recovered_from_ir
pi05,649,addmm,matmul->bias,True,False,False,False,False,1,False,recovered_from_ir
pi05,650,matmul,matmul,False,False,False,False,False,0,True,recovered_from_ir
pi05,651,matmul,matmul,False,False,False,False,False,0,True,recovered_from_ir
pi05,652,matmul,matmul,False,False,False,False,False,0,True,recovered_from_ir
pi05,653,matmul,matmul,False,False,False,False,False,0,True,recovered_from_ir
pi05,654,addmm,matmul->bias,True,False,False,False,False,1,False,recovered_from_ir
pi05,655,matmul,matmul,False,False,False,False,False,0,True,recovered_from_ir
pi05,656,matmul,matmul,False,False,False,False,False,0,True,recovered_from_ir
pi05,657,matmul,matmul,False,False,False,False,False,0,True,recovered_from_ir
pi05,658,addmm,matmul->bias,True,False,False,False,False,1,False,recovered_from_ir
pi05,659,matmul,matmul,False,False,False,False,False,0,True,recovered_from_ir
pi05,660,matmul,matmul,False,False,False,False,False,0,True,recovered_from_ir
pi05,661,matmul,matmul,False,False,False,False,False,0,True,recovered_from_ir
pi05,662,matmul,matmul,False,False,False,False,False,0,True,recovered_from_ir
pi05,663,addmm,matmul->bias,True,False,False,False,False,1,False,recovered_from_ir
pi05,664,matmul,matmul,False,False,False,False,False,0,True,recovered_from_ir
pi05,665,matmul,matmul,False,False,False,False,False,0,True,recovered_from_ir
pi05,666,matmul,matmul,False,False,False,False,False,0,True,recovered_from_ir
pi05,667,addmm,matmul->bias,True,False,False,False,False,1,False,recovered_from_ir
pi05,668,matmul,matmul,False,False,False,False,False,0,True,recovered_from_ir
pi05,669,matmul,matmul,False,False,False,False,False,0,True,recovered_from_ir
pi05,670,matmul,matmul,False,False,False,False,False,0,True,recovered_from_ir
pi05,671,matmul,matmul,False,False,False,False,False,0,True,recovered_from_ir
pi05,672,addmm,matmul->bias,True,False,False,False,False,1,False,recovered_from_ir
pi05,673,matmul,matmul,False,False,False,False,False,0,True,recovered_from_ir
pi05,674,matmul,matmul,False,False,False,False,False,0,True,recovered_from_ir
pi05,675,matmul,matmul,False,False,False,False,False,0,True,recovered_from_ir
pi05,676,addmm,matmul->bias,True,False,False,False,False,1,False,recovered_from_ir
pi05,677,matmul,matmul,False,False,False,False,False,0,True,recovered_from_ir
pi05,678,matmul,matmul,False,False,False,False,False,0,True,recovered_from_ir
pi05,679,matmul,matmul,False,False,False,False,False,0,True,recovered_from_ir
pi05,680,matmul,matmul,False,False,False,False,False,0,True,recovered_from_ir
pi05,681,addmm,matmul->bias,True,False,False,False,False,1,False,recovered_from_ir
pi05,682,matmul,matmul,False,False,False,False,False,0,True,recovered_from_ir
pi05,683,matmul,matmul,False,False,False,False,False,0,True,recovered_from_ir
pi05,684,matmul,matmul,False,False,False,False,False,0,True,recovered_from_ir
pi05,685,addmm,matmul->bias,True,False,False,False,False,1,False,recovered_from_ir
pi05,686,matmul,matmul,False,False,False,False,False,0,True,recovered_from_ir
pi05,687,matmul,matmul,False,False,False,False,False,0,True,recovered_from_ir
pi05,688,matmul,matmul,False,False,False,False,False,0,True,recovered_from_ir
pi05,689,matmul,matmul,False,False,False,False,False,0,True,recovered_from_ir
pi05,690,addmm,matmul->bias,True,False,False,False,False,1,False,recovered_from_ir
pi05,691,matmul,matmul,False,False,False,False,False,0,True,recovered_from_ir
pi05,692,matmul,matmul,False,False,False,False,False,0,True,recovered_from_ir
pi05,693,matmul,matmul,False,False,False,False,False,0,True,recovered_from_ir
pi05,694,addmm,matmul->bias,True,False,False,False,False,1,False,recovered_from_ir
pi05,695,matmul,matmul,False,False,False,False,False,0,True,recovered_from_ir
pi05,696,matmul,matmul,False,False,False,False,False,0,True,recovered_from_ir
pi05,697,matmul,matmul,False,False,False,False,False,0,True,recovered_from_ir
pi05,698,matmul,matmul,False,False,False,False,False,0,True,recovered_from_ir
pi05,699,addmm,matmul->bias,True,False,False,False,False,1,False,recovered_from_ir
pi05,700,matmul,matmul,False,False,False,False,False,0,True,recovered_from_ir
pi05,701,matmul,matmul,False,False,False,False,False,0,True,recovered_from_ir
pi05,702,matmul,matmul,False,False,False,False,False,0,True,recovered_from_ir
pi05,703,addmm,matmul->bias,True,False,False,False,False,1,False,recovered_from_ir
pi05,704,matmul,matmul,False,False,False,False,False,0,True,recovered_from_ir
pi05,705,matmul,matmul,False,False,False,False,False,0,True,recovered_from_ir
pi05,706,matmul,matmul,False,False,False,False,False,0,True,recovered_from_ir
pi05,707,matmul,matmul,False,False,False,False,False,0,True,recovered_from_ir
pi05,708,addmm,matmul->bias,True,False,False,False,False,1,False,recovered_from_ir
pi05,709,matmul,matmul,False,False,False,False,False,0,True,recovered_from_ir
pi05,710,matmul,matmul,False,False,False,False,False,0,True,recovered_from_ir
pi05,711,matmul,matmul,False,False,False,False,False,0,True,recovered_from_ir
pi05,712,addmm,matmul->bias,True,False,False,False,False,1,False,recovered_from_ir
pi05,713,matmul,matmul,False,False,False,False,False,0,True,recovered_from_ir
pi05,714,matmul,matmul,False,False,False,False,False,0,True,recovered_from_ir
pi05,715,matmul,matmul,False,False,False,False,False,0,True,recovered_from_ir
pi05,716,matmul,matmul,False,False,False,False,False,0,True,recovered_from_ir
pi05,717,addmm,matmul->bias,True,False,False,False,False,1,False,recovered_from_ir
pi05,718,matmul,matmul,False,False,False,False,False,0,True,recovered_from_ir
pi05,719,matmul,matmul,False,False,False,False,False,0,True,recovered_from_ir
pi05,720,matmul,matmul,False,False,False,False,False,0,True,recovered_from_ir
pi05,721,addmm,matmul->bias,True,False,False,False,False,1,False,recovered_from_ir
pi05,722,matmul,matmul,False,False,False,False,False,0,True,recovered_from_ir
pi05,723,matmul,matmul,False,False,False,False,False,0,True,recovered_from_ir
pi05,724,matmul,matmul,False,False,False,False,False,0,True,recovered_from_ir
pi05,725,matmul,matmul,False,False,False,False,False,0,True,recovered_from_ir
pi05,726,addmm,matmul->bias,True,False,False,False,False,1,False,recovered_from_ir
pi05,727,matmul,matmul,False,False,False,False,False,0,True,recovered_from_ir
pi05,728,matmul,matmul,False,False,False,False,False,0,True,recovered_from_ir
pi05,729,matmul,matmul,False,False,False,False,False,0,True,recovered_from_ir
pi05,730,addmm,matmul->bias,True,False,False,False,False,1,False,recovered_from_ir
pi05,731,matmul,matmul,False,False,False,False,False,0,True,recovered_from_ir
pi05,732,matmul,matmul,False,False,False,False,False,0,True,recovered_from_ir
pi05,733,matmul,matmul,False,False,False,False,False,0,True,recovered_from_ir
pi05,734,matmul,matmul,False,False,False,False,False,0,True,recovered_from_ir
pi05,735,addmm,matmul->bias,True,False,False,False,False,1,False,recovered_from_ir
pi05,736,matmul,matmul,False,False,False,False,False,0,True,recovered_from_ir
pi05,737,matmul,matmul,False,False,False,False,False,0,True,recovered_from_ir
pi05,738,matmul,matmul,False,False,False,False,False,0,True,recovered_from_ir
pi05,739,addmm,matmul->bias,True,False,False,False,False,1,False,recovered_from_ir
pi05,740,matmul,matmul,False,False,False,False,False,0,True,recovered_from_ir
pi05,741,matmul,matmul,False,False,False,False,False,0,True,recovered_from_ir
pi05,742,matmul,matmul,False,False,False,False,False,0,True,recovered_from_ir
pi05,743,matmul,matmul,False,False,False,False,False,0,True,recovered_from_ir
pi05,744,addmm,matmul->bias,True,False,False,False,False,1,False,recovered_from_ir
pi05,745,matmul,matmul,False,False,False,False,False,0,True,recovered_from_ir
pi05,746,matmul,matmul,False,False,False,False,False,0,True,recovered_from_ir
pi05,747,matmul,matmul,False,False,False,False,False,0,True,recovered_from_ir
pi05,748,addmm,matmul->bias,True,False,False,False,False,1,False,recovered_from_ir
pi05,749,matmul,matmul,False,False,False,False,False,0,True,recovered_from_ir
pi05,750,matmul,matmul,False,False,False,False,False,0,True,recovered_from_ir
pi05,751,matmul,matmul,False,False,False,False,False,0,True,recovered_from_ir
pi05,752,matmul,matmul,False,False,False,False,False,0,True,recovered_from_ir
pi05,753,addmm,matmul->bias,True,False,False,False,False,1,False,recovered_from_ir
pi05,754,matmul,matmul,False,False,False,False,False,0,True,recovered_from_ir
pi05,755,matmul,matmul,False,False,False,False,False,0,True,recovered_from_ir
pi05,756,matmul,matmul,False,False,False,False,False,0,True,recovered_from_ir
pi05,757,addmm,matmul->bias,True,False,False,False,False,1,False,recovered_from_ir
pi05,758,matmul,matmul,False,False,False,False,False,0,True,recovered_from_ir
pi05,759,matmul,matmul,False,False,False,False,False,0,True,recovered_from_ir
pi05,760,matmul,matmul,False,False,False,False,False,0,True,recovered_from_ir
pi05,761,matmul,matmul,False,False,False,False,False,0,True,recovered_from_ir
pi05,762,addmm,matmul->bias,True,False,False,False,False,1,False,recovered_from_ir
pi05,763,matmul,matmul,False,False,False,False,False,0,True,recovered_from_ir
pi05,764,matmul,matmul,False,False,False,False,False,0,True,recovered_from_ir
pi05,765,matmul,matmul,False,False,False,False,False,0,True,recovered_from_ir
pi05,766,addmm,matmul->bias,True,False,False,False,False,1,False,recovered_from_ir
pi05,767,matmul,matmul,False,False,False,False,False,0,True,recovered_from_ir
pi05,768,matmul,matmul,False,False,False,False,False,0,True,recovered_from_ir
pi05,769,matmul,matmul,False,False,False,False,False,0,True,recovered_from_ir
pi05,770,matmul,matmul,False,False,False,False,False,0,True,recovered_from_ir
pi05,771,addmm,matmul->bias,True,False,False,False,False,1,False,recovered_from_ir
pi05,772,matmul,matmul,False,False,False,False,False,0,True,recovered_from_ir
pi05,773,matmul,matmul,False,False,False,False,False,0,True,recovered_from_ir
pi05,774,matmul,matmul,False,False,False,False,False,0,True,recovered_from_ir
pi05,775,addmm,matmul->bias,True,False,False,False,False,1,False,recovered_from_ir
pi05,776,addmm,matmul->bias,True,False,False,False,False,1,False,recovered_from_ir
xr0,0,matmul,matmul->bias->scale->activation,True,True,True,False,False,1,False,recovered_from_ir
xr0,1,matmul,matmul,False,False,False,False,False,0,False,recovered_from_ir
xr0,2,matmul,matmul->bias->scale->activation,True,True,True,False,False,1,False,recovered_from_ir
xr0,3,matmul,matmul,False,False,False,False,False,0,True,recovered_from_ir
xr0,4,matmul,matmul->bias,True,False,False,False,False,1,False,recovered_from_ir
xr0,5,matmul,matmul->bias->scale->activation,True,True,True,False,False,1,False,recovered_from_ir
xr0,6,matmul,matmul,False,False,False,False,False,0,False,recovered_from_ir
xr0,7,matmul,matmul->bias,True,False,False,False,False,1,False,recovered_from_ir
xr0,8,matmul,matmul->bias->scale,True,False,True,False,False,4,False,recovered_from_ir
xr0,9,matmul,matmul->bias->scale->activation,True,True,True,False,False,2,False,recovered_from_ir
xr0,10,matmul,matmul->scale,False,False,True,False,False,1,False,recovered_from_ir
xr0,11,matmul,matmul->bias->scale,True,False,True,False,False,4,False,recovered_from_ir
xr0,12,matmul,matmul->bias,True,False,False,False,False,1,False,recovered_from_ir
xr0,13,matmul,matmul->bias->scale,True,False,True,False,False,4,False,recovered_from_ir
xr0,14,matmul,matmul->bias->scale->activation,True,True,True,False,False,2,False,recovered_from_ir
xr0,15,matmul,matmul->scale,False,False,True,False,False,1,False,recovered_from_ir
xr0,16,matmul,matmul->bias->scale,True,False,True,False,False,4,False,recovered_from_ir
xr0,17,matmul,matmul->bias->scale->activation,True,True,True,False,False,1,False,recovered_from_ir
xr0,18,matmul,matmul->bias->scale,True,False,True,False,False,2,False,recovered_from_ir
bitvla,0,matmul,matmul,False,False,False,False,False,0,True,recovered_from_ir
bitvla,1,matmul,matmul,False,False,False,False,False,0,True,recovered_from_ir
bitvla,2,matmul,matmul,False,False,False,False,False,0,True,recovered_from_ir
bitvla,3,matmul,matmul->bias->scale,True,False,True,False,False,8,False,recovered_from_ir
bitvla,4,matmul,matmul->scale->clamp,False,False,True,True,False,3,False,recovered_from_ir
bitvla,5,matmul,matmul->scale,False,False,True,False,False,4,False,recovered_from_ir
bitvla,6,matmul,matmul->bias->scale,True,False,True,False,False,8,False,recovered_from_ir
bitvla,7,matmul,matmul,False,False,False,False,False,0,True,recovered_from_ir
bitvla,8,matmul,matmul,False,False,False,False,False,0,True,recovered_from_ir
bitvla,9,matmul,matmul,False,False,False,False,False,0,True,recovered_from_ir
bitvla,10,matmul,matmul->bias->scale,True,False,True,False,False,5,False,recovered_from_ir
bitvla,11,matmul,matmul->scale->clamp,False,False,True,True,False,3,False,recovered_from_ir
bitvla,12,matmul,matmul->scale,False,False,True,False,False,4,False,recovered_from_ir
bitvla,13,matmul,matmul->bias,True,False,False,False,False,1,False,recovered_from_ir
bitvla,14,matmul,matmul,False,False,False,False,False,0,True,recovered_from_ir
bitvla,15,matmul,matmul,False,False,False,False,False,0,True,recovered_from_ir
bitvla,16,matmul,matmul,False,False,False,False,False,0,True,recovered_from_ir
bitvla,17,matmul,matmul,False,False,False,False,False,0,True,recovered_from_ir
bitvla,18,matmul,matmul->bias->scale,True,False,True,False,False,8,False,recovered_from_ir
bitvla,19,matmul,matmul->scale->clamp,False,False,True,True,False,3,False,recovered_from_ir
bitvla,20,matmul,matmul->scale,False,False,True,False,False,4,False,recovered_from_ir
bitvla,21,matmul,matmul->bias->scale,True,False,True,False,False,8,False,recovered_from_ir
bitvla,22,matmul,matmul,False,False,False,False,False,0,True,recovered_from_ir
bitvla,23,matmul,matmul,False,False,False,False,False,0,True,recovered_from_ir
bitvla,24,matmul,matmul,False,False,False,False,False,0,True,recovered_from_ir
bitvla,25,matmul,matmul->bias->scale,True,False,True,False,False,7,False,recovered_from_ir
bitvla,26,matmul,matmul->scale->clamp,False,False,True,True,False,3,False,recovered_from_ir
bitvla,27,matmul,matmul->scale,False,False,True,False,False,4,False,recovered_from_ir
bitvla,28,matmul,matmul->bias->scale,True,False,True,False,False,4,False,recovered_from_ir
bitvla,29,matmul,matmul,False,False,False,False,False,0,True,recovered_from_ir
