workload,capture_id,op_index,region_id,region_role,prov_fqn,op_kind,epilogue,epilogue_hint,M,N,K,batch_product,macs,lhs_bytes,rhs_weight_bytes,output_bytes,dtype,aspect_ratio_MN,aspect_ratio_MK,aspect_ratio_NK,is_tail_heavy,is_small_fragment,shape_class,semantic_class,evidence_shape,evidence_role,evidence_dtype,evidence_bytes
rdt,rdt,0,matmul_0,repeated_head,,matmul,False,none,64,2048,256,1,33554432,65536,2097152,524288,f32,0.0312,0.25,8.0,False,False,wide_skinny,unknown,recovered_from_ir,recovered_from_prov_fqn,recovered_from_ir,recovered_from_ir
rdt,rdt,1,matmul_1,repeated_head,,matmul,False,none,1,2048,256,1,524288,1024,2097152,8192,f32,0.0005,0.0039,8.0,True,False,gemv_like,unknown,recovered_from_ir,recovered_from_prov_fqn,recovered_from_ir,recovered_from_ir
rdt,rdt,2,matmul_2,repeated_head,,matmul,False,none,1,2048,2048,1,4194304,8192,16777216,8192,f32,0.0005,0.0005,1.0,True,False,gemv_like,unknown,recovered_from_ir,recovered_from_prov_fqn,recovered_from_ir,recovered_from_ir
rdt,rdt,3,matmul_3,repeated_head,,matmul,False,none,1,2048,256,1,524288,1024,2097152,8192,f32,0.0005,0.0039,8.0,True,False,gemv_like,unknown,recovered_from_ir,recovered_from_prov_fqn,recovered_from_ir,recovered_from_ir
rdt,rdt,4,matmul_4,repeated_head,,matmul,False,none,1,2048,2048,1,4194304,8192,16777216,8192,f32,0.0005,0.0005,1.0,True,False,gemv_like,unknown,recovered_from_ir,recovered_from_prov_fqn,recovered_from_ir,recovered_from_ir
rdt,rdt,5,matmul_5,repeated_head,,matmul,False,none,67,6144,2048,1,843055104,548864,50331648,1646592,f32,0.0109,0.0327,3.0,True,False,wide_skinny,unknown,recovered_from_ir,recovered_from_prov_fqn,recovered_from_ir,recovered_from_ir
rdt,rdt,6,matmul_7,repeated_head,,matmul,False,none,67,2048,2048,1,281018368,548864,16777216,548864,f32,0.0327,0.0327,1.0,True,False,wide_skinny,unknown,recovered_from_ir,recovered_from_prov_fqn,recovered_from_ir,recovered_from_ir
rdt,rdt,7,matmul_8,repeated_head,,matmul,False,none,67,2048,2048,1,281018368,548864,16777216,548864,f32,0.0327,0.0327,1.0,True,False,wide_skinny,unknown,recovered_from_ir,recovered_from_prov_fqn,recovered_from_ir,recovered_from_ir
rdt,rdt,8,matmul_9,repeated_head,,matmul,False,none,32,4096,2048,1,268435456,262144,33554432,524288,f32,0.0078,0.0156,2.0,False,False,wide_skinny,unknown,recovered_from_ir,recovered_from_prov_fqn,recovered_from_ir,recovered_from_ir
rdt,rdt,9,matmul_11,repeated_head,,matmul,False,none,67,2048,2048,1,281018368,548864,16777216,548864,f32,0.0327,0.0327,1.0,True,False,wide_skinny,unknown,recovered_from_ir,recovered_from_prov_fqn,recovered_from_ir,recovered_from_ir
rdt,rdt,10,matmul_12,repeated_head,,matmul,False,none,67,2048,2048,1,281018368,548864,16777216,548864,f32,0.0327,0.0327,1.0,True,False,wide_skinny,unknown,recovered_from_ir,recovered_from_prov_fqn,recovered_from_ir,recovered_from_ir
rdt,rdt,11,matmul_13,repeated_head,,matmul,False,none,67,2048,2048,1,281018368,548864,16777216,548864,f32,0.0327,0.0327,1.0,True,False,wide_skinny,unknown,recovered_from_ir,recovered_from_prov_fqn,recovered_from_ir,recovered_from_ir
rdt,rdt,12,matmul_14,repeated_head,,matmul,False,none,67,6144,2048,1,843055104,548864,50331648,1646592,f32,0.0109,0.0327,3.0,True,False,wide_skinny,unknown,recovered_from_ir,recovered_from_prov_fqn,recovered_from_ir,recovered_from_ir
rdt,rdt,13,matmul_16,repeated_head,,matmul,False,none,67,2048,2048,1,281018368,548864,16777216,548864,f32,0.0327,0.0327,1.0,True,False,wide_skinny,unknown,recovered_from_ir,recovered_from_prov_fqn,recovered_from_ir,recovered_from_ir
rdt,rdt,14,matmul_17,repeated_head,,matmul,False,none,67,2048,2048,1,281018368,548864,16777216,548864,f32,0.0327,0.0327,1.0,True,False,wide_skinny,unknown,recovered_from_ir,recovered_from_prov_fqn,recovered_from_ir,recovered_from_ir
rdt,rdt,15,matmul_18,repeated_head,,matmul,False,none,4096,4096,2048,1,34359738368,33554432,33554432,67108864,f32,1.0,2.0,2.0,False,False,squareish_gemm,unknown,recovered_from_ir,recovered_from_prov_fqn,recovered_from_ir,recovered_from_ir
rdt,rdt,16,matmul_20,repeated_head,,matmul,False,none,67,2048,2048,1,281018368,548864,16777216,548864,f32,0.0327,0.0327,1.0,True,False,wide_skinny,unknown,recovered_from_ir,recovered_from_prov_fqn,recovered_from_ir,recovered_from_ir
rdt,rdt,17,matmul_21,repeated_head,,matmul,False,none,67,2048,2048,1,281018368,548864,16777216,548864,f32,0.0327,0.0327,1.0,True,False,wide_skinny,unknown,recovered_from_ir,recovered_from_prov_fqn,recovered_from_ir,recovered_from_ir
rdt,rdt,18,matmul_22,repeated_head,,matmul,False,none,67,2048,2048,1,281018368,548864,16777216,548864,f32,0.0327,0.0327,1.0,True,False,wide_skinny,unknown,recovered_from_ir,recovered_from_prov_fqn,recovered_from_ir,recovered_from_ir
rdt,rdt,19,matmul_23,repeated_head,,matmul,False,none,67,2048,2048,1,281018368,548864,16777216,548864,f32,0.0327,0.0327,1.0,True,False,wide_skinny,unknown,recovered_from_ir,recovered_from_prov_fqn,recovered_from_ir,recovered_from_ir
rdt,rdt,20,matmul_24,repeated_head,,matmul,False,none,67,128,2048,1,17563648,548864,1048576,34304,f32,0.5234,0.0327,0.0625,True,False,squareish_gemm,unknown,recovered_from_ir,recovered_from_prov_fqn,recovered_from_ir,recovered_from_ir
openvla,openvla,0,matmul_1,backbone_once,layers.0.self_attn.q_proj,matmul,False,none,20,512,128,1,1310720,10240,262144,40960,f32,0.0391,0.1562,4.0,True,False,wide_skinny,attention_qkv_projection,recovered_from_ir,recovered_from_prov_fqn,recovered_from_ir,recovered_from_ir
openvla,openvla,1,matmul_2,backbone_once,layers.0.self_attn.k_proj,matmul,False,none,20,512,128,1,1310720,10240,262144,40960,f32,0.0391,0.1562,4.0,True,False,wide_skinny,attention_qkv_projection,recovered_from_ir,recovered_from_prov_fqn,recovered_from_ir,recovered_from_ir
openvla,openvla,2,matmul_3,backbone_once,layers.0.self_attn.v_proj,matmul,False,none,20,512,128,1,1310720,10240,262144,40960,f32,0.0391,0.1562,4.0,True,False,wide_skinny,attention_qkv_projection,recovered_from_ir,recovered_from_prov_fqn,recovered_from_ir,recovered_from_ir
openvla,openvla,3,matmul_6,backbone_once,layers.0.self_attn.o_proj,matmul,False,none,20,128,512,1,1310720,40960,262144,10240,f32,0.1562,0.0391,0.25,True,False,wide_skinny,attention_output_projection,recovered_from_ir,recovered_from_prov_fqn,recovered_from_ir,recovered_from_ir
openvla,openvla,4,matmul_7,backbone_once,layers.0.mlp.gate_proj,matmul,False,none,20,256,128,1,655360,10240,131072,20480,f32,0.0781,0.1562,2.0,True,False,wide_skinny,mlp_projection,recovered_from_ir,recovered_from_prov_fqn,recovered_from_ir,recovered_from_ir
openvla,openvla,5,matmul_8,backbone_once,layers.0.mlp.up_proj,matmul,False,none,20,256,128,1,655360,10240,131072,20480,f32,0.0781,0.1562,2.0,True,False,wide_skinny,mlp_projection,recovered_from_ir,recovered_from_prov_fqn,recovered_from_ir,recovered_from_ir
openvla,openvla,6,matmul_9,backbone_once,layers.0.mlp.down_proj,matmul,False,none,20,128,256,1,655360,20480,131072,10240,f32,0.1562,0.0781,0.5,True,False,wide_skinny,mlp_projection,recovered_from_ir,recovered_from_prov_fqn,recovered_from_ir,recovered_from_ir
openvla,openvla,7,matmul_10,backbone_once,layers.1.self_attn.q_proj,matmul,False,none,20,512,128,1,1310720,10240,262144,40960,f32,0.0391,0.1562,4.0,True,False,wide_skinny,attention_qkv_projection,recovered_from_ir,recovered_from_prov_fqn,recovered_from_ir,recovered_from_ir
openvla,openvla,8,matmul_11,backbone_once,layers.1.self_attn.k_proj,matmul,False,none,20,512,128,1,1310720,10240,262144,40960,f32,0.0391,0.1562,4.0,True,False,wide_skinny,attention_qkv_projection,recovered_from_ir,recovered_from_prov_fqn,recovered_from_ir,recovered_from_ir
openvla,openvla,9,matmul_12,backbone_once,layers.1.self_attn.v_proj,matmul,False,none,20,512,128,1,1310720,10240,262144,40960,f32,0.0391,0.1562,4.0,True,False,wide_skinny,attention_qkv_projection,recovered_from_ir,recovered_from_prov_fqn,recovered_from_ir,recovered_from_ir
openvla,openvla,10,matmul_15,backbone_once,layers.1.self_attn.o_proj,matmul,False,none,20,128,512,1,1310720,40960,262144,10240,f32,0.1562,0.0391,0.25,True,False,wide_skinny,attention_output_projection,recovered_from_ir,recovered_from_prov_fqn,recovered_from_ir,recovered_from_ir
openvla,openvla,11,matmul_16,backbone_once,layers.1.mlp.gate_proj,matmul,False,none,20,256,128,1,655360,10240,131072,20480,f32,0.0781,0.1562,2.0,True,False,wide_skinny,mlp_projection,recovered_from_ir,recovered_from_prov_fqn,recovered_from_ir,recovered_from_ir
openvla,openvla,12,matmul_17,backbone_once,layers.1.mlp.up_proj,matmul,False,none,20,256,128,1,655360,10240,131072,20480,f32,0.0781,0.1562,2.0,True,False,wide_skinny,mlp_projection,recovered_from_ir,recovered_from_prov_fqn,recovered_from_ir,recovered_from_ir
openvla,openvla,13,matmul_18,backbone_once,layers.1.mlp.down_proj,matmul,False,none,20,128,256,1,655360,20480,131072,10240,f32,0.1562,0.0781,0.5,True,False,wide_skinny,mlp_projection,recovered_from_ir,recovered_from_prov_fqn,recovered_from_ir,recovered_from_ir
openvla,openvla,14,matmul_19,backbone_once,lm_head,matmul,False,none,1,512,128,1,65536,512,262144,2048,f32,0.002,0.0078,4.0,True,False,gemv_like,lm_head_projection,recovered_from_ir,recovered_from_prov_fqn,recovered_from_ir,recovered_from_ir
openvla,openvla,15,matmul_0,repeated_head,,matmul,False,none,1,512,128,1,65536,512,262144,2048,f32,0.002,0.0078,4.0,True,False,gemv_like,unknown,recovered_from_ir,recovered_from_prov_fqn,recovered_from_ir,recovered_from_ir
openvla,openvla,16,matmul_1,repeated_head,,matmul,False,none,1,512,128,1,65536,512,262144,2048,f32,0.002,0.0078,4.0,True,False,gemv_like,unknown,recovered_from_ir,recovered_from_prov_fqn,recovered_from_ir,recovered_from_ir
openvla,openvla,17,matmul_2,repeated_head,,matmul,False,none,1,512,128,1,65536,512,262144,2048,f32,0.002,0.0078,4.0,True,False,gemv_like,unknown,recovered_from_ir,recovered_from_prov_fqn,recovered_from_ir,recovered_from_ir
openvla,openvla,18,matmul_5,repeated_head,,matmul,False,none,1,128,512,1,65536,2048,262144,512,f32,0.0078,0.002,0.25,True,False,gemv_like,unknown,recovered_from_ir,recovered_from_prov_fqn,recovered_from_ir,recovered_from_ir
openvla,openvla,19,matmul_6,repeated_head,,matmul,False,none,1,256,128,1,32768,512,131072,1024,f32,0.0039,0.0078,2.0,True,True,gemv_like,unknown,recovered_from_ir,recovered_from_prov_fqn,recovered_from_ir,recovered_from_ir
openvla,openvla,20,matmul_7,repeated_head,,matmul,False,none,1,256,128,1,32768,512,131072,1024,f32,0.0039,0.0078,2.0,True,True,gemv_like,unknown,recovered_from_ir,recovered_from_prov_fqn,recovered_from_ir,recovered_from_ir
openvla,openvla,21,matmul_8,repeated_head,,matmul,False,none,1,128,256,1,32768,1024,131072,512,f32,0.0078,0.0039,0.5,True,True,gemv_like,unknown,recovered_from_ir,recovered_from_prov_fqn,recovered_from_ir,recovered_from_ir
openvla,openvla,22,matmul_9,repeated_head,,matmul,False,none,1,512,128,1,65536,512,262144,2048,f32,0.002,0.0078,4.0,True,False,gemv_like,unknown,recovered_from_ir,recovered_from_prov_fqn,recovered_from_ir,recovered_from_ir
openvla,openvla,23,matmul_10,repeated_head,,matmul,False,none,1,512,128,1,65536,512,262144,2048,f32,0.002,0.0078,4.0,True,False,gemv_like,unknown,recovered_from_ir,recovered_from_prov_fqn,recovered_from_ir,recovered_from_ir
openvla,openvla,24,matmul_11,repeated_head,,matmul,False,none,1,512,128,1,65536,512,262144,2048,f32,0.002,0.0078,4.0,True,False,gemv_like,unknown,recovered_from_ir,recovered_from_prov_fqn,recovered_from_ir,recovered_from_ir
openvla,openvla,25,matmul_14,repeated_head,,matmul,False,none,1,128,512,1,65536,2048,262144,512,f32,0.0078,0.002,0.25,True,False,gemv_like,unknown,recovered_from_ir,recovered_from_prov_fqn,recovered_from_ir,recovered_from_ir
openvla,openvla,26,matmul_15,repeated_head,,matmul,False,none,1,256,128,1,32768,512,131072,1024,f32,0.0039,0.0078,2.0,True,True,gemv_like,unknown,recovered_from_ir,recovered_from_prov_fqn,recovered_from_ir,recovered_from_ir
openvla,openvla,27,matmul_16,repeated_head,,matmul,False,none,1,256,128,1,32768,512,131072,1024,f32,0.0039,0.0078,2.0,True,True,gemv_like,unknown,recovered_from_ir,recovered_from_prov_fqn,recovered_from_ir,recovered_from_ir
openvla,openvla,28,matmul_17,repeated_head,,matmul,False,none,1,128,256,1,32768,1024,131072,512,f32,0.0078,0.0039,0.5,True,True,gemv_like,unknown,recovered_from_ir,recovered_from_prov_fqn,recovered_from_ir,recovered_from_ir
openvla,openvla,29,matmul_18,repeated_head,,matmul,False,none,1,512,128,1,65536,512,262144,2048,f32,0.002,0.0078,4.0,True,False,gemv_like,unknown,recovered_from_ir,recovered_from_prov_fqn,recovered_from_ir,recovered_from_ir
tiny_llama,tiny_llama,0,matmul_1,backbone_once,,matmul,False,none,8,2048,2048,1,33554432,65536,16777216,65536,f32,0.0039,0.0039,1.0,True,False,wide_skinny,unknown,recovered_from_ir,recovered_from_prov_fqn,recovered_from_ir,recovered_from_ir
tiny_llama,tiny_llama,1,matmul_2,backbone_once,,matmul,False,none,8,256,2048,1,4194304,65536,2097152,8192,f32,0.0312,0.0039,0.125,True,False,wide_skinny,unknown,recovered_from_ir,recovered_from_prov_fqn,recovered_from_ir,recovered_from_ir
tiny_llama,tiny_llama,2,matmul_3,backbone_once,,matmul,False,none,8,256,2048,1,4194304,65536,2097152,8192,f32,0.0312,0.0039,0.125,True,False,wide_skinny,unknown,recovered_from_ir,recovered_from_prov_fqn,recovered_from_ir,recovered_from_ir
tiny_llama,tiny_llama,3,matmul_6,backbone_once,,matmul,False,none,8,2048,2048,1,33554432,65536,16777216,65536,f32,0.0039,0.0039,1.0,True,False,wide_skinny,unknown,recovered_from_ir,recovered_from_prov_fqn,recovered_from_ir,recovered_from_ir
tiny_llama,tiny_llama,4,matmul_7,backbone_once,,matmul,False,none,8,5632,2048,1,92274688,65536,46137344,180224,f32,0.0014,0.0039,2.75,True,False,wide_skinny,unknown,recovered_from_ir,recovered_from_prov_fqn,recovered_from_ir,recovered_from_ir
tiny_llama,tiny_llama,5,matmul_8,backbone_once,,matmul,False,none,8,5632,2048,1,92274688,65536,46137344,180224,f32,0.0014,0.0039,2.75,True,False,wide_skinny,unknown,recovered_from_ir,recovered_from_prov_fqn,recovered_from_ir,recovered_from_ir
tiny_llama,tiny_llama,6,matmul_9,backbone_once,,matmul,False,none,8,2048,5632,1,92274688,180224,46137344,65536,f32,0.0039,0.0014,0.3636,True,False,wide_skinny,unknown,recovered_from_ir,recovered_from_prov_fqn,recovered_from_ir,recovered_from_ir
tiny_llama,tiny_llama,7,matmul_10,backbone_once,,matmul,False,none,8,2048,2048,1,33554432,65536,16777216,65536,f32,0.0039,0.0039,1.0,True,False,wide_skinny,unknown,recovered_from_ir,recovered_from_prov_fqn,recovered_from_ir,recovered_from_ir
tiny_llama,tiny_llama,8,matmul_11,backbone_once,,matmul,False,none,8,256,2048,1,4194304,65536,2097152,8192,f32,0.0312,0.0039,0.125,True,False,wide_skinny,unknown,recovered_from_ir,recovered_from_prov_fqn,recovered_from_ir,recovered_from_ir
tiny_llama,tiny_llama,9,matmul_12,backbone_once,,matmul,False,none,8,256,2048,1,4194304,65536,2097152,8192,f32,0.0312,0.0039,0.125,True,False,wide_skinny,unknown,recovered_from_ir,recovered_from_prov_fqn,recovered_from_ir,recovered_from_ir
tiny_llama,tiny_llama,10,matmul_15,backbone_once,,matmul,False,none,8,2048,2048,1,33554432,65536,16777216,65536,f32,0.0039,0.0039,1.0,True,False,wide_skinny,unknown,recovered_from_ir,recovered_from_prov_fqn,recovered_from_ir,recovered_from_ir
tiny_llama,tiny_llama,11,matmul_16,backbone_once,,matmul,False,none,8,5632,2048,1,92274688,65536,46137344,180224,f32,0.0014,0.0039,2.75,True,False,wide_skinny,unknown,recovered_from_ir,recovered_from_prov_fqn,recovered_from_ir,recovered_from_ir
tiny_llama,tiny_llama,12,matmul_17,backbone_once,,matmul,False,none,8,5632,2048,1,92274688,65536,46137344,180224,f32,0.0014,0.0039,2.75,True,False,wide_skinny,unknown,recovered_from_ir,recovered_from_prov_fqn,recovered_from_ir,recovered_from_ir
tiny_llama,tiny_llama,13,matmul_18,backbone_once,,matmul,False,none,8,2048,5632,1,92274688,180224,46137344,65536,f32,0.0039,0.0014,0.3636,True,False,wide_skinny,unknown,recovered_from_ir,recovered_from_prov_fqn,recovered_from_ir,recovered_from_ir
tiny_llama,tiny_llama,14,matmul_19,backbone_once,,matmul,False,none,1,32000,2048,1,65536000,8192,262144000,128000,f32,0.0,0.0005,15.625,True,False,gemv_like,unknown,recovered_from_ir,recovered_from_prov_fqn,recovered_from_ir,recovered_from_ir
tiny_llama,tiny_llama,15,matmul_1,repeated_head,,matmul,False,none,1,2048,2048,1,4194304,8192,16777216,8192,f32,0.0005,0.0005,1.0,True,False,gemv_like,unknown,recovered_from_ir,recovered_from_prov_fqn,recovered_from_ir,recovered_from_ir
tiny_llama,tiny_llama,16,matmul_2,repeated_head,,matmul,False,none,1,256,2048,1,524288,8192,2097152,1024,f32,0.0039,0.0005,0.125,True,False,gemv_like,unknown,recovered_from_ir,recovered_from_prov_fqn,recovered_from_ir,recovered_from_ir
tiny_llama,tiny_llama,17,matmul_3,repeated_head,,matmul,False,none,1,256,2048,1,524288,8192,2097152,1024,f32,0.0039,0.0005,0.125,True,False,gemv_like,unknown,recovered_from_ir,recovered_from_prov_fqn,recovered_from_ir,recovered_from_ir
tiny_llama,tiny_llama,18,matmul_6,repeated_head,,matmul,False,none,1,2048,2048,1,4194304,8192,16777216,8192,f32,0.0005,0.0005,1.0,True,False,gemv_like,unknown,recovered_from_ir,recovered_from_prov_fqn,recovered_from_ir,recovered_from_ir
tiny_llama,tiny_llama,19,matmul_7,repeated_head,,matmul,False,none,1,5632,2048,1,11534336,8192,46137344,22528,f32,0.0002,0.0005,2.75,True,False,gemv_like,unknown,recovered_from_ir,recovered_from_prov_fqn,recovered_from_ir,recovered_from_ir
tiny_llama,tiny_llama,20,matmul_8,repeated_head,,matmul,False,none,1,5632,2048,1,11534336,8192,46137344,22528,f32,0.0002,0.0005,2.75,True,False,gemv_like,unknown,recovered_from_ir,recovered_from_prov_fqn,recovered_from_ir,recovered_from_ir
tiny_llama,tiny_llama,21,matmul_9,repeated_head,,matmul,False,none,1,2048,5632,1,11534336,22528,46137344,8192,f32,0.0005,0.0002,0.3636,True,False,gemv_like,unknown,recovered_from_ir,recovered_from_prov_fqn,recovered_from_ir,recovered_from_ir
tiny_llama,tiny_llama,22,matmul_10,repeated_head,,matmul,False,none,1,2048,2048,1,4194304,8192,16777216,8192,f32,0.0005,0.0005,1.0,True,False,gemv_like,unknown,recovered_from_ir,recovered_from_prov_fqn,recovered_from_ir,recovered_from_ir
tiny_llama,tiny_llama,23,matmul_11,repeated_head,,matmul,False,none,1,256,2048,1,524288,8192,2097152,1024,f32,0.0039,0.0005,0.125,True,False,gemv_like,unknown,recovered_from_ir,recovered_from_prov_fqn,recovered_from_ir,recovered_from_ir
tiny_llama,tiny_llama,24,matmul_12,repeated_head,,matmul,False,none,1,256,2048,1,524288,8192,2097152,1024,f32,0.0039,0.0005,0.125,True,False,gemv_like,unknown,recovered_from_ir,recovered_from_prov_fqn,recovered_from_ir,recovered_from_ir
tiny_llama,tiny_llama,25,matmul_15,repeated_head,,matmul,False,none,1,2048,2048,1,4194304,8192,16777216,8192,f32,0.0005,0.0005,1.0,True,False,gemv_like,unknown,recovered_from_ir,recovered_from_prov_fqn,recovered_from_ir,recovered_from_ir
tiny_llama,tiny_llama,26,matmul_16,repeated_head,,matmul,False,none,1,5632,2048,1,11534336,8192,46137344,22528,f32,0.0002,0.0005,2.75,True,False,gemv_like,unknown,recovered_from_ir,recovered_from_prov_fqn,recovered_from_ir,recovered_from_ir
tiny_llama,tiny_llama,27,matmul_17,repeated_head,,matmul,False,none,1,5632,2048,1,11534336,8192,46137344,22528,f32,0.0002,0.0005,2.75,True,False,gemv_like,unknown,recovered_from_ir,recovered_from_prov_fqn,recovered_from_ir,recovered_from_ir
tiny_llama,tiny_llama,28,matmul_18,repeated_head,,matmul,False,none,1,2048,5632,1,11534336,22528,46137344,8192,f32,0.0005,0.0002,0.3636,True,False,gemv_like,unknown,recovered_from_ir,recovered_from_prov_fqn,recovered_from_ir,recovered_from_ir
tiny_llama,tiny_llama,29,matmul_19,repeated_head,,matmul,False,none,1,32000,2048,1,65536000,8192,262144000,128000,f32,0.0,0.0005,15.625,True,False,gemv_like,unknown,recovered_from_ir,recovered_from_prov_fqn,recovered_from_ir,recovered_from_ir
rdt2,rdt2,0,matmul_0,repeated_head,,matmul,False,none,1,1024,256,1,262144,1024,1048576,4096,f32,0.001,0.0039,4.0,True,False,gemv_like,unknown,recovered_from_ir,recovered_from_prov_fqn,recovered_from_ir,recovered_from_ir
rdt2,rdt2,1,matmul_1,repeated_head,,matmul,False,none,1,1024,1024,1,1048576,4096,4194304,4096,f32,0.001,0.001,1.0,True,False,gemv_like,unknown,recovered_from_ir,recovered_from_prov_fqn,recovered_from_ir,recovered_from_ir
rdt2,rdt2,2,matmul_2,repeated_head,,matmul,False,none,24,1024,20,1,491520,1920,81920,98304,f32,0.0234,1.2,51.2,True,False,wide_skinny,unknown,recovered_from_ir,recovered_from_prov_fqn,recovered_from_ir,recovered_from_ir
rdt2,rdt2,3,matmul_3,repeated_head,,matmul,False,none,24,1024,1024,1,25165824,98304,4194304,98304,f32,0.0234,0.0234,1.0,True,False,wide_skinny,unknown,recovered_from_ir,recovered_from_prov_fqn,recovered_from_ir,recovered_from_ir
rdt2,rdt2,4,matmul_4,repeated_head,,matmul,False,none,24,1024,1024,1,25165824,98304,4194304,98304,f32,0.0234,0.0234,1.0,True,False,wide_skinny,unknown,recovered_from_ir,recovered_from_prov_fqn,recovered_from_ir,recovered_from_ir
rdt2,rdt2,5,matmul_5,repeated_head,,matmul,False,none,1,9216,2048,1,18874368,8192,75497472,36864,f32,0.0001,0.0005,4.5,True,False,gemv_like,unknown,recovered_from_ir,recovered_from_prov_fqn,recovered_from_ir,recovered_from_ir
rdt2,rdt2,6,matmul_6,repeated_head,,matmul,False,none,28,1024,1024,1,29360128,114688,4194304,114688,f32,0.0273,0.0273,1.0,True,False,wide_skinny,unknown,recovered_from_ir,recovered_from_prov_fqn,recovered_from_ir,recovered_from_ir
rdt2,rdt2,7,matmul_7,repeated_head,,matmul,False,none,28,1024,1024,1,29360128,114688,4194304,114688,f32,0.0273,0.0273,1.0,True,False,wide_skinny,unknown,recovered_from_ir,recovered_from_prov_fqn,recovered_from_ir,recovered_from_ir
rdt2,rdt2,8,matmul_10,repeated_head,,matmul,False,none,28,1024,1024,1,29360128,114688,4194304,114688,f32,0.0273,0.0273,1.0,True,False,wide_skinny,unknown,recovered_from_ir,recovered_from_prov_fqn,recovered_from_ir,recovered_from_ir
rdt2,rdt2,9,matmul_11,repeated_head,,matmul,False,none,28,1024,1024,1,29360128,114688,4194304,114688,f32,0.0273,0.0273,1.0,True,False,wide_skinny,unknown,recovered_from_ir,recovered_from_prov_fqn,recovered_from_ir,recovered_from_ir
rdt2,rdt2,10,matmul_14,repeated_head,,matmul,False,none,28,1024,1024,1,29360128,114688,4194304,114688,f32,0.0273,0.0273,1.0,True,False,wide_skinny,unknown,recovered_from_ir,recovered_from_prov_fqn,recovered_from_ir,recovered_from_ir
rdt2,rdt2,11,matmul_15,repeated_head,,matmul,False,none,28,2816,1024,1,80740352,114688,11534336,315392,f32,0.0099,0.0273,2.75,True,False,wide_skinny,unknown,recovered_from_ir,recovered_from_prov_fqn,recovered_from_ir,recovered_from_ir
rdt2,rdt2,12,matmul_16,repeated_head,,matmul,False,none,28,2816,1024,1,80740352,114688,11534336,315392,f32,0.0099,0.0273,2.75,True,False,wide_skinny,unknown,recovered_from_ir,recovered_from_prov_fqn,recovered_from_ir,recovered_from_ir
rdt2,rdt2,13,matmul_17,repeated_head,,matmul,False,none,28,1024,2816,1,80740352,315392,11534336,114688,f32,0.0273,0.0099,0.3636,True,False,wide_skinny,unknown,recovered_from_ir,recovered_from_prov_fqn,recovered_from_ir,recovered_from_ir
rdt2,rdt2,14,matmul_18,repeated_head,,matmul,False,none,1,9216,2048,1,18874368,8192,75497472,36864,f32,0.0001,0.0005,4.5,True,False,gemv_like,unknown,recovered_from_ir,recovered_from_prov_fqn,recovered_from_ir,recovered_from_ir
rdt2,rdt2,15,matmul_19,repeated_head,,matmul,False,none,28,1024,1024,1,29360128,114688,4194304,114688,f32,0.0273,0.0273,1.0,True,False,wide_skinny,unknown,recovered_from_ir,recovered_from_prov_fqn,recovered_from_ir,recovered_from_ir
rdt2,rdt2,16,matmul_20,repeated_head,,matmul,False,none,28,1024,1024,1,29360128,114688,4194304,114688,f32,0.0273,0.0273,1.0,True,False,wide_skinny,unknown,recovered_from_ir,recovered_from_prov_fqn,recovered_from_ir,recovered_from_ir
rdt2,rdt2,17,matmul_23,repeated_head,,matmul,False,none,28,1024,1024,1,29360128,114688,4194304,114688,f32,0.0273,0.0273,1.0,True,False,wide_skinny,unknown,recovered_from_ir,recovered_from_prov_fqn,recovered_from_ir,recovered_from_ir
rdt2,rdt2,18,matmul_24,repeated_head,,matmul,False,none,28,1024,1024,1,29360128,114688,4194304,114688,f32,0.0273,0.0273,1.0,True,False,wide_skinny,unknown,recovered_from_ir,recovered_from_prov_fqn,recovered_from_ir,recovered_from_ir
rdt2,rdt2,19,matmul_27,repeated_head,,matmul,False,none,28,1024,1024,1,29360128,114688,4194304,114688,f32,0.0273,0.0273,1.0,True,False,wide_skinny,unknown,recovered_from_ir,recovered_from_prov_fqn,recovered_from_ir,recovered_from_ir
rdt2,rdt2,20,matmul_28,repeated_head,,matmul,False,none,28,2816,1024,1,80740352,114688,11534336,315392,f32,0.0099,0.0273,2.75,True,False,wide_skinny,unknown,recovered_from_ir,recovered_from_prov_fqn,recovered_from_ir,recovered_from_ir
rdt2,rdt2,21,matmul_29,repeated_head,,matmul,False,none,28,2816,1024,1,80740352,114688,11534336,315392,f32,0.0099,0.0273,2.75,True,False,wide_skinny,unknown,recovered_from_ir,recovered_from_prov_fqn,recovered_from_ir,recovered_from_ir
rdt2,rdt2,22,matmul_30,repeated_head,,matmul,False,none,28,1024,2816,1,80740352,315392,11534336,114688,f32,0.0273,0.0099,0.3636,True,False,wide_skinny,unknown,recovered_from_ir,recovered_from_prov_fqn,recovered_from_ir,recovered_from_ir
rdt2,rdt2,23,matmul_31,repeated_head,,matmul,False,none,1,2048,2048,1,4194304,8192,16777216,8192,f32,0.0005,0.0005,1.0,True,False,gemv_like,unknown,recovered_from_ir,recovered_from_prov_fqn,recovered_from_ir,recovered_from_ir
rdt2,rdt2,24,matmul_32,repeated_head,,matmul,False,none,28,4096,1024,1,117440512,114688,16777216,458752,f32,0.0068,0.0273,4.0,True,False,wide_skinny,unknown,recovered_from_ir,recovered_from_prov_fqn,recovered_from_ir,recovered_from_ir
rdt2,rdt2,25,matmul_33,repeated_head,,matmul,False,none,28,20,4096,1,2293760,458752,327680,2240,f32,1.4,0.0068,0.0049,True,False,projection_like,unknown,recovered_from_ir,recovered_from_prov_fqn,recovered_from_ir,recovered_from_ir
groot_n1d7,groot_n1d7,0,matmul_3,repeated_head,head.model.timestep_encoder.timestep_embedder.linear_1,addmm,True,bias_addmm,1,1536,256,1,393216,1024,1572864,6144,f32,0.0007,0.0039,6.0,True,False,gemv_like,embedding_projection,recovered_from_ir,recovered_from_prov_fqn,recovered_from_ir,recovered_from_ir
groot_n1d7,groot_n1d7,1,matmul_4,repeated_head,head.model.timestep_encoder.timestep_embedder.linear_2,addmm,True,bias_addmm,1,1536,1536,1,2359296,6144,9437184,6144,f32,0.0007,0.0007,1.0,True,False,gemv_like,embedding_projection,recovered_from_ir,recovered_from_prov_fqn,recovered_from_ir,recovered_from_ir
groot_n1d7,groot_n1d7,2,matmul_5,repeated_head,head.model.transformer_blocks.0.norm1.linear,addmm,True,bias_addmm,1,3072,1536,1,4718592,6144,18874368,12288,f32,0.0003,0.0007,2.0,True,False,gemv_like,unknown,recovered_from_ir,recovered_from_prov_fqn,recovered_from_ir,recovered_from_ir
groot_n1d7,groot_n1d7,3,matmul_6,repeated_head,head.model.transformer_blocks.0.attn1.to_q,addmm,True,bias_addmm,41,1536,1536,1,96731136,251904,9437184,251904,f32,0.0267,0.0267,1.0,True,False,wide_skinny,unknown,recovered_from_ir,recovered_from_prov_fqn,recovered_from_ir,recovered_from_ir
groot_n1d7,groot_n1d7,4,matmul_7,repeated_head,head.model.transformer_blocks.0.attn1.to_k,addmm,True,bias_addmm,64,1536,2048,1,201326592,524288,12582912,393216,f32,0.0417,0.0312,0.75,False,False,wide_skinny,unknown,recovered_from_ir,recovered_from_prov_fqn,recovered_from_ir,recovered_from_ir
groot_n1d7,groot_n1d7,5,matmul_8,repeated_head,head.model.transformer_blocks.0.attn1.to_v,addmm,True,bias_addmm,64,1536,2048,1,201326592,524288,12582912,393216,f32,0.0417,0.0312,0.75,False,False,wide_skinny,unknown,recovered_from_ir,recovered_from_prov_fqn,recovered_from_ir,recovered_from_ir
groot_n1d7,groot_n1d7,6,matmul_11,repeated_head,head.model.transformer_blocks.0.attn1.to_out.0,addmm,True,bias_addmm,41,1536,1536,1,96731136,251904,9437184,251904,f32,0.0267,0.0267,1.0,True,False,wide_skinny,unknown,recovered_from_ir,recovered_from_prov_fqn,recovered_from_ir,recovered_from_ir
groot_n1d7,groot_n1d7,7,matmul_12,repeated_head,head.model.transformer_blocks.0.ff.net.0.proj,addmm,True,bias_addmm,41,6144,1536,1,386924544,251904,37748736,1007616,f32,0.0067,0.0267,4.0,True,False,wide_skinny,unknown,recovered_from_ir,recovered_from_prov_fqn,recovered_from_ir,recovered_from_ir
groot_n1d7,groot_n1d7,8,matmul_13,repeated_head,head.model.transformer_blocks.0.ff.net.2,addmm,True,bias_addmm,41,1536,6144,1,386924544,1007616,37748736,251904,f32,0.0267,0.0067,0.25,True,False,wide_skinny,unknown,recovered_from_ir,recovered_from_prov_fqn,recovered_from_ir,recovered_from_ir
groot_n1d7,groot_n1d7,9,matmul_14,repeated_head,head.model.transformer_blocks.1.norm1.linear,addmm,True,bias_addmm,1,3072,1536,1,4718592,6144,18874368,12288,f32,0.0003,0.0007,2.0,True,False,gemv_like,unknown,recovered_from_ir,recovered_from_prov_fqn,recovered_from_ir,recovered_from_ir
groot_n1d7,groot_n1d7,10,matmul_15,repeated_head,head.model.transformer_blocks.1.attn1.to_q,addmm,True,bias_addmm,41,1536,1536,1,96731136,251904,9437184,251904,f32,0.0267,0.0267,1.0,True,False,wide_skinny,unknown,recovered_from_ir,recovered_from_prov_fqn,recovered_from_ir,recovered_from_ir
groot_n1d7,groot_n1d7,11,matmul_16,repeated_head,head.model.transformer_blocks.1.attn1.to_k,addmm,True,bias_addmm,41,1536,1536,1,96731136,251904,9437184,251904,f32,0.0267,0.0267,1.0,True,False,wide_skinny,unknown,recovered_from_ir,recovered_from_prov_fqn,recovered_from_ir,recovered_from_ir
groot_n1d7,groot_n1d7,12,matmul_17,repeated_head,head.model.transformer_blocks.1.attn1.to_v,addmm,True,bias_addmm,41,1536,1536,1,96731136,251904,9437184,251904,f32,0.0267,0.0267,1.0,True,False,wide_skinny,unknown,recovered_from_ir,recovered_from_prov_fqn,recovered_from_ir,recovered_from_ir
groot_n1d7,groot_n1d7,13,matmul_20,repeated_head,head.model.transformer_blocks.1.attn1.to_out.0,addmm,True,bias_addmm,41,1536,1536,1,96731136,251904,9437184,251904,f32,0.0267,0.0267,1.0,True,False,wide_skinny,unknown,recovered_from_ir,recovered_from_prov_fqn,recovered_from_ir,recovered_from_ir
groot_n1d7,groot_n1d7,14,matmul_21,repeated_head,head.model.transformer_blocks.1.ff.net.0.proj,addmm,True,bias_addmm,41,6144,1536,1,386924544,251904,37748736,1007616,f32,0.0067,0.0267,4.0,True,False,wide_skinny,unknown,recovered_from_ir,recovered_from_prov_fqn,recovered_from_ir,recovered_from_ir
groot_n1d7,groot_n1d7,15,matmul_22,repeated_head,head.model.transformer_blocks.1.ff.net.2,addmm,True,bias_addmm,41,1536,6144,1,386924544,1007616,37748736,251904,f32,0.0267,0.0067,0.25,True,False,wide_skinny,unknown,recovered_from_ir,recovered_from_prov_fqn,recovered_from_ir,recovered_from_ir
groot_n1d7,groot_n1d7,16,matmul_23,repeated_head,head.model.transformer_blocks.2.norm1.linear,addmm,True,bias_addmm,1,3072,1536,1,4718592,6144,18874368,12288,f32,0.0003,0.0007,2.0,True,False,gemv_like,unknown,recovered_from_ir,recovered_from_prov_fqn,recovered_from_ir,recovered_from_ir
groot_n1d7,groot_n1d7,17,matmul_24,repeated_head,head.model.transformer_blocks.2.attn1.to_q,addmm,True,bias_addmm,41,1536,1536,1,96731136,251904,9437184,251904,f32,0.0267,0.0267,1.0,True,False,wide_skinny,unknown,recovered_from_ir,recovered_from_prov_fqn,recovered_from_ir,recovered_from_ir
groot_n1d7,groot_n1d7,18,matmul_25,repeated_head,head.model.transformer_blocks.2.attn1.to_k,addmm,True,bias_addmm,64,1536,2048,1,201326592,524288,12582912,393216,f32,0.0417,0.0312,0.75,False,False,wide_skinny,unknown,recovered_from_ir,recovered_from_prov_fqn,recovered_from_ir,recovered_from_ir
groot_n1d7,groot_n1d7,19,matmul_26,repeated_head,head.model.transformer_blocks.2.attn1.to_v,addmm,True,bias_addmm,64,1536,2048,1,201326592,524288,12582912,393216,f32,0.0417,0.0312,0.75,False,False,wide_skinny,unknown,recovered_from_ir,recovered_from_prov_fqn,recovered_from_ir,recovered_from_ir
groot_n1d7,groot_n1d7,20,matmul_29,repeated_head,head.model.transformer_blocks.2.attn1.to_out.0,addmm,True,bias_addmm,41,1536,1536,1,96731136,251904,9437184,251904,f32,0.0267,0.0267,1.0,True,False,wide_skinny,unknown,recovered_from_ir,recovered_from_prov_fqn,recovered_from_ir,recovered_from_ir
groot_n1d7,groot_n1d7,21,matmul_30,repeated_head,head.model.transformer_blocks.2.ff.net.0.proj,addmm,True,bias_addmm,41,6144,1536,1,386924544,251904,37748736,1007616,f32,0.0067,0.0267,4.0,True,False,wide_skinny,unknown,recovered_from_ir,recovered_from_prov_fqn,recovered_from_ir,recovered_from_ir
groot_n1d7,groot_n1d7,22,matmul_31,repeated_head,head.model.transformer_blocks.2.ff.net.2,addmm,True,bias_addmm,41,1536,6144,1,386924544,1007616,37748736,251904,f32,0.0267,0.0067,0.25,True,False,wide_skinny,unknown,recovered_from_ir,recovered_from_prov_fqn,recovered_from_ir,recovered_from_ir
groot_n1d7,groot_n1d7,23,matmul_32,repeated_head,head.model.transformer_blocks.3.norm1.linear,addmm,True,bias_addmm,1,3072,1536,1,4718592,6144,18874368,12288,f32,0.0003,0.0007,2.0,True,False,gemv_like,unknown,recovered_from_ir,recovered_from_prov_fqn,recovered_from_ir,recovered_from_ir
groot_n1d7,groot_n1d7,24,matmul_33,repeated_head,head.model.transformer_blocks.3.attn1.to_q,addmm,True,bias_addmm,41,1536,1536,1,96731136,251904,9437184,251904,f32,0.0267,0.0267,1.0,True,False,wide_skinny,unknown,recovered_from_ir,recovered_from_prov_fqn,recovered_from_ir,recovered_from_ir
groot_n1d7,groot_n1d7,25,matmul_34,repeated_head,head.model.transformer_blocks.3.attn1.to_k,addmm,True,bias_addmm,41,1536,1536,1,96731136,251904,9437184,251904,f32,0.0267,0.0267,1.0,True,False,wide_skinny,unknown,recovered_from_ir,recovered_from_prov_fqn,recovered_from_ir,recovered_from_ir
groot_n1d7,groot_n1d7,26,matmul_35,repeated_head,head.model.transformer_blocks.3.attn1.to_v,addmm,True,bias_addmm,41,1536,1536,1,96731136,251904,9437184,251904,f32,0.0267,0.0267,1.0,True,False,wide_skinny,unknown,recovered_from_ir,recovered_from_prov_fqn,recovered_from_ir,recovered_from_ir
groot_n1d7,groot_n1d7,27,matmul_38,repeated_head,head.model.transformer_blocks.3.attn1.to_out.0,addmm,True,bias_addmm,41,1536,1536,1,96731136,251904,9437184,251904,f32,0.0267,0.0267,1.0,True,False,wide_skinny,unknown,recovered_from_ir,recovered_from_prov_fqn,recovered_from_ir,recovered_from_ir
groot_n1d7,groot_n1d7,28,matmul_39,repeated_head,head.model.transformer_blocks.3.ff.net.0.proj,addmm,True,bias_addmm,41,6144,1536,1,386924544,251904,37748736,1007616,f32,0.0067,0.0267,4.0,True,False,wide_skinny,unknown,recovered_from_ir,recovered_from_prov_fqn,recovered_from_ir,recovered_from_ir
groot_n1d7,groot_n1d7,29,matmul_40,repeated_head,head.model.transformer_blocks.3.ff.net.2,addmm,True,bias_addmm,41,1536,6144,1,386924544,1007616,37748736,251904,f32,0.0267,0.0067,0.25,True,False,wide_skinny,unknown,recovered_from_ir,recovered_from_prov_fqn,recovered_from_ir,recovered_from_ir
groot_n1d7,groot_n1d7,30,matmul_41,repeated_head,head.model.transformer_blocks.4.norm1.linear,addmm,True,bias_addmm,1,3072,1536,1,4718592,6144,18874368,12288,f32,0.0003,0.0007,2.0,True,False,gemv_like,unknown,recovered_from_ir,recovered_from_prov_fqn,recovered_from_ir,recovered_from_ir
groot_n1d7,groot_n1d7,31,matmul_42,repeated_head,head.model.transformer_blocks.4.attn1.to_q,addmm,True,bias_addmm,41,1536,1536,1,96731136,251904,9437184,251904,f32,0.0267,0.0267,1.0,True,False,wide_skinny,unknown,recovered_from_ir,recovered_from_prov_fqn,recovered_from_ir,recovered_from_ir
groot_n1d7,groot_n1d7,32,matmul_43,repeated_head,head.model.transformer_blocks.4.attn1.to_k,addmm,True,bias_addmm,64,1536,2048,1,201326592,524288,12582912,393216,f32,0.0417,0.0312,0.75,False,False,wide_skinny,unknown,recovered_from_ir,recovered_from_prov_fqn,recovered_from_ir,recovered_from_ir
groot_n1d7,groot_n1d7,33,matmul_44,repeated_head,head.model.transformer_blocks.4.attn1.to_v,addmm,True,bias_addmm,64,1536,2048,1,201326592,524288,12582912,393216,f32,0.0417,0.0312,0.75,False,False,wide_skinny,unknown,recovered_from_ir,recovered_from_prov_fqn,recovered_from_ir,recovered_from_ir
groot_n1d7,groot_n1d7,34,matmul_47,repeated_head,head.model.transformer_blocks.4.attn1.to_out.0,addmm,True,bias_addmm,41,1536,1536,1,96731136,251904,9437184,251904,f32,0.0267,0.0267,1.0,True,False,wide_skinny,unknown,recovered_from_ir,recovered_from_prov_fqn,recovered_from_ir,recovered_from_ir
groot_n1d7,groot_n1d7,35,matmul_48,repeated_head,head.model.transformer_blocks.4.ff.net.0.proj,addmm,True,bias_addmm,41,6144,1536,1,386924544,251904,37748736,1007616,f32,0.0067,0.0267,4.0,True,False,wide_skinny,unknown,recovered_from_ir,recovered_from_prov_fqn,recovered_from_ir,recovered_from_ir
groot_n1d7,groot_n1d7,36,matmul_49,repeated_head,head.model.transformer_blocks.4.ff.net.2,addmm,True,bias_addmm,41,1536,6144,1,386924544,1007616,37748736,251904,f32,0.0267,0.0067,0.25,True,False,wide_skinny,unknown,recovered_from_ir,recovered_from_prov_fqn,recovered_from_ir,recovered_from_ir
groot_n1d7,groot_n1d7,37,matmul_50,repeated_head,head.model.transformer_blocks.5.norm1.linear,addmm,True,bias_addmm,1,3072,1536,1,4718592,6144,18874368,12288,f32,0.0003,0.0007,2.0,True,False,gemv_like,unknown,recovered_from_ir,recovered_from_prov_fqn,recovered_from_ir,recovered_from_ir
groot_n1d7,groot_n1d7,38,matmul_51,repeated_head,head.model.transformer_blocks.5.attn1.to_q,addmm,True,bias_addmm,41,1536,1536,1,96731136,251904,9437184,251904,f32,0.0267,0.0267,1.0,True,False,wide_skinny,unknown,recovered_from_ir,recovered_from_prov_fqn,recovered_from_ir,recovered_from_ir
groot_n1d7,groot_n1d7,39,matmul_52,repeated_head,head.model.transformer_blocks.5.attn1.to_k,addmm,True,bias_addmm,41,1536,1536,1,96731136,251904,9437184,251904,f32,0.0267,0.0267,1.0,True,False,wide_skinny,unknown,recovered_from_ir,recovered_from_prov_fqn,recovered_from_ir,recovered_from_ir
groot_n1d7,groot_n1d7,40,matmul_53,repeated_head,head.model.transformer_blocks.5.attn1.to_v,addmm,True,bias_addmm,41,1536,1536,1,96731136,251904,9437184,251904,f32,0.0267,0.0267,1.0,True,False,wide_skinny,unknown,recovered_from_ir,recovered_from_prov_fqn,recovered_from_ir,recovered_from_ir
groot_n1d7,groot_n1d7,41,matmul_56,repeated_head,head.model.transformer_blocks.5.attn1.to_out.0,addmm,True,bias_addmm,41,1536,1536,1,96731136,251904,9437184,251904,f32,0.0267,0.0267,1.0,True,False,wide_skinny,unknown,recovered_from_ir,recovered_from_prov_fqn,recovered_from_ir,recovered_from_ir
groot_n1d7,groot_n1d7,42,matmul_57,repeated_head,head.model.transformer_blocks.5.ff.net.0.proj,addmm,True,bias_addmm,41,6144,1536,1,386924544,251904,37748736,1007616,f32,0.0067,0.0267,4.0,True,False,wide_skinny,unknown,recovered_from_ir,recovered_from_prov_fqn,recovered_from_ir,recovered_from_ir
groot_n1d7,groot_n1d7,43,matmul_58,repeated_head,head.model.transformer_blocks.5.ff.net.2,addmm,True,bias_addmm,41,1536,6144,1,386924544,1007616,37748736,251904,f32,0.0267,0.0067,0.25,True,False,wide_skinny,unknown,recovered_from_ir,recovered_from_prov_fqn,recovered_from_ir,recovered_from_ir
groot_n1d7,groot_n1d7,44,matmul_59,repeated_head,head.model.transformer_blocks.6.norm1.linear,addmm,True,bias_addmm,1,3072,1536,1,4718592,6144,18874368,12288,f32,0.0003,0.0007,2.0,True,False,gemv_like,unknown,recovered_from_ir,recovered_from_prov_fqn,recovered_from_ir,recovered_from_ir
groot_n1d7,groot_n1d7,45,matmul_60,repeated_head,head.model.transformer_blocks.6.attn1.to_q,addmm,True,bias_addmm,41,1536,1536,1,96731136,251904,9437184,251904,f32,0.0267,0.0267,1.0,True,False,wide_skinny,unknown,recovered_from_ir,recovered_from_prov_fqn,recovered_from_ir,recovered_from_ir
groot_n1d7,groot_n1d7,46,matmul_61,repeated_head,head.model.transformer_blocks.6.attn1.to_k,addmm,True,bias_addmm,64,1536,2048,1,201326592,524288,12582912,393216,f32,0.0417,0.0312,0.75,False,False,wide_skinny,unknown,recovered_from_ir,recovered_from_prov_fqn,recovered_from_ir,recovered_from_ir
groot_n1d7,groot_n1d7,47,matmul_62,repeated_head,head.model.transformer_blocks.6.attn1.to_v,addmm,True,bias_addmm,64,1536,2048,1,201326592,524288,12582912,393216,f32,0.0417,0.0312,0.75,False,False,wide_skinny,unknown,recovered_from_ir,recovered_from_prov_fqn,recovered_from_ir,recovered_from_ir
groot_n1d7,groot_n1d7,48,matmul_65,repeated_head,head.model.transformer_blocks.6.attn1.to_out.0,addmm,True,bias_addmm,41,1536,1536,1,96731136,251904,9437184,251904,f32,0.0267,0.0267,1.0,True,False,wide_skinny,unknown,recovered_from_ir,recovered_from_prov_fqn,recovered_from_ir,recovered_from_ir
groot_n1d7,groot_n1d7,49,matmul_66,repeated_head,head.model.transformer_blocks.6.ff.net.0.proj,addmm,True,bias_addmm,41,6144,1536,1,386924544,251904,37748736,1007616,f32,0.0067,0.0267,4.0,True,False,wide_skinny,unknown,recovered_from_ir,recovered_from_prov_fqn,recovered_from_ir,recovered_from_ir
groot_n1d7,groot_n1d7,50,matmul_67,repeated_head,head.model.transformer_blocks.6.ff.net.2,addmm,True,bias_addmm,41,1536,6144,1,386924544,1007616,37748736,251904,f32,0.0267,0.0067,0.25,True,False,wide_skinny,unknown,recovered_from_ir,recovered_from_prov_fqn,recovered_from_ir,recovered_from_ir
groot_n1d7,groot_n1d7,51,matmul_68,repeated_head,head.model.transformer_blocks.7.norm1.linear,addmm,True,bias_addmm,1,3072,1536,1,4718592,6144,18874368,12288,f32,0.0003,0.0007,2.0,True,False,gemv_like,unknown,recovered_from_ir,recovered_from_prov_fqn,recovered_from_ir,recovered_from_ir
groot_n1d7,groot_n1d7,52,matmul_69,repeated_head,head.model.transformer_blocks.7.attn1.to_q,addmm,True,bias_addmm,41,1536,1536,1,96731136,251904,9437184,251904,f32,0.0267,0.0267,1.0,True,False,wide_skinny,unknown,recovered_from_ir,recovered_from_prov_fqn,recovered_from_ir,recovered_from_ir
groot_n1d7,groot_n1d7,53,matmul_70,repeated_head,head.model.transformer_blocks.7.attn1.to_k,addmm,True,bias_addmm,41,1536,1536,1,96731136,251904,9437184,251904,f32,0.0267,0.0267,1.0,True,False,wide_skinny,unknown,recovered_from_ir,recovered_from_prov_fqn,recovered_from_ir,recovered_from_ir
groot_n1d7,groot_n1d7,54,matmul_71,repeated_head,head.model.transformer_blocks.7.attn1.to_v,addmm,True,bias_addmm,41,1536,1536,1,96731136,251904,9437184,251904,f32,0.0267,0.0267,1.0,True,False,wide_skinny,unknown,recovered_from_ir,recovered_from_prov_fqn,recovered_from_ir,recovered_from_ir
groot_n1d7,groot_n1d7,55,matmul_74,repeated_head,head.model.transformer_blocks.7.attn1.to_out.0,addmm,True,bias_addmm,41,1536,1536,1,96731136,251904,9437184,251904,f32,0.0267,0.0267,1.0,True,False,wide_skinny,unknown,recovered_from_ir,recovered_from_prov_fqn,recovered_from_ir,recovered_from_ir
groot_n1d7,groot_n1d7,56,matmul_75,repeated_head,head.model.transformer_blocks.7.ff.net.0.proj,addmm,True,bias_addmm,41,6144,1536,1,386924544,251904,37748736,1007616,f32,0.0067,0.0267,4.0,True,False,wide_skinny,unknown,recovered_from_ir,recovered_from_prov_fqn,recovered_from_ir,recovered_from_ir
groot_n1d7,groot_n1d7,57,matmul_76,repeated_head,head.model.transformer_blocks.7.ff.net.2,addmm,True,bias_addmm,41,1536,6144,1,386924544,1007616,37748736,251904,f32,0.0267,0.0067,0.25,True,False,wide_skinny,unknown,recovered_from_ir,recovered_from_prov_fqn,recovered_from_ir,recovered_from_ir
groot_n1d7,groot_n1d7,58,matmul_77,repeated_head,head.model.transformer_blocks.8.norm1.linear,addmm,True,bias_addmm,1,3072,1536,1,4718592,6144,18874368,12288,f32,0.0003,0.0007,2.0,True,False,gemv_like,unknown,recovered_from_ir,recovered_from_prov_fqn,recovered_from_ir,recovered_from_ir
groot_n1d7,groot_n1d7,59,matmul_78,repeated_head,head.model.transformer_blocks.8.attn1.to_q,addmm,True,bias_addmm,41,1536,1536,1,96731136,251904,9437184,251904,f32,0.0267,0.0267,1.0,True,False,wide_skinny,unknown,recovered_from_ir,recovered_from_prov_fqn,recovered_from_ir,recovered_from_ir
groot_n1d7,groot_n1d7,60,matmul_79,repeated_head,head.model.transformer_blocks.8.attn1.to_k,addmm,True,bias_addmm,64,1536,2048,1,201326592,524288,12582912,393216,f32,0.0417,0.0312,0.75,False,False,wide_skinny,unknown,recovered_from_ir,recovered_from_prov_fqn,recovered_from_ir,recovered_from_ir
groot_n1d7,groot_n1d7,61,matmul_80,repeated_head,head.model.transformer_blocks.8.attn1.to_v,addmm,True,bias_addmm,64,1536,2048,1,201326592,524288,12582912,393216,f32,0.0417,0.0312,0.75,False,False,wide_skinny,unknown,recovered_from_ir,recovered_from_prov_fqn,recovered_from_ir,recovered_from_ir
groot_n1d7,groot_n1d7,62,matmul_83,repeated_head,head.model.transformer_blocks.8.attn1.to_out.0,addmm,True,bias_addmm,41,1536,1536,1,96731136,251904,9437184,251904,f32,0.0267,0.0267,1.0,True,False,wide_skinny,unknown,recovered_from_ir,recovered_from_prov_fqn,recovered_from_ir,recovered_from_ir
groot_n1d7,groot_n1d7,63,matmul_84,repeated_head,head.model.transformer_blocks.8.ff.net.0.proj,addmm,True,bias_addmm,41,6144,1536,1,386924544,251904,37748736,1007616,f32,0.0067,0.0267,4.0,True,False,wide_skinny,unknown,recovered_from_ir,recovered_from_prov_fqn,recovered_from_ir,recovered_from_ir
groot_n1d7,groot_n1d7,64,matmul_85,repeated_head,head.model.transformer_blocks.8.ff.net.2,addmm,True,bias_addmm,41,1536,6144,1,386924544,1007616,37748736,251904,f32,0.0267,0.0067,0.25,True,False,wide_skinny,unknown,recovered_from_ir,recovered_from_prov_fqn,recovered_from_ir,recovered_from_ir
groot_n1d7,groot_n1d7,65,matmul_86,repeated_head,head.model.transformer_blocks.9.norm1.linear,addmm,True,bias_addmm,1,3072,1536,1,4718592,6144,18874368,12288,f32,0.0003,0.0007,2.0,True,False,gemv_like,unknown,recovered_from_ir,recovered_from_prov_fqn,recovered_from_ir,recovered_from_ir
groot_n1d7,groot_n1d7,66,matmul_87,repeated_head,head.model.transformer_blocks.9.attn1.to_q,addmm,True,bias_addmm,41,1536,1536,1,96731136,251904,9437184,251904,f32,0.0267,0.0267,1.0,True,False,wide_skinny,unknown,recovered_from_ir,recovered_from_prov_fqn,recovered_from_ir,recovered_from_ir
groot_n1d7,groot_n1d7,67,matmul_88,repeated_head,head.model.transformer_blocks.9.attn1.to_k,addmm,True,bias_addmm,41,1536,1536,1,96731136,251904,9437184,251904,f32,0.0267,0.0267,1.0,True,False,wide_skinny,unknown,recovered_from_ir,recovered_from_prov_fqn,recovered_from_ir,recovered_from_ir
groot_n1d7,groot_n1d7,68,matmul_89,repeated_head,head.model.transformer_blocks.9.attn1.to_v,addmm,True,bias_addmm,41,1536,1536,1,96731136,251904,9437184,251904,f32,0.0267,0.0267,1.0,True,False,wide_skinny,unknown,recovered_from_ir,recovered_from_prov_fqn,recovered_from_ir,recovered_from_ir
groot_n1d7,groot_n1d7,69,matmul_92,repeated_head,head.model.transformer_blocks.9.attn1.to_out.0,addmm,True,bias_addmm,41,1536,1536,1,96731136,251904,9437184,251904,f32,0.0267,0.0267,1.0,True,False,wide_skinny,unknown,recovered_from_ir,recovered_from_prov_fqn,recovered_from_ir,recovered_from_ir
groot_n1d7,groot_n1d7,70,matmul_93,repeated_head,head.model.transformer_blocks.9.ff.net.0.proj,addmm,True,bias_addmm,41,6144,1536,1,386924544,251904,37748736,1007616,f32,0.0067,0.0267,4.0,True,False,wide_skinny,unknown,recovered_from_ir,recovered_from_prov_fqn,recovered_from_ir,recovered_from_ir
groot_n1d7,groot_n1d7,71,matmul_94,repeated_head,head.model.transformer_blocks.9.ff.net.2,addmm,True,bias_addmm,41,1536,6144,1,386924544,1007616,37748736,251904,f32,0.0267,0.0067,0.25,True,False,wide_skinny,unknown,recovered_from_ir,recovered_from_prov_fqn,recovered_from_ir,recovered_from_ir
groot_n1d7,groot_n1d7,72,matmul_95,repeated_head,head.model.transformer_blocks.10.norm1.linear,addmm,True,bias_addmm,1,3072,1536,1,4718592,6144,18874368,12288,f32,0.0003,0.0007,2.0,True,False,gemv_like,unknown,recovered_from_ir,recovered_from_prov_fqn,recovered_from_ir,recovered_from_ir
groot_n1d7,groot_n1d7,73,matmul_96,repeated_head,head.model.transformer_blocks.10.attn1.to_q,addmm,True,bias_addmm,41,1536,1536,1,96731136,251904,9437184,251904,f32,0.0267,0.0267,1.0,True,False,wide_skinny,unknown,recovered_from_ir,recovered_from_prov_fqn,recovered_from_ir,recovered_from_ir
groot_n1d7,groot_n1d7,74,matmul_97,repeated_head,head.model.transformer_blocks.10.attn1.to_k,addmm,True,bias_addmm,64,1536,2048,1,201326592,524288,12582912,393216,f32,0.0417,0.0312,0.75,False,False,wide_skinny,unknown,recovered_from_ir,recovered_from_prov_fqn,recovered_from_ir,recovered_from_ir
groot_n1d7,groot_n1d7,75,matmul_98,repeated_head,head.model.transformer_blocks.10.attn1.to_v,addmm,True,bias_addmm,64,1536,2048,1,201326592,524288,12582912,393216,f32,0.0417,0.0312,0.75,False,False,wide_skinny,unknown,recovered_from_ir,recovered_from_prov_fqn,recovered_from_ir,recovered_from_ir
groot_n1d7,groot_n1d7,76,matmul_101,repeated_head,head.model.transformer_blocks.10.attn1.to_out.0,addmm,True,bias_addmm,41,1536,1536,1,96731136,251904,9437184,251904,f32,0.0267,0.0267,1.0,True,False,wide_skinny,unknown,recovered_from_ir,recovered_from_prov_fqn,recovered_from_ir,recovered_from_ir
groot_n1d7,groot_n1d7,77,matmul_102,repeated_head,head.model.transformer_blocks.10.ff.net.0.proj,addmm,True,bias_addmm,41,6144,1536,1,386924544,251904,37748736,1007616,f32,0.0067,0.0267,4.0,True,False,wide_skinny,unknown,recovered_from_ir,recovered_from_prov_fqn,recovered_from_ir,recovered_from_ir
groot_n1d7,groot_n1d7,78,matmul_103,repeated_head,head.model.transformer_blocks.10.ff.net.2,addmm,True,bias_addmm,41,1536,6144,1,386924544,1007616,37748736,251904,f32,0.0267,0.0067,0.25,True,False,wide_skinny,unknown,recovered_from_ir,recovered_from_prov_fqn,recovered_from_ir,recovered_from_ir
groot_n1d7,groot_n1d7,79,matmul_104,repeated_head,head.model.transformer_blocks.11.norm1.linear,addmm,True,bias_addmm,1,3072,1536,1,4718592,6144,18874368,12288,f32,0.0003,0.0007,2.0,True,False,gemv_like,unknown,recovered_from_ir,recovered_from_prov_fqn,recovered_from_ir,recovered_from_ir
groot_n1d7,groot_n1d7,80,matmul_105,repeated_head,head.model.transformer_blocks.11.attn1.to_q,addmm,True,bias_addmm,41,1536,1536,1,96731136,251904,9437184,251904,f32,0.0267,0.0267,1.0,True,False,wide_skinny,unknown,recovered_from_ir,recovered_from_prov_fqn,recovered_from_ir,recovered_from_ir
groot_n1d7,groot_n1d7,81,matmul_106,repeated_head,head.model.transformer_blocks.11.attn1.to_k,addmm,True,bias_addmm,41,1536,1536,1,96731136,251904,9437184,251904,f32,0.0267,0.0267,1.0,True,False,wide_skinny,unknown,recovered_from_ir,recovered_from_prov_fqn,recovered_from_ir,recovered_from_ir
groot_n1d7,groot_n1d7,82,matmul_107,repeated_head,head.model.transformer_blocks.11.attn1.to_v,addmm,True,bias_addmm,41,1536,1536,1,96731136,251904,9437184,251904,f32,0.0267,0.0267,1.0,True,False,wide_skinny,unknown,recovered_from_ir,recovered_from_prov_fqn,recovered_from_ir,recovered_from_ir
groot_n1d7,groot_n1d7,83,matmul_110,repeated_head,head.model.transformer_blocks.11.attn1.to_out.0,addmm,True,bias_addmm,41,1536,1536,1,96731136,251904,9437184,251904,f32,0.0267,0.0267,1.0,True,False,wide_skinny,unknown,recovered_from_ir,recovered_from_prov_fqn,recovered_from_ir,recovered_from_ir
groot_n1d7,groot_n1d7,84,matmul_111,repeated_head,head.model.transformer_blocks.11.ff.net.0.proj,addmm,True,bias_addmm,41,6144,1536,1,386924544,251904,37748736,1007616,f32,0.0067,0.0267,4.0,True,False,wide_skinny,unknown,recovered_from_ir,recovered_from_prov_fqn,recovered_from_ir,recovered_from_ir
groot_n1d7,groot_n1d7,85,matmul_112,repeated_head,head.model.transformer_blocks.11.ff.net.2,addmm,True,bias_addmm,41,1536,6144,1,386924544,1007616,37748736,251904,f32,0.0267,0.0067,0.25,True,False,wide_skinny,unknown,recovered_from_ir,recovered_from_prov_fqn,recovered_from_ir,recovered_from_ir
groot_n1d7,groot_n1d7,86,matmul_113,repeated_head,head.model.transformer_blocks.12.norm1.linear,addmm,True,bias_addmm,1,3072,1536,1,4718592,6144,18874368,12288,f32,0.0003,0.0007,2.0,True,False,gemv_like,unknown,recovered_from_ir,recovered_from_prov_fqn,recovered_from_ir,recovered_from_ir
groot_n1d7,groot_n1d7,87,matmul_114,repeated_head,head.model.transformer_blocks.12.attn1.to_q,addmm,True,bias_addmm,41,1536,1536,1,96731136,251904,9437184,251904,f32,0.0267,0.0267,1.0,True,False,wide_skinny,unknown,recovered_from_ir,recovered_from_prov_fqn,recovered_from_ir,recovered_from_ir
groot_n1d7,groot_n1d7,88,matmul_115,repeated_head,head.model.transformer_blocks.12.attn1.to_k,addmm,True,bias_addmm,64,1536,2048,1,201326592,524288,12582912,393216,f32,0.0417,0.0312,0.75,False,False,wide_skinny,unknown,recovered_from_ir,recovered_from_prov_fqn,recovered_from_ir,recovered_from_ir
groot_n1d7,groot_n1d7,89,matmul_116,repeated_head,head.model.transformer_blocks.12.attn1.to_v,addmm,True,bias_addmm,64,1536,2048,1,201326592,524288,12582912,393216,f32,0.0417,0.0312,0.75,False,False,wide_skinny,unknown,recovered_from_ir,recovered_from_prov_fqn,recovered_from_ir,recovered_from_ir
groot_n1d7,groot_n1d7,90,matmul_119,repeated_head,head.model.transformer_blocks.12.attn1.to_out.0,addmm,True,bias_addmm,41,1536,1536,1,96731136,251904,9437184,251904,f32,0.0267,0.0267,1.0,True,False,wide_skinny,unknown,recovered_from_ir,recovered_from_prov_fqn,recovered_from_ir,recovered_from_ir
groot_n1d7,groot_n1d7,91,matmul_120,repeated_head,head.model.transformer_blocks.12.ff.net.0.proj,addmm,True,bias_addmm,41,6144,1536,1,386924544,251904,37748736,1007616,f32,0.0067,0.0267,4.0,True,False,wide_skinny,unknown,recovered_from_ir,recovered_from_prov_fqn,recovered_from_ir,recovered_from_ir
groot_n1d7,groot_n1d7,92,matmul_121,repeated_head,head.model.transformer_blocks.12.ff.net.2,addmm,True,bias_addmm,41,1536,6144,1,386924544,1007616,37748736,251904,f32,0.0267,0.0067,0.25,True,False,wide_skinny,unknown,recovered_from_ir,recovered_from_prov_fqn,recovered_from_ir,recovered_from_ir
groot_n1d7,groot_n1d7,93,matmul_122,repeated_head,head.model.transformer_blocks.13.norm1.linear,addmm,True,bias_addmm,1,3072,1536,1,4718592,6144,18874368,12288,f32,0.0003,0.0007,2.0,True,False,gemv_like,unknown,recovered_from_ir,recovered_from_prov_fqn,recovered_from_ir,recovered_from_ir
groot_n1d7,groot_n1d7,94,matmul_123,repeated_head,head.model.transformer_blocks.13.attn1.to_q,addmm,True,bias_addmm,41,1536,1536,1,96731136,251904,9437184,251904,f32,0.0267,0.0267,1.0,True,False,wide_skinny,unknown,recovered_from_ir,recovered_from_prov_fqn,recovered_from_ir,recovered_from_ir
groot_n1d7,groot_n1d7,95,matmul_124,repeated_head,head.model.transformer_blocks.13.attn1.to_k,addmm,True,bias_addmm,41,1536,1536,1,96731136,251904,9437184,251904,f32,0.0267,0.0267,1.0,True,False,wide_skinny,unknown,recovered_from_ir,recovered_from_prov_fqn,recovered_from_ir,recovered_from_ir
groot_n1d7,groot_n1d7,96,matmul_125,repeated_head,head.model.transformer_blocks.13.attn1.to_v,addmm,True,bias_addmm,41,1536,1536,1,96731136,251904,9437184,251904,f32,0.0267,0.0267,1.0,True,False,wide_skinny,unknown,recovered_from_ir,recovered_from_prov_fqn,recovered_from_ir,recovered_from_ir
groot_n1d7,groot_n1d7,97,matmul_128,repeated_head,head.model.transformer_blocks.13.attn1.to_out.0,addmm,True,bias_addmm,41,1536,1536,1,96731136,251904,9437184,251904,f32,0.0267,0.0267,1.0,True,False,wide_skinny,unknown,recovered_from_ir,recovered_from_prov_fqn,recovered_from_ir,recovered_from_ir
groot_n1d7,groot_n1d7,98,matmul_129,repeated_head,head.model.transformer_blocks.13.ff.net.0.proj,addmm,True,bias_addmm,41,6144,1536,1,386924544,251904,37748736,1007616,f32,0.0067,0.0267,4.0,True,False,wide_skinny,unknown,recovered_from_ir,recovered_from_prov_fqn,recovered_from_ir,recovered_from_ir
groot_n1d7,groot_n1d7,99,matmul_130,repeated_head,head.model.transformer_blocks.13.ff.net.2,addmm,True,bias_addmm,41,1536,6144,1,386924544,1007616,37748736,251904,f32,0.0267,0.0067,0.25,True,False,wide_skinny,unknown,recovered_from_ir,recovered_from_prov_fqn,recovered_from_ir,recovered_from_ir
groot_n1d7,groot_n1d7,100,matmul_131,repeated_head,head.model.transformer_blocks.14.norm1.linear,addmm,True,bias_addmm,1,3072,1536,1,4718592,6144,18874368,12288,f32,0.0003,0.0007,2.0,True,False,gemv_like,unknown,recovered_from_ir,recovered_from_prov_fqn,recovered_from_ir,recovered_from_ir
groot_n1d7,groot_n1d7,101,matmul_132,repeated_head,head.model.transformer_blocks.14.attn1.to_q,addmm,True,bias_addmm,41,1536,1536,1,96731136,251904,9437184,251904,f32,0.0267,0.0267,1.0,True,False,wide_skinny,unknown,recovered_from_ir,recovered_from_prov_fqn,recovered_from_ir,recovered_from_ir
groot_n1d7,groot_n1d7,102,matmul_133,repeated_head,head.model.transformer_blocks.14.attn1.to_k,addmm,True,bias_addmm,64,1536,2048,1,201326592,524288,12582912,393216,f32,0.0417,0.0312,0.75,False,False,wide_skinny,unknown,recovered_from_ir,recovered_from_prov_fqn,recovered_from_ir,recovered_from_ir
groot_n1d7,groot_n1d7,103,matmul_134,repeated_head,head.model.transformer_blocks.14.attn1.to_v,addmm,True,bias_addmm,64,1536,2048,1,201326592,524288,12582912,393216,f32,0.0417,0.0312,0.75,False,False,wide_skinny,unknown,recovered_from_ir,recovered_from_prov_fqn,recovered_from_ir,recovered_from_ir
groot_n1d7,groot_n1d7,104,matmul_137,repeated_head,head.model.transformer_blocks.14.attn1.to_out.0,addmm,True,bias_addmm,41,1536,1536,1,96731136,251904,9437184,251904,f32,0.0267,0.0267,1.0,True,False,wide_skinny,unknown,recovered_from_ir,recovered_from_prov_fqn,recovered_from_ir,recovered_from_ir
groot_n1d7,groot_n1d7,105,matmul_138,repeated_head,head.model.transformer_blocks.14.ff.net.0.proj,addmm,True,bias_addmm,41,6144,1536,1,386924544,251904,37748736,1007616,f32,0.0067,0.0267,4.0,True,False,wide_skinny,unknown,recovered_from_ir,recovered_from_prov_fqn,recovered_from_ir,recovered_from_ir
groot_n1d7,groot_n1d7,106,matmul_139,repeated_head,head.model.transformer_blocks.14.ff.net.2,addmm,True,bias_addmm,41,1536,6144,1,386924544,1007616,37748736,251904,f32,0.0267,0.0067,0.25,True,False,wide_skinny,unknown,recovered_from_ir,recovered_from_prov_fqn,recovered_from_ir,recovered_from_ir
groot_n1d7,groot_n1d7,107,matmul_140,repeated_head,head.model.transformer_blocks.15.norm1.linear,addmm,True,bias_addmm,1,3072,1536,1,4718592,6144,18874368,12288,f32,0.0003,0.0007,2.0,True,False,gemv_like,unknown,recovered_from_ir,recovered_from_prov_fqn,recovered_from_ir,recovered_from_ir
groot_n1d7,groot_n1d7,108,matmul_141,repeated_head,head.model.transformer_blocks.15.attn1.to_q,addmm,True,bias_addmm,41,1536,1536,1,96731136,251904,9437184,251904,f32,0.0267,0.0267,1.0,True,False,wide_skinny,unknown,recovered_from_ir,recovered_from_prov_fqn,recovered_from_ir,recovered_from_ir
groot_n1d7,groot_n1d7,109,matmul_142,repeated_head,head.model.transformer_blocks.15.attn1.to_k,addmm,True,bias_addmm,41,1536,1536,1,96731136,251904,9437184,251904,f32,0.0267,0.0267,1.0,True,False,wide_skinny,unknown,recovered_from_ir,recovered_from_prov_fqn,recovered_from_ir,recovered_from_ir
groot_n1d7,groot_n1d7,110,matmul_143,repeated_head,head.model.transformer_blocks.15.attn1.to_v,addmm,True,bias_addmm,41,1536,1536,1,96731136,251904,9437184,251904,f32,0.0267,0.0267,1.0,True,False,wide_skinny,unknown,recovered_from_ir,recovered_from_prov_fqn,recovered_from_ir,recovered_from_ir
groot_n1d7,groot_n1d7,111,matmul_146,repeated_head,head.model.transformer_blocks.15.attn1.to_out.0,addmm,True,bias_addmm,41,1536,1536,1,96731136,251904,9437184,251904,f32,0.0267,0.0267,1.0,True,False,wide_skinny,unknown,recovered_from_ir,recovered_from_prov_fqn,recovered_from_ir,recovered_from_ir
groot_n1d7,groot_n1d7,112,matmul_147,repeated_head,head.model.transformer_blocks.15.ff.net.0.proj,addmm,True,bias_addmm,41,6144,1536,1,386924544,251904,37748736,1007616,f32,0.0067,0.0267,4.0,True,False,wide_skinny,unknown,recovered_from_ir,recovered_from_prov_fqn,recovered_from_ir,recovered_from_ir
groot_n1d7,groot_n1d7,113,matmul_148,repeated_head,head.model.transformer_blocks.15.ff.net.2,addmm,True,bias_addmm,41,1536,6144,1,386924544,1007616,37748736,251904,f32,0.0267,0.0067,0.25,True,False,wide_skinny,unknown,recovered_from_ir,recovered_from_prov_fqn,recovered_from_ir,recovered_from_ir
groot_n1d7,groot_n1d7,114,matmul_149,repeated_head,head.model.proj_out_1,addmm,True,bias_addmm,1,3072,1536,1,4718592,6144,18874368,12288,f32,0.0003,0.0007,2.0,True,False,gemv_like,unknown,recovered_from_ir,recovered_from_prov_fqn,recovered_from_ir,recovered_from_ir
groot_n1d7,groot_n1d7,115,matmul_150,repeated_head,head.model.proj_out_2,addmm,True,bias_addmm,41,1024,1536,1,64487424,251904,6291456,167936,f32,0.04,0.0267,0.6667,True,False,wide_skinny,unknown,recovered_from_ir,recovered_from_prov_fqn,recovered_from_ir,recovered_from_ir
molmoact,molmoact,0,matmul_1,backbone_once,blocks.0.self_attn.att_proj,addmm,True,bias_addmm,8,4608,3584,1,132120576,114688,66060288,147456,f32,0.0017,0.0022,1.2857,True,False,wide_skinny,unknown,recovered_from_ir,recovered_from_prov_fqn,recovered_from_ir,recovered_from_ir
molmoact,molmoact,1,matmul_4,backbone_once,blocks.0.self_attn.attn_out,matmul,False,none,8,3584,3584,1,102760448,114688,51380224,114688,f32,0.0022,0.0022,1.0,True,False,wide_skinny,unknown,recovered_from_ir,recovered_from_prov_fqn,recovered_from_ir,recovered_from_ir
molmoact,molmoact,2,matmul_5,backbone_once,blocks.0.mlp.ff_proj,matmul,False,none,8,37888,3584,1,1086324736,114688,543162368,1212416,f32,0.0002,0.0022,10.5714,True,False,wide_skinny,mlp_projection,recovered_from_ir,recovered_from_prov_fqn,recovered_from_ir,recovered_from_ir
molmoact,molmoact,3,matmul_6,backbone_once,blocks.0.mlp.ff_out,matmul,False,none,8,3584,18944,1,543162368,606208,271581184,114688,f32,0.0022,0.0004,0.1892,True,False,wide_skinny,mlp_projection,recovered_from_ir,recovered_from_prov_fqn,recovered_from_ir,recovered_from_ir
molmoact,molmoact,4,matmul_7,backbone_once,blocks.1.self_attn.att_proj,addmm,True,bias_addmm,8,4608,3584,1,132120576,114688,66060288,147456,f32,0.0017,0.0022,1.2857,True,False,wide_skinny,unknown,recovered_from_ir,recovered_from_prov_fqn,recovered_from_ir,recovered_from_ir
molmoact,molmoact,5,matmul_10,backbone_once,blocks.1.self_attn.attn_out,matmul,False,none,8,3584,3584,1,102760448,114688,51380224,114688,f32,0.0022,0.0022,1.0,True,False,wide_skinny,unknown,recovered_from_ir,recovered_from_prov_fqn,recovered_from_ir,recovered_from_ir
molmoact,molmoact,6,matmul_11,backbone_once,blocks.1.mlp.ff_proj,matmul,False,none,8,37888,3584,1,1086324736,114688,543162368,1212416,f32,0.0002,0.0022,10.5714,True,False,wide_skinny,mlp_projection,recovered_from_ir,recovered_from_prov_fqn,recovered_from_ir,recovered_from_ir
molmoact,molmoact,7,matmul_12,backbone_once,blocks.1.mlp.ff_out,matmul,False,none,8,3584,18944,1,543162368,606208,271581184,114688,f32,0.0022,0.0004,0.1892,True,False,wide_skinny,mlp_projection,recovered_from_ir,recovered_from_prov_fqn,recovered_from_ir,recovered_from_ir
molmoact,molmoact,8,matmul_13,backbone_once,blocks.2.self_attn.att_proj,addmm,True,bias_addmm,8,4608,3584,1,132120576,114688,66060288,147456,f32,0.0017,0.0022,1.2857,True,False,wide_skinny,unknown,recovered_from_ir,recovered_from_prov_fqn,recovered_from_ir,recovered_from_ir
molmoact,molmoact,9,matmul_16,backbone_once,blocks.2.self_attn.attn_out,matmul,False,none,8,3584,3584,1,102760448,114688,51380224,114688,f32,0.0022,0.0022,1.0,True,False,wide_skinny,unknown,recovered_from_ir,recovered_from_prov_fqn,recovered_from_ir,recovered_from_ir
molmoact,molmoact,10,matmul_17,backbone_once,blocks.2.mlp.ff_proj,matmul,False,none,8,37888,3584,1,1086324736,114688,543162368,1212416,f32,0.0002,0.0022,10.5714,True,False,wide_skinny,mlp_projection,recovered_from_ir,recovered_from_prov_fqn,recovered_from_ir,recovered_from_ir
molmoact,molmoact,11,matmul_18,backbone_once,blocks.2.mlp.ff_out,matmul,False,none,8,3584,18944,1,543162368,606208,271581184,114688,f32,0.0022,0.0004,0.1892,True,False,wide_skinny,mlp_projection,recovered_from_ir,recovered_from_prov_fqn,recovered_from_ir,recovered_from_ir
molmoact,molmoact,12,matmul_19,backbone_once,blocks.3.self_attn.att_proj,addmm,True,bias_addmm,8,4608,3584,1,132120576,114688,66060288,147456,f32,0.0017,0.0022,1.2857,True,False,wide_skinny,unknown,recovered_from_ir,recovered_from_prov_fqn,recovered_from_ir,recovered_from_ir
molmoact,molmoact,13,matmul_22,backbone_once,blocks.3.self_attn.attn_out,matmul,False,none,8,3584,3584,1,102760448,114688,51380224,114688,f32,0.0022,0.0022,1.0,True,False,wide_skinny,unknown,recovered_from_ir,recovered_from_prov_fqn,recovered_from_ir,recovered_from_ir
molmoact,molmoact,14,matmul_23,backbone_once,blocks.3.mlp.ff_proj,matmul,False,none,8,37888,3584,1,1086324736,114688,543162368,1212416,f32,0.0002,0.0022,10.5714,True,False,wide_skinny,mlp_projection,recovered_from_ir,recovered_from_prov_fqn,recovered_from_ir,recovered_from_ir
molmoact,molmoact,15,matmul_24,backbone_once,blocks.3.mlp.ff_out,matmul,False,none,8,3584,18944,1,543162368,606208,271581184,114688,f32,0.0022,0.0004,0.1892,True,False,wide_skinny,mlp_projection,recovered_from_ir,recovered_from_prov_fqn,recovered_from_ir,recovered_from_ir
molmoact,molmoact,16,matmul_25,backbone_once,lm_head,matmul,False,none,1,4096,3584,1,14680064,14336,58720256,16384,f32,0.0002,0.0003,1.1429,True,False,gemv_like,lm_head_projection,recovered_from_ir,recovered_from_prov_fqn,recovered_from_ir,recovered_from_ir
molmoact,molmoact,17,matmul_1,repeated_head,blocks.0.self_attn.att_proj,addmm,True,bias_addmm,1,4608,3584,1,16515072,14336,66060288,18432,f32,0.0002,0.0003,1.2857,True,False,gemv_like,unknown,recovered_from_ir,recovered_from_prov_fqn,recovered_from_ir,recovered_from_ir
molmoact,molmoact,18,matmul_4,repeated_head,blocks.0.self_attn.attn_out,matmul,False,none,1,3584,3584,1,12845056,14336,51380224,14336,f32,0.0003,0.0003,1.0,True,False,gemv_like,unknown,recovered_from_ir,recovered_from_prov_fqn,recovered_from_ir,recovered_from_ir
molmoact,molmoact,19,matmul_5,repeated_head,blocks.0.mlp.ff_proj,matmul,False,none,1,37888,3584,1,135790592,14336,543162368,151552,f32,0.0,0.0003,10.5714,True,False,gemv_like,mlp_projection,recovered_from_ir,recovered_from_prov_fqn,recovered_from_ir,recovered_from_ir
molmoact,molmoact,20,matmul_6,repeated_head,blocks.0.mlp.ff_out,matmul,False,none,1,3584,18944,1,67895296,75776,271581184,14336,f32,0.0003,0.0001,0.1892,True,False,gemv_like,mlp_projection,recovered_from_ir,recovered_from_prov_fqn,recovered_from_ir,recovered_from_ir
molmoact,molmoact,21,matmul_7,repeated_head,blocks.1.self_attn.att_proj,addmm,True,bias_addmm,1,4608,3584,1,16515072,14336,66060288,18432,f32,0.0002,0.0003,1.2857,True,False,gemv_like,unknown,recovered_from_ir,recovered_from_prov_fqn,recovered_from_ir,recovered_from_ir
molmoact,molmoact,22,matmul_10,repeated_head,blocks.1.self_attn.attn_out,matmul,False,none,1,3584,3584,1,12845056,14336,51380224,14336,f32,0.0003,0.0003,1.0,True,False,gemv_like,unknown,recovered_from_ir,recovered_from_prov_fqn,recovered_from_ir,recovered_from_ir
molmoact,molmoact,23,matmul_11,repeated_head,blocks.1.mlp.ff_proj,matmul,False,none,1,37888,3584,1,135790592,14336,543162368,151552,f32,0.0,0.0003,10.5714,True,False,gemv_like,mlp_projection,recovered_from_ir,recovered_from_prov_fqn,recovered_from_ir,recovered_from_ir
molmoact,molmoact,24,matmul_12,repeated_head,blocks.1.mlp.ff_out,matmul,False,none,1,3584,18944,1,67895296,75776,271581184,14336,f32,0.0003,0.0001,0.1892,True,False,gemv_like,mlp_projection,recovered_from_ir,recovered_from_prov_fqn,recovered_from_ir,recovered_from_ir
molmoact,molmoact,25,matmul_13,repeated_head,blocks.2.self_attn.att_proj,addmm,True,bias_addmm,1,4608,3584,1,16515072,14336,66060288,18432,f32,0.0002,0.0003,1.2857,True,False,gemv_like,unknown,recovered_from_ir,recovered_from_prov_fqn,recovered_from_ir,recovered_from_ir
molmoact,molmoact,26,matmul_16,repeated_head,blocks.2.self_attn.attn_out,matmul,False,none,1,3584,3584,1,12845056,14336,51380224,14336,f32,0.0003,0.0003,1.0,True,False,gemv_like,unknown,recovered_from_ir,recovered_from_prov_fqn,recovered_from_ir,recovered_from_ir
molmoact,molmoact,27,matmul_17,repeated_head,blocks.2.mlp.ff_proj,matmul,False,none,1,37888,3584,1,135790592,14336,543162368,151552,f32,0.0,0.0003,10.5714,True,False,gemv_like,mlp_projection,recovered_from_ir,recovered_from_prov_fqn,recovered_from_ir,recovered_from_ir
molmoact,molmoact,28,matmul_18,repeated_head,blocks.2.mlp.ff_out,matmul,False,none,1,3584,18944,1,67895296,75776,271581184,14336,f32,0.0003,0.0001,0.1892,True,False,gemv_like,mlp_projection,recovered_from_ir,recovered_from_prov_fqn,recovered_from_ir,recovered_from_ir
molmoact,molmoact,29,matmul_19,repeated_head,blocks.3.self_attn.att_proj,addmm,True,bias_addmm,1,4608,3584,1,16515072,14336,66060288,18432,f32,0.0002,0.0003,1.2857,True,False,gemv_like,unknown,recovered_from_ir,recovered_from_prov_fqn,recovered_from_ir,recovered_from_ir
molmoact,molmoact,30,matmul_22,repeated_head,blocks.3.self_attn.attn_out,matmul,False,none,1,3584,3584,1,12845056,14336,51380224,14336,f32,0.0003,0.0003,1.0,True,False,gemv_like,unknown,recovered_from_ir,recovered_from_prov_fqn,recovered_from_ir,recovered_from_ir
molmoact,molmoact,31,matmul_23,repeated_head,blocks.3.mlp.ff_proj,matmul,False,none,1,37888,3584,1,135790592,14336,543162368,151552,f32,0.0,0.0003,10.5714,True,False,gemv_like,mlp_projection,recovered_from_ir,recovered_from_prov_fqn,recovered_from_ir,recovered_from_ir
molmoact,molmoact,32,matmul_24,repeated_head,blocks.3.mlp.ff_out,matmul,False,none,1,3584,18944,1,67895296,75776,271581184,14336,f32,0.0003,0.0001,0.1892,True,False,gemv_like,mlp_projection,recovered_from_ir,recovered_from_prov_fqn,recovered_from_ir,recovered_from_ir
molmoact,molmoact,33,matmul_25,repeated_head,lm_head,matmul,False,none,1,4096,3584,1,14680064,14336,58720256,16384,f32,0.0002,0.0003,1.1429,True,False,gemv_like,lm_head_projection,recovered_from_ir,recovered_from_prov_fqn,recovered_from_ir,recovered_from_ir
smolvla,smolvla,0,matmul_0,backbone_once,model.vlm_with_expert.vlm.model.vision_model.encoder.layers.0.self_attn.q_proj,matmul,False,none,1024,768,768,1,603979776,3145728,2359296,3145728,f32,1.3333,1.3333,1.0,False,False,squareish_gemm,attention_qkv_projection,recovered_from_ir,recovered_from_prov_fqn,recovered_from_ir,recovered_from_ir
smolvla,smolvla,1,matmul_1,backbone_once,model.vlm_with_expert.vlm.model.vision_model.encoder.layers.0.self_attn.k_proj,matmul,False,none,1024,768,768,1,603979776,3145728,2359296,3145728,f32,1.3333,1.3333,1.0,False,False,squareish_gemm,attention_qkv_projection,recovered_from_ir,recovered_from_prov_fqn,recovered_from_ir,recovered_from_ir
smolvla,smolvla,2,matmul_2,backbone_once,model.vlm_with_expert.vlm.model.vision_model.encoder.layers.0.self_attn.v_proj,matmul,False,none,1024,768,768,1,603979776,3145728,2359296,3145728,f32,1.3333,1.3333,1.0,False,False,squareish_gemm,attention_qkv_projection,recovered_from_ir,recovered_from_prov_fqn,recovered_from_ir,recovered_from_ir
smolvla,smolvla,3,matmul_4,backbone_once,model.vlm_with_expert.vlm.model.vision_model.encoder.layers.0.self_attn.out_proj,matmul,False,none,1024,768,768,1,603979776,3145728,2359296,3145728,f32,1.3333,1.3333,1.0,False,False,squareish_gemm,attention_output_projection,recovered_from_ir,recovered_from_prov_fqn,recovered_from_ir,recovered_from_ir
smolvla,smolvla,4,matmul_5,backbone_once,model.vlm_with_expert.vlm.model.vision_model.encoder.layers.0.mlp.fc1,matmul,False,none,1024,3072,768,1,2415919104,3145728,9437184,12582912,f32,0.3333,1.3333,4.0,False,False,unknown,mlp_projection,recovered_from_ir,recovered_from_prov_fqn,recovered_from_ir,recovered_from_ir
smolvla,smolvla,5,matmul_6,backbone_once,model.vlm_with_expert.vlm.model.vision_model.encoder.layers.0.mlp.fc2,matmul,False,none,1024,768,3072,1,2415919104,12582912,9437184,3145728,f32,1.3333,0.3333,0.25,False,False,squareish_gemm,mlp_projection,recovered_from_ir,recovered_from_prov_fqn,recovered_from_ir,recovered_from_ir
smolvla,smolvla,6,matmul_7,backbone_once,model.vlm_with_expert.vlm.model.vision_model.encoder.layers.1.self_attn.q_proj,matmul,False,none,1024,768,768,1,603979776,3145728,2359296,3145728,f32,1.3333,1.3333,1.0,False,False,squareish_gemm,attention_qkv_projection,recovered_from_ir,recovered_from_prov_fqn,recovered_from_ir,recovered_from_ir
smolvla,smolvla,7,matmul_8,backbone_once,model.vlm_with_expert.vlm.model.vision_model.encoder.layers.1.self_attn.k_proj,matmul,False,none,1024,768,768,1,603979776,3145728,2359296,3145728,f32,1.3333,1.3333,1.0,False,False,squareish_gemm,attention_qkv_projection,recovered_from_ir,recovered_from_prov_fqn,recovered_from_ir,recovered_from_ir
smolvla,smolvla,8,matmul_9,backbone_once,model.vlm_with_expert.vlm.model.vision_model.encoder.layers.1.self_attn.v_proj,matmul,False,none,1024,768,768,1,603979776,3145728,2359296,3145728,f32,1.3333,1.3333,1.0,False,False,squareish_gemm,attention_qkv_projection,recovered_from_ir,recovered_from_prov_fqn,recovered_from_ir,recovered_from_ir
smolvla,smolvla,9,matmul_11,backbone_once,model.vlm_with_expert.vlm.model.vision_model.encoder.layers.1.self_attn.out_proj,matmul,False,none,1024,768,768,1,603979776,3145728,2359296,3145728,f32,1.3333,1.3333,1.0,False,False,squareish_gemm,attention_output_projection,recovered_from_ir,recovered_from_prov_fqn,recovered_from_ir,recovered_from_ir
smolvla,smolvla,10,matmul_12,backbone_once,model.vlm_with_expert.vlm.model.vision_model.encoder.layers.1.mlp.fc1,matmul,False,none,1024,3072,768,1,2415919104,3145728,9437184,12582912,f32,0.3333,1.3333,4.0,False,False,unknown,mlp_projection,recovered_from_ir,recovered_from_prov_fqn,recovered_from_ir,recovered_from_ir
smolvla,smolvla,11,matmul_13,backbone_once,model.vlm_with_expert.vlm.model.vision_model.encoder.layers.1.mlp.fc2,matmul,False,none,1024,768,3072,1,2415919104,12582912,9437184,3145728,f32,1.3333,0.3333,0.25,False,False,squareish_gemm,mlp_projection,recovered_from_ir,recovered_from_prov_fqn,recovered_from_ir,recovered_from_ir
smolvla,smolvla,12,matmul_14,backbone_once,model.vlm_with_expert.vlm.model.vision_model.encoder.layers.2.self_attn.q_proj,matmul,False,none,1024,768,768,1,603979776,3145728,2359296,3145728,f32,1.3333,1.3333,1.0,False,False,squareish_gemm,attention_qkv_projection,recovered_from_ir,recovered_from_prov_fqn,recovered_from_ir,recovered_from_ir
smolvla,smolvla,13,matmul_15,backbone_once,model.vlm_with_expert.vlm.model.vision_model.encoder.layers.2.self_attn.k_proj,matmul,False,none,1024,768,768,1,603979776,3145728,2359296,3145728,f32,1.3333,1.3333,1.0,False,False,squareish_gemm,attention_qkv_projection,recovered_from_ir,recovered_from_prov_fqn,recovered_from_ir,recovered_from_ir
smolvla,smolvla,14,matmul_16,backbone_once,model.vlm_with_expert.vlm.model.vision_model.encoder.layers.2.self_attn.v_proj,matmul,False,none,1024,768,768,1,603979776,3145728,2359296,3145728,f32,1.3333,1.3333,1.0,False,False,squareish_gemm,attention_qkv_projection,recovered_from_ir,recovered_from_prov_fqn,recovered_from_ir,recovered_from_ir
smolvla,smolvla,15,matmul_18,backbone_once,model.vlm_with_expert.vlm.model.vision_model.encoder.layers.2.self_attn.out_proj,matmul,False,none,1024,768,768,1,603979776,3145728,2359296,3145728,f32,1.3333,1.3333,1.0,False,False,squareish_gemm,attention_output_projection,recovered_from_ir,recovered_from_prov_fqn,recovered_from_ir,recovered_from_ir
smolvla,smolvla,16,matmul_19,backbone_once,model.vlm_with_expert.vlm.model.vision_model.encoder.layers.2.mlp.fc1,matmul,False,none,1024,3072,768,1,2415919104,3145728,9437184,12582912,f32,0.3333,1.3333,4.0,False,False,unknown,mlp_projection,recovered_from_ir,recovered_from_prov_fqn,recovered_from_ir,recovered_from_ir
smolvla,smolvla,17,matmul_20,backbone_once,model.vlm_with_expert.vlm.model.vision_model.encoder.layers.2.mlp.fc2,matmul,False,none,1024,768,3072,1,2415919104,12582912,9437184,3145728,f32,1.3333,0.3333,0.25,False,False,squareish_gemm,mlp_projection,recovered_from_ir,recovered_from_prov_fqn,recovered_from_ir,recovered_from_ir
smolvla,smolvla,18,matmul_21,backbone_once,model.vlm_with_expert.vlm.model.vision_model.encoder.layers.3.self_attn.q_proj,matmul,False,none,1024,768,768,1,603979776,3145728,2359296,3145728,f32,1.3333,1.3333,1.0,False,False,squareish_gemm,attention_qkv_projection,recovered_from_ir,recovered_from_prov_fqn,recovered_from_ir,recovered_from_ir
smolvla,smolvla,19,matmul_22,backbone_once,model.vlm_with_expert.vlm.model.vision_model.encoder.layers.3.self_attn.k_proj,matmul,False,none,1024,768,768,1,603979776,3145728,2359296,3145728,f32,1.3333,1.3333,1.0,False,False,squareish_gemm,attention_qkv_projection,recovered_from_ir,recovered_from_prov_fqn,recovered_from_ir,recovered_from_ir
smolvla,smolvla,20,matmul_23,backbone_once,model.vlm_with_expert.vlm.model.vision_model.encoder.layers.3.self_attn.v_proj,matmul,False,none,1024,768,768,1,603979776,3145728,2359296,3145728,f32,1.3333,1.3333,1.0,False,False,squareish_gemm,attention_qkv_projection,recovered_from_ir,recovered_from_prov_fqn,recovered_from_ir,recovered_from_ir
smolvla,smolvla,21,matmul_25,backbone_once,model.vlm_with_expert.vlm.model.vision_model.encoder.layers.3.self_attn.out_proj,matmul,False,none,1024,768,768,1,603979776,3145728,2359296,3145728,f32,1.3333,1.3333,1.0,False,False,squareish_gemm,attention_output_projection,recovered_from_ir,recovered_from_prov_fqn,recovered_from_ir,recovered_from_ir
smolvla,smolvla,22,matmul_26,backbone_once,model.vlm_with_expert.vlm.model.vision_model.encoder.layers.3.mlp.fc1,matmul,False,none,1024,3072,768,1,2415919104,3145728,9437184,12582912,f32,0.3333,1.3333,4.0,False,False,unknown,mlp_projection,recovered_from_ir,recovered_from_prov_fqn,recovered_from_ir,recovered_from_ir
smolvla,smolvla,23,matmul_27,backbone_once,model.vlm_with_expert.vlm.model.vision_model.encoder.layers.3.mlp.fc2,matmul,False,none,1024,768,3072,1,2415919104,12582912,9437184,3145728,f32,1.3333,0.3333,0.25,False,False,squareish_gemm,mlp_projection,recovered_from_ir,recovered_from_prov_fqn,recovered_from_ir,recovered_from_ir
smolvla,smolvla,24,matmul_28,backbone_once,model.vlm_with_expert.vlm.model.vision_model.encoder.layers.4.self_attn.q_proj,matmul,False,none,1024,768,768,1,603979776,3145728,2359296,3145728,f32,1.3333,1.3333,1.0,False,False,squareish_gemm,attention_qkv_projection,recovered_from_ir,recovered_from_prov_fqn,recovered_from_ir,recovered_from_ir
smolvla,smolvla,25,matmul_29,backbone_once,model.vlm_with_expert.vlm.model.vision_model.encoder.layers.4.self_attn.k_proj,matmul,False,none,1024,768,768,1,603979776,3145728,2359296,3145728,f32,1.3333,1.3333,1.0,False,False,squareish_gemm,attention_qkv_projection,recovered_from_ir,recovered_from_prov_fqn,recovered_from_ir,recovered_from_ir
smolvla,smolvla,26,matmul_30,backbone_once,model.vlm_with_expert.vlm.model.vision_model.encoder.layers.4.self_attn.v_proj,matmul,False,none,1024,768,768,1,603979776,3145728,2359296,3145728,f32,1.3333,1.3333,1.0,False,False,squareish_gemm,attention_qkv_projection,recovered_from_ir,recovered_from_prov_fqn,recovered_from_ir,recovered_from_ir
smolvla,smolvla,27,matmul_32,backbone_once,model.vlm_with_expert.vlm.model.vision_model.encoder.layers.4.self_attn.out_proj,matmul,False,none,1024,768,768,1,603979776,3145728,2359296,3145728,f32,1.3333,1.3333,1.0,False,False,squareish_gemm,attention_output_projection,recovered_from_ir,recovered_from_prov_fqn,recovered_from_ir,recovered_from_ir
smolvla,smolvla,28,matmul_33,backbone_once,model.vlm_with_expert.vlm.model.vision_model.encoder.layers.4.mlp.fc1,matmul,False,none,1024,3072,768,1,2415919104,3145728,9437184,12582912,f32,0.3333,1.3333,4.0,False,False,unknown,mlp_projection,recovered_from_ir,recovered_from_prov_fqn,recovered_from_ir,recovered_from_ir
smolvla,smolvla,29,matmul_34,backbone_once,model.vlm_with_expert.vlm.model.vision_model.encoder.layers.4.mlp.fc2,matmul,False,none,1024,768,3072,1,2415919104,12582912,9437184,3145728,f32,1.3333,0.3333,0.25,False,False,squareish_gemm,mlp_projection,recovered_from_ir,recovered_from_prov_fqn,recovered_from_ir,recovered_from_ir
smolvla,smolvla,30,matmul_35,backbone_once,model.vlm_with_expert.vlm.model.vision_model.encoder.layers.5.self_attn.q_proj,matmul,False,none,1024,768,768,1,603979776,3145728,2359296,3145728,f32,1.3333,1.3333,1.0,False,False,squareish_gemm,attention_qkv_projection,recovered_from_ir,recovered_from_prov_fqn,recovered_from_ir,recovered_from_ir
smolvla,smolvla,31,matmul_36,backbone_once,model.vlm_with_expert.vlm.model.vision_model.encoder.layers.5.self_attn.k_proj,matmul,False,none,1024,768,768,1,603979776,3145728,2359296,3145728,f32,1.3333,1.3333,1.0,False,False,squareish_gemm,attention_qkv_projection,recovered_from_ir,recovered_from_prov_fqn,recovered_from_ir,recovered_from_ir
smolvla,smolvla,32,matmul_37,backbone_once,model.vlm_with_expert.vlm.model.vision_model.encoder.layers.5.self_attn.v_proj,matmul,False,none,1024,768,768,1,603979776,3145728,2359296,3145728,f32,1.3333,1.3333,1.0,False,False,squareish_gemm,attention_qkv_projection,recovered_from_ir,recovered_from_prov_fqn,recovered_from_ir,recovered_from_ir
smolvla,smolvla,33,matmul_39,backbone_once,model.vlm_with_expert.vlm.model.vision_model.encoder.layers.5.self_attn.out_proj,matmul,False,none,1024,768,768,1,603979776,3145728,2359296,3145728,f32,1.3333,1.3333,1.0,False,False,squareish_gemm,attention_output_projection,recovered_from_ir,recovered_from_prov_fqn,recovered_from_ir,recovered_from_ir
smolvla,smolvla,34,matmul_40,backbone_once,model.vlm_with_expert.vlm.model.vision_model.encoder.layers.5.mlp.fc1,matmul,False,none,1024,3072,768,1,2415919104,3145728,9437184,12582912,f32,0.3333,1.3333,4.0,False,False,unknown,mlp_projection,recovered_from_ir,recovered_from_prov_fqn,recovered_from_ir,recovered_from_ir
smolvla,smolvla,35,matmul_41,backbone_once,model.vlm_with_expert.vlm.model.vision_model.encoder.layers.5.mlp.fc2,matmul,False,none,1024,768,3072,1,2415919104,12582912,9437184,3145728,f32,1.3333,0.3333,0.25,False,False,squareish_gemm,mlp_projection,recovered_from_ir,recovered_from_prov_fqn,recovered_from_ir,recovered_from_ir
smolvla,smolvla,36,matmul_42,backbone_once,model.vlm_with_expert.vlm.model.vision_model.encoder.layers.6.self_attn.q_proj,matmul,False,none,1024,768,768,1,603979776,3145728,2359296,3145728,f32,1.3333,1.3333,1.0,False,False,squareish_gemm,attention_qkv_projection,recovered_from_ir,recovered_from_prov_fqn,recovered_from_ir,recovered_from_ir
smolvla,smolvla,37,matmul_43,backbone_once,model.vlm_with_expert.vlm.model.vision_model.encoder.layers.6.self_attn.k_proj,matmul,False,none,1024,768,768,1,603979776,3145728,2359296,3145728,f32,1.3333,1.3333,1.0,False,False,squareish_gemm,attention_qkv_projection,recovered_from_ir,recovered_from_prov_fqn,recovered_from_ir,recovered_from_ir
smolvla,smolvla,38,matmul_44,backbone_once,model.vlm_with_expert.vlm.model.vision_model.encoder.layers.6.self_attn.v_proj,matmul,False,none,1024,768,768,1,603979776,3145728,2359296,3145728,f32,1.3333,1.3333,1.0,False,False,squareish_gemm,attention_qkv_projection,recovered_from_ir,recovered_from_prov_fqn,recovered_from_ir,recovered_from_ir
smolvla,smolvla,39,matmul_46,backbone_once,model.vlm_with_expert.vlm.model.vision_model.encoder.layers.6.self_attn.out_proj,matmul,False,none,1024,768,768,1,603979776,3145728,2359296,3145728,f32,1.3333,1.3333,1.0,False,False,squareish_gemm,attention_output_projection,recovered_from_ir,recovered_from_prov_fqn,recovered_from_ir,recovered_from_ir
smolvla,smolvla,40,matmul_47,backbone_once,model.vlm_with_expert.vlm.model.vision_model.encoder.layers.6.mlp.fc1,matmul,False,none,1024,3072,768,1,2415919104,3145728,9437184,12582912,f32,0.3333,1.3333,4.0,False,False,unknown,mlp_projection,recovered_from_ir,recovered_from_prov_fqn,recovered_from_ir,recovered_from_ir
smolvla,smolvla,41,matmul_48,backbone_once,model.vlm_with_expert.vlm.model.vision_model.encoder.layers.6.mlp.fc2,matmul,False,none,1024,768,3072,1,2415919104,12582912,9437184,3145728,f32,1.3333,0.3333,0.25,False,False,squareish_gemm,mlp_projection,recovered_from_ir,recovered_from_prov_fqn,recovered_from_ir,recovered_from_ir
smolvla,smolvla,42,matmul_49,backbone_once,model.vlm_with_expert.vlm.model.vision_model.encoder.layers.7.self_attn.q_proj,matmul,False,none,1024,768,768,1,603979776,3145728,2359296,3145728,f32,1.3333,1.3333,1.0,False,False,squareish_gemm,attention_qkv_projection,recovered_from_ir,recovered_from_prov_fqn,recovered_from_ir,recovered_from_ir
smolvla,smolvla,43,matmul_50,backbone_once,model.vlm_with_expert.vlm.model.vision_model.encoder.layers.7.self_attn.k_proj,matmul,False,none,1024,768,768,1,603979776,3145728,2359296,3145728,f32,1.3333,1.3333,1.0,False,False,squareish_gemm,attention_qkv_projection,recovered_from_ir,recovered_from_prov_fqn,recovered_from_ir,recovered_from_ir
smolvla,smolvla,44,matmul_51,backbone_once,model.vlm_with_expert.vlm.model.vision_model.encoder.layers.7.self_attn.v_proj,matmul,False,none,1024,768,768,1,603979776,3145728,2359296,3145728,f32,1.3333,1.3333,1.0,False,False,squareish_gemm,attention_qkv_projection,recovered_from_ir,recovered_from_prov_fqn,recovered_from_ir,recovered_from_ir
smolvla,smolvla,45,matmul_53,backbone_once,model.vlm_with_expert.vlm.model.vision_model.encoder.layers.7.self_attn.out_proj,matmul,False,none,1024,768,768,1,603979776,3145728,2359296,3145728,f32,1.3333,1.3333,1.0,False,False,squareish_gemm,attention_output_projection,recovered_from_ir,recovered_from_prov_fqn,recovered_from_ir,recovered_from_ir
smolvla,smolvla,46,matmul_54,backbone_once,model.vlm_with_expert.vlm.model.vision_model.encoder.layers.7.mlp.fc1,matmul,False,none,1024,3072,768,1,2415919104,3145728,9437184,12582912,f32,0.3333,1.3333,4.0,False,False,unknown,mlp_projection,recovered_from_ir,recovered_from_prov_fqn,recovered_from_ir,recovered_from_ir
smolvla,smolvla,47,matmul_55,backbone_once,model.vlm_with_expert.vlm.model.vision_model.encoder.layers.7.mlp.fc2,matmul,False,none,1024,768,3072,1,2415919104,12582912,9437184,3145728,f32,1.3333,0.3333,0.25,False,False,squareish_gemm,mlp_projection,recovered_from_ir,recovered_from_prov_fqn,recovered_from_ir,recovered_from_ir
smolvla,smolvla,48,matmul_56,backbone_once,model.vlm_with_expert.vlm.model.vision_model.encoder.layers.8.self_attn.q_proj,matmul,False,none,1024,768,768,1,603979776,3145728,2359296,3145728,f32,1.3333,1.3333,1.0,False,False,squareish_gemm,attention_qkv_projection,recovered_from_ir,recovered_from_prov_fqn,recovered_from_ir,recovered_from_ir
smolvla,smolvla,49,matmul_57,backbone_once,model.vlm_with_expert.vlm.model.vision_model.encoder.layers.8.self_attn.k_proj,matmul,False,none,1024,768,768,1,603979776,3145728,2359296,3145728,f32,1.3333,1.3333,1.0,False,False,squareish_gemm,attention_qkv_projection,recovered_from_ir,recovered_from_prov_fqn,recovered_from_ir,recovered_from_ir
smolvla,smolvla,50,matmul_58,backbone_once,model.vlm_with_expert.vlm.model.vision_model.encoder.layers.8.self_attn.v_proj,matmul,False,none,1024,768,768,1,603979776,3145728,2359296,3145728,f32,1.3333,1.3333,1.0,False,False,squareish_gemm,attention_qkv_projection,recovered_from_ir,recovered_from_prov_fqn,recovered_from_ir,recovered_from_ir
smolvla,smolvla,51,matmul_60,backbone_once,model.vlm_with_expert.vlm.model.vision_model.encoder.layers.8.self_attn.out_proj,matmul,False,none,1024,768,768,1,603979776,3145728,2359296,3145728,f32,1.3333,1.3333,1.0,False,False,squareish_gemm,attention_output_projection,recovered_from_ir,recovered_from_prov_fqn,recovered_from_ir,recovered_from_ir
smolvla,smolvla,52,matmul_61,backbone_once,model.vlm_with_expert.vlm.model.vision_model.encoder.layers.8.mlp.fc1,matmul,False,none,1024,3072,768,1,2415919104,3145728,9437184,12582912,f32,0.3333,1.3333,4.0,False,False,unknown,mlp_projection,recovered_from_ir,recovered_from_prov_fqn,recovered_from_ir,recovered_from_ir
smolvla,smolvla,53,matmul_62,backbone_once,model.vlm_with_expert.vlm.model.vision_model.encoder.layers.8.mlp.fc2,matmul,False,none,1024,768,3072,1,2415919104,12582912,9437184,3145728,f32,1.3333,0.3333,0.25,False,False,squareish_gemm,mlp_projection,recovered_from_ir,recovered_from_prov_fqn,recovered_from_ir,recovered_from_ir
smolvla,smolvla,54,matmul_63,backbone_once,model.vlm_with_expert.vlm.model.vision_model.encoder.layers.9.self_attn.q_proj,matmul,False,none,1024,768,768,1,603979776,3145728,2359296,3145728,f32,1.3333,1.3333,1.0,False,False,squareish_gemm,attention_qkv_projection,recovered_from_ir,recovered_from_prov_fqn,recovered_from_ir,recovered_from_ir
smolvla,smolvla,55,matmul_64,backbone_once,model.vlm_with_expert.vlm.model.vision_model.encoder.layers.9.self_attn.k_proj,matmul,False,none,1024,768,768,1,603979776,3145728,2359296,3145728,f32,1.3333,1.3333,1.0,False,False,squareish_gemm,attention_qkv_projection,recovered_from_ir,recovered_from_prov_fqn,recovered_from_ir,recovered_from_ir
smolvla,smolvla,56,matmul_65,backbone_once,model.vlm_with_expert.vlm.model.vision_model.encoder.layers.9.self_attn.v_proj,matmul,False,none,1024,768,768,1,603979776,3145728,2359296,3145728,f32,1.3333,1.3333,1.0,False,False,squareish_gemm,attention_qkv_projection,recovered_from_ir,recovered_from_prov_fqn,recovered_from_ir,recovered_from_ir
smolvla,smolvla,57,matmul_67,backbone_once,model.vlm_with_expert.vlm.model.vision_model.encoder.layers.9.self_attn.out_proj,matmul,False,none,1024,768,768,1,603979776,3145728,2359296,3145728,f32,1.3333,1.3333,1.0,False,False,squareish_gemm,attention_output_projection,recovered_from_ir,recovered_from_prov_fqn,recovered_from_ir,recovered_from_ir
smolvla,smolvla,58,matmul_68,backbone_once,model.vlm_with_expert.vlm.model.vision_model.encoder.layers.9.mlp.fc1,matmul,False,none,1024,3072,768,1,2415919104,3145728,9437184,12582912,f32,0.3333,1.3333,4.0,False,False,unknown,mlp_projection,recovered_from_ir,recovered_from_prov_fqn,recovered_from_ir,recovered_from_ir
smolvla,smolvla,59,matmul_69,backbone_once,model.vlm_with_expert.vlm.model.vision_model.encoder.layers.9.mlp.fc2,matmul,False,none,1024,768,3072,1,2415919104,12582912,9437184,3145728,f32,1.3333,0.3333,0.25,False,False,squareish_gemm,mlp_projection,recovered_from_ir,recovered_from_prov_fqn,recovered_from_ir,recovered_from_ir
smolvla,smolvla,60,matmul_70,backbone_once,model.vlm_with_expert.vlm.model.vision_model.encoder.layers.10.self_attn.q_proj,matmul,False,none,1024,768,768,1,603979776,3145728,2359296,3145728,f32,1.3333,1.3333,1.0,False,False,squareish_gemm,attention_qkv_projection,recovered_from_ir,recovered_from_prov_fqn,recovered_from_ir,recovered_from_ir
smolvla,smolvla,61,matmul_71,backbone_once,model.vlm_with_expert.vlm.model.vision_model.encoder.layers.10.self_attn.k_proj,matmul,False,none,1024,768,768,1,603979776,3145728,2359296,3145728,f32,1.3333,1.3333,1.0,False,False,squareish_gemm,attention_qkv_projection,recovered_from_ir,recovered_from_prov_fqn,recovered_from_ir,recovered_from_ir
smolvla,smolvla,62,matmul_72,backbone_once,model.vlm_with_expert.vlm.model.vision_model.encoder.layers.10.self_attn.v_proj,matmul,False,none,1024,768,768,1,603979776,3145728,2359296,3145728,f32,1.3333,1.3333,1.0,False,False,squareish_gemm,attention_qkv_projection,recovered_from_ir,recovered_from_prov_fqn,recovered_from_ir,recovered_from_ir
smolvla,smolvla,63,matmul_74,backbone_once,model.vlm_with_expert.vlm.model.vision_model.encoder.layers.10.self_attn.out_proj,matmul,False,none,1024,768,768,1,603979776,3145728,2359296,3145728,f32,1.3333,1.3333,1.0,False,False,squareish_gemm,attention_output_projection,recovered_from_ir,recovered_from_prov_fqn,recovered_from_ir,recovered_from_ir
smolvla,smolvla,64,matmul_75,backbone_once,model.vlm_with_expert.vlm.model.vision_model.encoder.layers.10.mlp.fc1,matmul,False,none,1024,3072,768,1,2415919104,3145728,9437184,12582912,f32,0.3333,1.3333,4.0,False,False,unknown,mlp_projection,recovered_from_ir,recovered_from_prov_fqn,recovered_from_ir,recovered_from_ir
smolvla,smolvla,65,matmul_76,backbone_once,model.vlm_with_expert.vlm.model.vision_model.encoder.layers.10.mlp.fc2,matmul,False,none,1024,768,3072,1,2415919104,12582912,9437184,3145728,f32,1.3333,0.3333,0.25,False,False,squareish_gemm,mlp_projection,recovered_from_ir,recovered_from_prov_fqn,recovered_from_ir,recovered_from_ir
smolvla,smolvla,66,matmul_77,backbone_once,model.vlm_with_expert.vlm.model.vision_model.encoder.layers.11.self_attn.q_proj,matmul,False,none,1024,768,768,1,603979776,3145728,2359296,3145728,f32,1.3333,1.3333,1.0,False,False,squareish_gemm,attention_qkv_projection,recovered_from_ir,recovered_from_prov_fqn,recovered_from_ir,recovered_from_ir
smolvla,smolvla,67,matmul_78,backbone_once,model.vlm_with_expert.vlm.model.vision_model.encoder.layers.11.self_attn.k_proj,matmul,False,none,1024,768,768,1,603979776,3145728,2359296,3145728,f32,1.3333,1.3333,1.0,False,False,squareish_gemm,attention_qkv_projection,recovered_from_ir,recovered_from_prov_fqn,recovered_from_ir,recovered_from_ir
smolvla,smolvla,68,matmul_79,backbone_once,model.vlm_with_expert.vlm.model.vision_model.encoder.layers.11.self_attn.v_proj,matmul,False,none,1024,768,768,1,603979776,3145728,2359296,3145728,f32,1.3333,1.3333,1.0,False,False,squareish_gemm,attention_qkv_projection,recovered_from_ir,recovered_from_prov_fqn,recovered_from_ir,recovered_from_ir
smolvla,smolvla,69,matmul_81,backbone_once,model.vlm_with_expert.vlm.model.vision_model.encoder.layers.11.self_attn.out_proj,matmul,False,none,1024,768,768,1,603979776,3145728,2359296,3145728,f32,1.3333,1.3333,1.0,False,False,squareish_gemm,attention_output_projection,recovered_from_ir,recovered_from_prov_fqn,recovered_from_ir,recovered_from_ir
smolvla,smolvla,70,matmul_82,backbone_once,model.vlm_with_expert.vlm.model.vision_model.encoder.layers.11.mlp.fc1,matmul,False,none,1024,3072,768,1,2415919104,3145728,9437184,12582912,f32,0.3333,1.3333,4.0,False,False,unknown,mlp_projection,recovered_from_ir,recovered_from_prov_fqn,recovered_from_ir,recovered_from_ir
smolvla,smolvla,71,matmul_83,backbone_once,model.vlm_with_expert.vlm.model.vision_model.encoder.layers.11.mlp.fc2,matmul,False,none,1024,768,3072,1,2415919104,12582912,9437184,3145728,f32,1.3333,0.3333,0.25,False,False,squareish_gemm,mlp_projection,recovered_from_ir,recovered_from_prov_fqn,recovered_from_ir,recovered_from_ir
smolvla,smolvla,72,matmul_84,backbone_once,model.vlm_with_expert.vlm.model.connector.modality_projection.proj,matmul,False,none,64,960,12288,1,754974720,3145728,47185920,245760,f32,0.0667,0.0052,0.0781,False,False,wide_skinny,unknown,recovered_from_ir,recovered_from_prov_fqn,recovered_from_ir,recovered_from_ir
smolvla,smolvla,73,matmul_85,backbone_once,model.state_proj,matmul,False,none,1,960,32,1,30720,128,122880,3840,f32,0.001,0.0312,30.0,True,True,gemv_like,unknown,recovered_from_ir,recovered_from_prov_fqn,recovered_from_ir,recovered_from_ir
smolvla,smolvla,74,matmul_86,backbone_once,model.vlm_with_expert.vlm.model.text_model.layers.0.self_attn.q_proj,matmul,False,none,113,960,960,1,104140800,216960,1843200,216960,bf16,0.1177,0.1177,1.0,True,False,wide_skinny,attention_qkv_projection,recovered_from_ir,recovered_from_prov_fqn,recovered_from_ir,recovered_from_ir
smolvla,smolvla,75,matmul_87,backbone_once,model.vlm_with_expert.vlm.model.text_model.layers.0.self_attn.k_proj,matmul,False,none,113,320,960,1,34713600,216960,614400,72320,bf16,0.3531,0.1177,0.3333,True,False,projection_like,attention_qkv_projection,recovered_from_ir,recovered_from_prov_fqn,recovered_from_ir,recovered_from_ir
smolvla,smolvla,76,matmul_88,backbone_once,model.vlm_with_expert.vlm.model.text_model.layers.0.self_attn.v_proj,matmul,False,none,113,320,960,1,34713600,216960,614400,72320,bf16,0.3531,0.1177,0.3333,True,False,projection_like,attention_qkv_projection,recovered_from_ir,recovered_from_prov_fqn,recovered_from_ir,recovered_from_ir
smolvla,smolvla,77,matmul_91,backbone_once,model.vlm_with_expert.vlm.model.text_model.layers.0.self_attn.o_proj,matmul,False,none,113,960,960,1,104140800,216960,1843200,216960,bf16,0.1177,0.1177,1.0,True,False,wide_skinny,attention_output_projection,recovered_from_ir,recovered_from_prov_fqn,recovered_from_ir,recovered_from_ir
smolvla,smolvla,78,matmul_92,backbone_once,model.vlm_with_expert.vlm.model.text_model.layers.0.mlp.gate_proj,matmul,False,none,113,2560,960,1,277708800,216960,4915200,578560,bf16,0.0441,0.1177,2.6667,True,False,wide_skinny,mlp_projection,recovered_from_ir,recovered_from_prov_fqn,recovered_from_ir,recovered_from_ir
smolvla,smolvla,79,matmul_93,backbone_once,model.vlm_with_expert.vlm.model.text_model.layers.0.mlp.up_proj,matmul,False,none,113,2560,960,1,277708800,216960,4915200,578560,bf16,0.0441,0.1177,2.6667,True,False,wide_skinny,mlp_projection,recovered_from_ir,recovered_from_prov_fqn,recovered_from_ir,recovered_from_ir
smolvla,smolvla,80,matmul_94,backbone_once,model.vlm_with_expert.vlm.model.text_model.layers.0.mlp.down_proj,matmul,False,none,113,960,2560,1,277708800,578560,4915200,216960,bf16,0.1177,0.0441,0.375,True,False,wide_skinny,mlp_projection,recovered_from_ir,recovered_from_prov_fqn,recovered_from_ir,recovered_from_ir
smolvla,smolvla,81,matmul_95,backbone_once,model.vlm_with_expert.vlm.model.text_model.layers.1.self_attn.q_proj,matmul,False,none,113,960,960,1,104140800,216960,1843200,216960,bf16,0.1177,0.1177,1.0,True,False,wide_skinny,attention_qkv_projection,recovered_from_ir,recovered_from_prov_fqn,recovered_from_ir,recovered_from_ir
smolvla,smolvla,82,matmul_96,backbone_once,model.vlm_with_expert.vlm.model.text_model.layers.1.self_attn.k_proj,matmul,False,none,113,320,960,1,34713600,216960,614400,72320,bf16,0.3531,0.1177,0.3333,True,False,projection_like,attention_qkv_projection,recovered_from_ir,recovered_from_prov_fqn,recovered_from_ir,recovered_from_ir
smolvla,smolvla,83,matmul_97,backbone_once,model.vlm_with_expert.vlm.model.text_model.layers.1.self_attn.v_proj,matmul,False,none,113,320,960,1,34713600,216960,614400,72320,bf16,0.3531,0.1177,0.3333,True,False,projection_like,attention_qkv_projection,recovered_from_ir,recovered_from_prov_fqn,recovered_from_ir,recovered_from_ir
smolvla,smolvla,84,matmul_100,backbone_once,model.vlm_with_expert.vlm.model.text_model.layers.1.self_attn.o_proj,matmul,False,none,113,960,960,1,104140800,216960,1843200,216960,bf16,0.1177,0.1177,1.0,True,False,wide_skinny,attention_output_projection,recovered_from_ir,recovered_from_prov_fqn,recovered_from_ir,recovered_from_ir
smolvla,smolvla,85,matmul_101,backbone_once,model.vlm_with_expert.vlm.model.text_model.layers.1.mlp.gate_proj,matmul,False,none,113,2560,960,1,277708800,216960,4915200,578560,bf16,0.0441,0.1177,2.6667,True,False,wide_skinny,mlp_projection,recovered_from_ir,recovered_from_prov_fqn,recovered_from_ir,recovered_from_ir
smolvla,smolvla,86,matmul_102,backbone_once,model.vlm_with_expert.vlm.model.text_model.layers.1.mlp.up_proj,matmul,False,none,113,2560,960,1,277708800,216960,4915200,578560,bf16,0.0441,0.1177,2.6667,True,False,wide_skinny,mlp_projection,recovered_from_ir,recovered_from_prov_fqn,recovered_from_ir,recovered_from_ir
smolvla,smolvla,87,matmul_103,backbone_once,model.vlm_with_expert.vlm.model.text_model.layers.1.mlp.down_proj,matmul,False,none,113,960,2560,1,277708800,578560,4915200,216960,bf16,0.1177,0.0441,0.375,True,False,wide_skinny,mlp_projection,recovered_from_ir,recovered_from_prov_fqn,recovered_from_ir,recovered_from_ir
smolvla,smolvla,88,matmul_104,backbone_once,model.vlm_with_expert.vlm.model.text_model.layers.2.self_attn.q_proj,matmul,False,none,113,960,960,1,104140800,216960,1843200,216960,bf16,0.1177,0.1177,1.0,True,False,wide_skinny,attention_qkv_projection,recovered_from_ir,recovered_from_prov_fqn,recovered_from_ir,recovered_from_ir
smolvla,smolvla,89,matmul_105,backbone_once,model.vlm_with_expert.vlm.model.text_model.layers.2.self_attn.k_proj,matmul,False,none,113,320,960,1,34713600,216960,614400,72320,bf16,0.3531,0.1177,0.3333,True,False,projection_like,attention_qkv_projection,recovered_from_ir,recovered_from_prov_fqn,recovered_from_ir,recovered_from_ir
smolvla,smolvla,90,matmul_106,backbone_once,model.vlm_with_expert.vlm.model.text_model.layers.2.self_attn.v_proj,matmul,False,none,113,320,960,1,34713600,216960,614400,72320,bf16,0.3531,0.1177,0.3333,True,False,projection_like,attention_qkv_projection,recovered_from_ir,recovered_from_prov_fqn,recovered_from_ir,recovered_from_ir
smolvla,smolvla,91,matmul_109,backbone_once,model.vlm_with_expert.vlm.model.text_model.layers.2.self_attn.o_proj,matmul,False,none,113,960,960,1,104140800,216960,1843200,216960,bf16,0.1177,0.1177,1.0,True,False,wide_skinny,attention_output_projection,recovered_from_ir,recovered_from_prov_fqn,recovered_from_ir,recovered_from_ir
smolvla,smolvla,92,matmul_110,backbone_once,model.vlm_with_expert.vlm.model.text_model.layers.2.mlp.gate_proj,matmul,False,none,113,2560,960,1,277708800,216960,4915200,578560,bf16,0.0441,0.1177,2.6667,True,False,wide_skinny,mlp_projection,recovered_from_ir,recovered_from_prov_fqn,recovered_from_ir,recovered_from_ir
smolvla,smolvla,93,matmul_111,backbone_once,model.vlm_with_expert.vlm.model.text_model.layers.2.mlp.up_proj,matmul,False,none,113,2560,960,1,277708800,216960,4915200,578560,bf16,0.0441,0.1177,2.6667,True,False,wide_skinny,mlp_projection,recovered_from_ir,recovered_from_prov_fqn,recovered_from_ir,recovered_from_ir
smolvla,smolvla,94,matmul_112,backbone_once,model.vlm_with_expert.vlm.model.text_model.layers.2.mlp.down_proj,matmul,False,none,113,960,2560,1,277708800,578560,4915200,216960,bf16,0.1177,0.0441,0.375,True,False,wide_skinny,mlp_projection,recovered_from_ir,recovered_from_prov_fqn,recovered_from_ir,recovered_from_ir
smolvla,smolvla,95,matmul_113,backbone_once,model.vlm_with_expert.vlm.model.text_model.layers.3.self_attn.q_proj,matmul,False,none,113,960,960,1,104140800,216960,1843200,216960,bf16,0.1177,0.1177,1.0,True,False,wide_skinny,attention_qkv_projection,recovered_from_ir,recovered_from_prov_fqn,recovered_from_ir,recovered_from_ir
smolvla,smolvla,96,matmul_114,backbone_once,model.vlm_with_expert.vlm.model.text_model.layers.3.self_attn.k_proj,matmul,False,none,113,320,960,1,34713600,216960,614400,72320,bf16,0.3531,0.1177,0.3333,True,False,projection_like,attention_qkv_projection,recovered_from_ir,recovered_from_prov_fqn,recovered_from_ir,recovered_from_ir
smolvla,smolvla,97,matmul_115,backbone_once,model.vlm_with_expert.vlm.model.text_model.layers.3.self_attn.v_proj,matmul,False,none,113,320,960,1,34713600,216960,614400,72320,bf16,0.3531,0.1177,0.3333,True,False,projection_like,attention_qkv_projection,recovered_from_ir,recovered_from_prov_fqn,recovered_from_ir,recovered_from_ir
smolvla,smolvla,98,matmul_118,backbone_once,model.vlm_with_expert.vlm.model.text_model.layers.3.self_attn.o_proj,matmul,False,none,113,960,960,1,104140800,216960,1843200,216960,bf16,0.1177,0.1177,1.0,True,False,wide_skinny,attention_output_projection,recovered_from_ir,recovered_from_prov_fqn,recovered_from_ir,recovered_from_ir
smolvla,smolvla,99,matmul_119,backbone_once,model.vlm_with_expert.vlm.model.text_model.layers.3.mlp.gate_proj,matmul,False,none,113,2560,960,1,277708800,216960,4915200,578560,bf16,0.0441,0.1177,2.6667,True,False,wide_skinny,mlp_projection,recovered_from_ir,recovered_from_prov_fqn,recovered_from_ir,recovered_from_ir
smolvla,smolvla,100,matmul_120,backbone_once,model.vlm_with_expert.vlm.model.text_model.layers.3.mlp.up_proj,matmul,False,none,113,2560,960,1,277708800,216960,4915200,578560,bf16,0.0441,0.1177,2.6667,True,False,wide_skinny,mlp_projection,recovered_from_ir,recovered_from_prov_fqn,recovered_from_ir,recovered_from_ir
smolvla,smolvla,101,matmul_121,backbone_once,model.vlm_with_expert.vlm.model.text_model.layers.3.mlp.down_proj,matmul,False,none,113,960,2560,1,277708800,578560,4915200,216960,bf16,0.1177,0.0441,0.375,True,False,wide_skinny,mlp_projection,recovered_from_ir,recovered_from_prov_fqn,recovered_from_ir,recovered_from_ir
smolvla,smolvla,102,matmul_122,backbone_once,model.vlm_with_expert.vlm.model.text_model.layers.4.self_attn.q_proj,matmul,False,none,113,960,960,1,104140800,216960,1843200,216960,bf16,0.1177,0.1177,1.0,True,False,wide_skinny,attention_qkv_projection,recovered_from_ir,recovered_from_prov_fqn,recovered_from_ir,recovered_from_ir
smolvla,smolvla,103,matmul_123,backbone_once,model.vlm_with_expert.vlm.model.text_model.layers.4.self_attn.k_proj,matmul,False,none,113,320,960,1,34713600,216960,614400,72320,bf16,0.3531,0.1177,0.3333,True,False,projection_like,attention_qkv_projection,recovered_from_ir,recovered_from_prov_fqn,recovered_from_ir,recovered_from_ir
smolvla,smolvla,104,matmul_124,backbone_once,model.vlm_with_expert.vlm.model.text_model.layers.4.self_attn.v_proj,matmul,False,none,113,320,960,1,34713600,216960,614400,72320,bf16,0.3531,0.1177,0.3333,True,False,projection_like,attention_qkv_projection,recovered_from_ir,recovered_from_prov_fqn,recovered_from_ir,recovered_from_ir
smolvla,smolvla,105,matmul_127,backbone_once,model.vlm_with_expert.vlm.model.text_model.layers.4.self_attn.o_proj,matmul,False,none,113,960,960,1,104140800,216960,1843200,216960,bf16,0.1177,0.1177,1.0,True,False,wide_skinny,attention_output_projection,recovered_from_ir,recovered_from_prov_fqn,recovered_from_ir,recovered_from_ir
smolvla,smolvla,106,matmul_128,backbone_once,model.vlm_with_expert.vlm.model.text_model.layers.4.mlp.gate_proj,matmul,False,none,113,2560,960,1,277708800,216960,4915200,578560,bf16,0.0441,0.1177,2.6667,True,False,wide_skinny,mlp_projection,recovered_from_ir,recovered_from_prov_fqn,recovered_from_ir,recovered_from_ir
smolvla,smolvla,107,matmul_129,backbone_once,model.vlm_with_expert.vlm.model.text_model.layers.4.mlp.up_proj,matmul,False,none,113,2560,960,1,277708800,216960,4915200,578560,bf16,0.0441,0.1177,2.6667,True,False,wide_skinny,mlp_projection,recovered_from_ir,recovered_from_prov_fqn,recovered_from_ir,recovered_from_ir
smolvla,smolvla,108,matmul_130,backbone_once,model.vlm_with_expert.vlm.model.text_model.layers.4.mlp.down_proj,matmul,False,none,113,960,2560,1,277708800,578560,4915200,216960,bf16,0.1177,0.0441,0.375,True,False,wide_skinny,mlp_projection,recovered_from_ir,recovered_from_prov_fqn,recovered_from_ir,recovered_from_ir
smolvla,smolvla,109,matmul_131,backbone_once,model.vlm_with_expert.vlm.model.text_model.layers.5.self_attn.q_proj,matmul,False,none,113,960,960,1,104140800,216960,1843200,216960,bf16,0.1177,0.1177,1.0,True,False,wide_skinny,attention_qkv_projection,recovered_from_ir,recovered_from_prov_fqn,recovered_from_ir,recovered_from_ir
smolvla,smolvla,110,matmul_132,backbone_once,model.vlm_with_expert.vlm.model.text_model.layers.5.self_attn.k_proj,matmul,False,none,113,320,960,1,34713600,216960,614400,72320,bf16,0.3531,0.1177,0.3333,True,False,projection_like,attention_qkv_projection,recovered_from_ir,recovered_from_prov_fqn,recovered_from_ir,recovered_from_ir
smolvla,smolvla,111,matmul_133,backbone_once,model.vlm_with_expert.vlm.model.text_model.layers.5.self_attn.v_proj,matmul,False,none,113,320,960,1,34713600,216960,614400,72320,bf16,0.3531,0.1177,0.3333,True,False,projection_like,attention_qkv_projection,recovered_from_ir,recovered_from_prov_fqn,recovered_from_ir,recovered_from_ir
smolvla,smolvla,112,matmul_136,backbone_once,model.vlm_with_expert.vlm.model.text_model.layers.5.self_attn.o_proj,matmul,False,none,113,960,960,1,104140800,216960,1843200,216960,bf16,0.1177,0.1177,1.0,True,False,wide_skinny,attention_output_projection,recovered_from_ir,recovered_from_prov_fqn,recovered_from_ir,recovered_from_ir
smolvla,smolvla,113,matmul_137,backbone_once,model.vlm_with_expert.vlm.model.text_model.layers.5.mlp.gate_proj,matmul,False,none,113,2560,960,1,277708800,216960,4915200,578560,bf16,0.0441,0.1177,2.6667,True,False,wide_skinny,mlp_projection,recovered_from_ir,recovered_from_prov_fqn,recovered_from_ir,recovered_from_ir
smolvla,smolvla,114,matmul_138,backbone_once,model.vlm_with_expert.vlm.model.text_model.layers.5.mlp.up_proj,matmul,False,none,113,2560,960,1,277708800,216960,4915200,578560,bf16,0.0441,0.1177,2.6667,True,False,wide_skinny,mlp_projection,recovered_from_ir,recovered_from_prov_fqn,recovered_from_ir,recovered_from_ir
smolvla,smolvla,115,matmul_139,backbone_once,model.vlm_with_expert.vlm.model.text_model.layers.5.mlp.down_proj,matmul,False,none,113,960,2560,1,277708800,578560,4915200,216960,bf16,0.1177,0.0441,0.375,True,False,wide_skinny,mlp_projection,recovered_from_ir,recovered_from_prov_fqn,recovered_from_ir,recovered_from_ir
smolvla,smolvla,116,matmul_140,backbone_once,model.vlm_with_expert.vlm.model.text_model.layers.6.self_attn.q_proj,matmul,False,none,113,960,960,1,104140800,216960,1843200,216960,bf16,0.1177,0.1177,1.0,True,False,wide_skinny,attention_qkv_projection,recovered_from_ir,recovered_from_prov_fqn,recovered_from_ir,recovered_from_ir
smolvla,smolvla,117,matmul_141,backbone_once,model.vlm_with_expert.vlm.model.text_model.layers.6.self_attn.k_proj,matmul,False,none,113,320,960,1,34713600,216960,614400,72320,bf16,0.3531,0.1177,0.3333,True,False,projection_like,attention_qkv_projection,recovered_from_ir,recovered_from_prov_fqn,recovered_from_ir,recovered_from_ir
smolvla,smolvla,118,matmul_142,backbone_once,model.vlm_with_expert.vlm.model.text_model.layers.6.self_attn.v_proj,matmul,False,none,113,320,960,1,34713600,216960,614400,72320,bf16,0.3531,0.1177,0.3333,True,False,projection_like,attention_qkv_projection,recovered_from_ir,recovered_from_prov_fqn,recovered_from_ir,recovered_from_ir
smolvla,smolvla,119,matmul_145,backbone_once,model.vlm_with_expert.vlm.model.text_model.layers.6.self_attn.o_proj,matmul,False,none,113,960,960,1,104140800,216960,1843200,216960,bf16,0.1177,0.1177,1.0,True,False,wide_skinny,attention_output_projection,recovered_from_ir,recovered_from_prov_fqn,recovered_from_ir,recovered_from_ir
smolvla,smolvla,120,matmul_146,backbone_once,model.vlm_with_expert.vlm.model.text_model.layers.6.mlp.gate_proj,matmul,False,none,113,2560,960,1,277708800,216960,4915200,578560,bf16,0.0441,0.1177,2.6667,True,False,wide_skinny,mlp_projection,recovered_from_ir,recovered_from_prov_fqn,recovered_from_ir,recovered_from_ir
smolvla,smolvla,121,matmul_147,backbone_once,model.vlm_with_expert.vlm.model.text_model.layers.6.mlp.up_proj,matmul,False,none,113,2560,960,1,277708800,216960,4915200,578560,bf16,0.0441,0.1177,2.6667,True,False,wide_skinny,mlp_projection,recovered_from_ir,recovered_from_prov_fqn,recovered_from_ir,recovered_from_ir
smolvla,smolvla,122,matmul_148,backbone_once,model.vlm_with_expert.vlm.model.text_model.layers.6.mlp.down_proj,matmul,False,none,113,960,2560,1,277708800,578560,4915200,216960,bf16,0.1177,0.0441,0.375,True,False,wide_skinny,mlp_projection,recovered_from_ir,recovered_from_prov_fqn,recovered_from_ir,recovered_from_ir
smolvla,smolvla,123,matmul_149,backbone_once,model.vlm_with_expert.vlm.model.text_model.layers.7.self_attn.q_proj,matmul,False,none,113,960,960,1,104140800,216960,1843200,216960,bf16,0.1177,0.1177,1.0,True,False,wide_skinny,attention_qkv_projection,recovered_from_ir,recovered_from_prov_fqn,recovered_from_ir,recovered_from_ir
smolvla,smolvla,124,matmul_150,backbone_once,model.vlm_with_expert.vlm.model.text_model.layers.7.self_attn.k_proj,matmul,False,none,113,320,960,1,34713600,216960,614400,72320,bf16,0.3531,0.1177,0.3333,True,False,projection_like,attention_qkv_projection,recovered_from_ir,recovered_from_prov_fqn,recovered_from_ir,recovered_from_ir
smolvla,smolvla,125,matmul_151,backbone_once,model.vlm_with_expert.vlm.model.text_model.layers.7.self_attn.v_proj,matmul,False,none,113,320,960,1,34713600,216960,614400,72320,bf16,0.3531,0.1177,0.3333,True,False,projection_like,attention_qkv_projection,recovered_from_ir,recovered_from_prov_fqn,recovered_from_ir,recovered_from_ir
smolvla,smolvla,126,matmul_154,backbone_once,model.vlm_with_expert.vlm.model.text_model.layers.7.self_attn.o_proj,matmul,False,none,113,960,960,1,104140800,216960,1843200,216960,bf16,0.1177,0.1177,1.0,True,False,wide_skinny,attention_output_projection,recovered_from_ir,recovered_from_prov_fqn,recovered_from_ir,recovered_from_ir
smolvla,smolvla,127,matmul_155,backbone_once,model.vlm_with_expert.vlm.model.text_model.layers.7.mlp.gate_proj,matmul,False,none,113,2560,960,1,277708800,216960,4915200,578560,bf16,0.0441,0.1177,2.6667,True,False,wide_skinny,mlp_projection,recovered_from_ir,recovered_from_prov_fqn,recovered_from_ir,recovered_from_ir
smolvla,smolvla,128,matmul_156,backbone_once,model.vlm_with_expert.vlm.model.text_model.layers.7.mlp.up_proj,matmul,False,none,113,2560,960,1,277708800,216960,4915200,578560,bf16,0.0441,0.1177,2.6667,True,False,wide_skinny,mlp_projection,recovered_from_ir,recovered_from_prov_fqn,recovered_from_ir,recovered_from_ir
smolvla,smolvla,129,matmul_157,backbone_once,model.vlm_with_expert.vlm.model.text_model.layers.7.mlp.down_proj,matmul,False,none,113,960,2560,1,277708800,578560,4915200,216960,bf16,0.1177,0.0441,0.375,True,False,wide_skinny,mlp_projection,recovered_from_ir,recovered_from_prov_fqn,recovered_from_ir,recovered_from_ir
smolvla,smolvla,130,matmul_158,backbone_once,model.vlm_with_expert.vlm.model.text_model.layers.8.self_attn.q_proj,matmul,False,none,113,960,960,1,104140800,216960,1843200,216960,bf16,0.1177,0.1177,1.0,True,False,wide_skinny,attention_qkv_projection,recovered_from_ir,recovered_from_prov_fqn,recovered_from_ir,recovered_from_ir
smolvla,smolvla,131,matmul_159,backbone_once,model.vlm_with_expert.vlm.model.text_model.layers.8.self_attn.k_proj,matmul,False,none,113,320,960,1,34713600,216960,614400,72320,bf16,0.3531,0.1177,0.3333,True,False,projection_like,attention_qkv_projection,recovered_from_ir,recovered_from_prov_fqn,recovered_from_ir,recovered_from_ir
smolvla,smolvla,132,matmul_160,backbone_once,model.vlm_with_expert.vlm.model.text_model.layers.8.self_attn.v_proj,matmul,False,none,113,320,960,1,34713600,216960,614400,72320,bf16,0.3531,0.1177,0.3333,True,False,projection_like,attention_qkv_projection,recovered_from_ir,recovered_from_prov_fqn,recovered_from_ir,recovered_from_ir
smolvla,smolvla,133,matmul_163,backbone_once,model.vlm_with_expert.vlm.model.text_model.layers.8.self_attn.o_proj,matmul,False,none,113,960,960,1,104140800,216960,1843200,216960,bf16,0.1177,0.1177,1.0,True,False,wide_skinny,attention_output_projection,recovered_from_ir,recovered_from_prov_fqn,recovered_from_ir,recovered_from_ir
smolvla,smolvla,134,matmul_164,backbone_once,model.vlm_with_expert.vlm.model.text_model.layers.8.mlp.gate_proj,matmul,False,none,113,2560,960,1,277708800,216960,4915200,578560,bf16,0.0441,0.1177,2.6667,True,False,wide_skinny,mlp_projection,recovered_from_ir,recovered_from_prov_fqn,recovered_from_ir,recovered_from_ir
smolvla,smolvla,135,matmul_165,backbone_once,model.vlm_with_expert.vlm.model.text_model.layers.8.mlp.up_proj,matmul,False,none,113,2560,960,1,277708800,216960,4915200,578560,bf16,0.0441,0.1177,2.6667,True,False,wide_skinny,mlp_projection,recovered_from_ir,recovered_from_prov_fqn,recovered_from_ir,recovered_from_ir
smolvla,smolvla,136,matmul_166,backbone_once,model.vlm_with_expert.vlm.model.text_model.layers.8.mlp.down_proj,matmul,False,none,113,960,2560,1,277708800,578560,4915200,216960,bf16,0.1177,0.0441,0.375,True,False,wide_skinny,mlp_projection,recovered_from_ir,recovered_from_prov_fqn,recovered_from_ir,recovered_from_ir
smolvla,smolvla,137,matmul_167,backbone_once,model.vlm_with_expert.vlm.model.text_model.layers.9.self_attn.q_proj,matmul,False,none,113,960,960,1,104140800,216960,1843200,216960,bf16,0.1177,0.1177,1.0,True,False,wide_skinny,attention_qkv_projection,recovered_from_ir,recovered_from_prov_fqn,recovered_from_ir,recovered_from_ir
smolvla,smolvla,138,matmul_168,backbone_once,model.vlm_with_expert.vlm.model.text_model.layers.9.self_attn.k_proj,matmul,False,none,113,320,960,1,34713600,216960,614400,72320,bf16,0.3531,0.1177,0.3333,True,False,projection_like,attention_qkv_projection,recovered_from_ir,recovered_from_prov_fqn,recovered_from_ir,recovered_from_ir
smolvla,smolvla,139,matmul_169,backbone_once,model.vlm_with_expert.vlm.model.text_model.layers.9.self_attn.v_proj,matmul,False,none,113,320,960,1,34713600,216960,614400,72320,bf16,0.3531,0.1177,0.3333,True,False,projection_like,attention_qkv_projection,recovered_from_ir,recovered_from_prov_fqn,recovered_from_ir,recovered_from_ir
smolvla,smolvla,140,matmul_172,backbone_once,model.vlm_with_expert.vlm.model.text_model.layers.9.self_attn.o_proj,matmul,False,none,113,960,960,1,104140800,216960,1843200,216960,bf16,0.1177,0.1177,1.0,True,False,wide_skinny,attention_output_projection,recovered_from_ir,recovered_from_prov_fqn,recovered_from_ir,recovered_from_ir
smolvla,smolvla,141,matmul_173,backbone_once,model.vlm_with_expert.vlm.model.text_model.layers.9.mlp.gate_proj,matmul,False,none,113,2560,960,1,277708800,216960,4915200,578560,bf16,0.0441,0.1177,2.6667,True,False,wide_skinny,mlp_projection,recovered_from_ir,recovered_from_prov_fqn,recovered_from_ir,recovered_from_ir
smolvla,smolvla,142,matmul_174,backbone_once,model.vlm_with_expert.vlm.model.text_model.layers.9.mlp.up_proj,matmul,False,none,113,2560,960,1,277708800,216960,4915200,578560,bf16,0.0441,0.1177,2.6667,True,False,wide_skinny,mlp_projection,recovered_from_ir,recovered_from_prov_fqn,recovered_from_ir,recovered_from_ir
smolvla,smolvla,143,matmul_175,backbone_once,model.vlm_with_expert.vlm.model.text_model.layers.9.mlp.down_proj,matmul,False,none,113,960,2560,1,277708800,578560,4915200,216960,bf16,0.1177,0.0441,0.375,True,False,wide_skinny,mlp_projection,recovered_from_ir,recovered_from_prov_fqn,recovered_from_ir,recovered_from_ir
smolvla,smolvla,144,matmul_176,backbone_once,model.vlm_with_expert.vlm.model.text_model.layers.10.self_attn.q_proj,matmul,False,none,113,960,960,1,104140800,216960,1843200,216960,bf16,0.1177,0.1177,1.0,True,False,wide_skinny,attention_qkv_projection,recovered_from_ir,recovered_from_prov_fqn,recovered_from_ir,recovered_from_ir
smolvla,smolvla,145,matmul_177,backbone_once,model.vlm_with_expert.vlm.model.text_model.layers.10.self_attn.k_proj,matmul,False,none,113,320,960,1,34713600,216960,614400,72320,bf16,0.3531,0.1177,0.3333,True,False,projection_like,attention_qkv_projection,recovered_from_ir,recovered_from_prov_fqn,recovered_from_ir,recovered_from_ir
smolvla,smolvla,146,matmul_178,backbone_once,model.vlm_with_expert.vlm.model.text_model.layers.10.self_attn.v_proj,matmul,False,none,113,320,960,1,34713600,216960,614400,72320,bf16,0.3531,0.1177,0.3333,True,False,projection_like,attention_qkv_projection,recovered_from_ir,recovered_from_prov_fqn,recovered_from_ir,recovered_from_ir
smolvla,smolvla,147,matmul_181,backbone_once,model.vlm_with_expert.vlm.model.text_model.layers.10.self_attn.o_proj,matmul,False,none,113,960,960,1,104140800,216960,1843200,216960,bf16,0.1177,0.1177,1.0,True,False,wide_skinny,attention_output_projection,recovered_from_ir,recovered_from_prov_fqn,recovered_from_ir,recovered_from_ir
smolvla,smolvla,148,matmul_182,backbone_once,model.vlm_with_expert.vlm.model.text_model.layers.10.mlp.gate_proj,matmul,False,none,113,2560,960,1,277708800,216960,4915200,578560,bf16,0.0441,0.1177,2.6667,True,False,wide_skinny,mlp_projection,recovered_from_ir,recovered_from_prov_fqn,recovered_from_ir,recovered_from_ir
smolvla,smolvla,149,matmul_183,backbone_once,model.vlm_with_expert.vlm.model.text_model.layers.10.mlp.up_proj,matmul,False,none,113,2560,960,1,277708800,216960,4915200,578560,bf16,0.0441,0.1177,2.6667,True,False,wide_skinny,mlp_projection,recovered_from_ir,recovered_from_prov_fqn,recovered_from_ir,recovered_from_ir
smolvla,smolvla,150,matmul_184,backbone_once,model.vlm_with_expert.vlm.model.text_model.layers.10.mlp.down_proj,matmul,False,none,113,960,2560,1,277708800,578560,4915200,216960,bf16,0.1177,0.0441,0.375,True,False,wide_skinny,mlp_projection,recovered_from_ir,recovered_from_prov_fqn,recovered_from_ir,recovered_from_ir
smolvla,smolvla,151,matmul_185,backbone_once,model.vlm_with_expert.vlm.model.text_model.layers.11.self_attn.q_proj,matmul,False,none,113,960,960,1,104140800,216960,1843200,216960,bf16,0.1177,0.1177,1.0,True,False,wide_skinny,attention_qkv_projection,recovered_from_ir,recovered_from_prov_fqn,recovered_from_ir,recovered_from_ir
smolvla,smolvla,152,matmul_186,backbone_once,model.vlm_with_expert.vlm.model.text_model.layers.11.self_attn.k_proj,matmul,False,none,113,320,960,1,34713600,216960,614400,72320,bf16,0.3531,0.1177,0.3333,True,False,projection_like,attention_qkv_projection,recovered_from_ir,recovered_from_prov_fqn,recovered_from_ir,recovered_from_ir
smolvla,smolvla,153,matmul_187,backbone_once,model.vlm_with_expert.vlm.model.text_model.layers.11.self_attn.v_proj,matmul,False,none,113,320,960,1,34713600,216960,614400,72320,bf16,0.3531,0.1177,0.3333,True,False,projection_like,attention_qkv_projection,recovered_from_ir,recovered_from_prov_fqn,recovered_from_ir,recovered_from_ir
smolvla,smolvla,154,matmul_190,backbone_once,model.vlm_with_expert.vlm.model.text_model.layers.11.self_attn.o_proj,matmul,False,none,113,960,960,1,104140800,216960,1843200,216960,bf16,0.1177,0.1177,1.0,True,False,wide_skinny,attention_output_projection,recovered_from_ir,recovered_from_prov_fqn,recovered_from_ir,recovered_from_ir
smolvla,smolvla,155,matmul_191,backbone_once,model.vlm_with_expert.vlm.model.text_model.layers.11.mlp.gate_proj,matmul,False,none,113,2560,960,1,277708800,216960,4915200,578560,bf16,0.0441,0.1177,2.6667,True,False,wide_skinny,mlp_projection,recovered_from_ir,recovered_from_prov_fqn,recovered_from_ir,recovered_from_ir
smolvla,smolvla,156,matmul_192,backbone_once,model.vlm_with_expert.vlm.model.text_model.layers.11.mlp.up_proj,matmul,False,none,113,2560,960,1,277708800,216960,4915200,578560,bf16,0.0441,0.1177,2.6667,True,False,wide_skinny,mlp_projection,recovered_from_ir,recovered_from_prov_fqn,recovered_from_ir,recovered_from_ir
smolvla,smolvla,157,matmul_193,backbone_once,model.vlm_with_expert.vlm.model.text_model.layers.11.mlp.down_proj,matmul,False,none,113,960,2560,1,277708800,578560,4915200,216960,bf16,0.1177,0.0441,0.375,True,False,wide_skinny,mlp_projection,recovered_from_ir,recovered_from_prov_fqn,recovered_from_ir,recovered_from_ir
smolvla,smolvla,158,matmul_194,backbone_once,model.vlm_with_expert.vlm.model.text_model.layers.12.self_attn.q_proj,matmul,False,none,113,960,960,1,104140800,216960,1843200,216960,bf16,0.1177,0.1177,1.0,True,False,wide_skinny,attention_qkv_projection,recovered_from_ir,recovered_from_prov_fqn,recovered_from_ir,recovered_from_ir
smolvla,smolvla,159,matmul_195,backbone_once,model.vlm_with_expert.vlm.model.text_model.layers.12.self_attn.k_proj,matmul,False,none,113,320,960,1,34713600,216960,614400,72320,bf16,0.3531,0.1177,0.3333,True,False,projection_like,attention_qkv_projection,recovered_from_ir,recovered_from_prov_fqn,recovered_from_ir,recovered_from_ir
smolvla,smolvla,160,matmul_196,backbone_once,model.vlm_with_expert.vlm.model.text_model.layers.12.self_attn.v_proj,matmul,False,none,113,320,960,1,34713600,216960,614400,72320,bf16,0.3531,0.1177,0.3333,True,False,projection_like,attention_qkv_projection,recovered_from_ir,recovered_from_prov_fqn,recovered_from_ir,recovered_from_ir
smolvla,smolvla,161,matmul_199,backbone_once,model.vlm_with_expert.vlm.model.text_model.layers.12.self_attn.o_proj,matmul,False,none,113,960,960,1,104140800,216960,1843200,216960,bf16,0.1177,0.1177,1.0,True,False,wide_skinny,attention_output_projection,recovered_from_ir,recovered_from_prov_fqn,recovered_from_ir,recovered_from_ir
smolvla,smolvla,162,matmul_200,backbone_once,model.vlm_with_expert.vlm.model.text_model.layers.12.mlp.gate_proj,matmul,False,none,113,2560,960,1,277708800,216960,4915200,578560,bf16,0.0441,0.1177,2.6667,True,False,wide_skinny,mlp_projection,recovered_from_ir,recovered_from_prov_fqn,recovered_from_ir,recovered_from_ir
smolvla,smolvla,163,matmul_201,backbone_once,model.vlm_with_expert.vlm.model.text_model.layers.12.mlp.up_proj,matmul,False,none,113,2560,960,1,277708800,216960,4915200,578560,bf16,0.0441,0.1177,2.6667,True,False,wide_skinny,mlp_projection,recovered_from_ir,recovered_from_prov_fqn,recovered_from_ir,recovered_from_ir
smolvla,smolvla,164,matmul_202,backbone_once,model.vlm_with_expert.vlm.model.text_model.layers.12.mlp.down_proj,matmul,False,none,113,960,2560,1,277708800,578560,4915200,216960,bf16,0.1177,0.0441,0.375,True,False,wide_skinny,mlp_projection,recovered_from_ir,recovered_from_prov_fqn,recovered_from_ir,recovered_from_ir
smolvla,smolvla,165,matmul_203,backbone_once,model.vlm_with_expert.vlm.model.text_model.layers.13.self_attn.q_proj,matmul,False,none,113,960,960,1,104140800,216960,1843200,216960,bf16,0.1177,0.1177,1.0,True,False,wide_skinny,attention_qkv_projection,recovered_from_ir,recovered_from_prov_fqn,recovered_from_ir,recovered_from_ir
smolvla,smolvla,166,matmul_204,backbone_once,model.vlm_with_expert.vlm.model.text_model.layers.13.self_attn.k_proj,matmul,False,none,113,320,960,1,34713600,216960,614400,72320,bf16,0.3531,0.1177,0.3333,True,False,projection_like,attention_qkv_projection,recovered_from_ir,recovered_from_prov_fqn,recovered_from_ir,recovered_from_ir
smolvla,smolvla,167,matmul_205,backbone_once,model.vlm_with_expert.vlm.model.text_model.layers.13.self_attn.v_proj,matmul,False,none,113,320,960,1,34713600,216960,614400,72320,bf16,0.3531,0.1177,0.3333,True,False,projection_like,attention_qkv_projection,recovered_from_ir,recovered_from_prov_fqn,recovered_from_ir,recovered_from_ir
smolvla,smolvla,168,matmul_208,backbone_once,model.vlm_with_expert.vlm.model.text_model.layers.13.self_attn.o_proj,matmul,False,none,113,960,960,1,104140800,216960,1843200,216960,bf16,0.1177,0.1177,1.0,True,False,wide_skinny,attention_output_projection,recovered_from_ir,recovered_from_prov_fqn,recovered_from_ir,recovered_from_ir
smolvla,smolvla,169,matmul_209,backbone_once,model.vlm_with_expert.vlm.model.text_model.layers.13.mlp.gate_proj,matmul,False,none,113,2560,960,1,277708800,216960,4915200,578560,bf16,0.0441,0.1177,2.6667,True,False,wide_skinny,mlp_projection,recovered_from_ir,recovered_from_prov_fqn,recovered_from_ir,recovered_from_ir
smolvla,smolvla,170,matmul_210,backbone_once,model.vlm_with_expert.vlm.model.text_model.layers.13.mlp.up_proj,matmul,False,none,113,2560,960,1,277708800,216960,4915200,578560,bf16,0.0441,0.1177,2.6667,True,False,wide_skinny,mlp_projection,recovered_from_ir,recovered_from_prov_fqn,recovered_from_ir,recovered_from_ir
smolvla,smolvla,171,matmul_211,backbone_once,model.vlm_with_expert.vlm.model.text_model.layers.13.mlp.down_proj,matmul,False,none,113,960,2560,1,277708800,578560,4915200,216960,bf16,0.1177,0.0441,0.375,True,False,wide_skinny,mlp_projection,recovered_from_ir,recovered_from_prov_fqn,recovered_from_ir,recovered_from_ir
smolvla,smolvla,172,matmul_212,backbone_once,model.vlm_with_expert.vlm.model.text_model.layers.14.self_attn.q_proj,matmul,False,none,113,960,960,1,104140800,216960,1843200,216960,bf16,0.1177,0.1177,1.0,True,False,wide_skinny,attention_qkv_projection,recovered_from_ir,recovered_from_prov_fqn,recovered_from_ir,recovered_from_ir
smolvla,smolvla,173,matmul_213,backbone_once,model.vlm_with_expert.vlm.model.text_model.layers.14.self_attn.k_proj,matmul,False,none,113,320,960,1,34713600,216960,614400,72320,bf16,0.3531,0.1177,0.3333,True,False,projection_like,attention_qkv_projection,recovered_from_ir,recovered_from_prov_fqn,recovered_from_ir,recovered_from_ir
smolvla,smolvla,174,matmul_214,backbone_once,model.vlm_with_expert.vlm.model.text_model.layers.14.self_attn.v_proj,matmul,False,none,113,320,960,1,34713600,216960,614400,72320,bf16,0.3531,0.1177,0.3333,True,False,projection_like,attention_qkv_projection,recovered_from_ir,recovered_from_prov_fqn,recovered_from_ir,recovered_from_ir
smolvla,smolvla,175,matmul_217,backbone_once,model.vlm_with_expert.vlm.model.text_model.layers.14.self_attn.o_proj,matmul,False,none,113,960,960,1,104140800,216960,1843200,216960,bf16,0.1177,0.1177,1.0,True,False,wide_skinny,attention_output_projection,recovered_from_ir,recovered_from_prov_fqn,recovered_from_ir,recovered_from_ir
smolvla,smolvla,176,matmul_218,backbone_once,model.vlm_with_expert.vlm.model.text_model.layers.14.mlp.gate_proj,matmul,False,none,113,2560,960,1,277708800,216960,4915200,578560,bf16,0.0441,0.1177,2.6667,True,False,wide_skinny,mlp_projection,recovered_from_ir,recovered_from_prov_fqn,recovered_from_ir,recovered_from_ir
smolvla,smolvla,177,matmul_219,backbone_once,model.vlm_with_expert.vlm.model.text_model.layers.14.mlp.up_proj,matmul,False,none,113,2560,960,1,277708800,216960,4915200,578560,bf16,0.0441,0.1177,2.6667,True,False,wide_skinny,mlp_projection,recovered_from_ir,recovered_from_prov_fqn,recovered_from_ir,recovered_from_ir
smolvla,smolvla,178,matmul_220,backbone_once,model.vlm_with_expert.vlm.model.text_model.layers.14.mlp.down_proj,matmul,False,none,113,960,2560,1,277708800,578560,4915200,216960,bf16,0.1177,0.0441,0.375,True,False,wide_skinny,mlp_projection,recovered_from_ir,recovered_from_prov_fqn,recovered_from_ir,recovered_from_ir
smolvla,smolvla,179,matmul_221,backbone_once,model.vlm_with_expert.vlm.model.text_model.layers.15.self_attn.q_proj,matmul,False,none,113,960,960,1,104140800,216960,1843200,216960,bf16,0.1177,0.1177,1.0,True,False,wide_skinny,attention_qkv_projection,recovered_from_ir,recovered_from_prov_fqn,recovered_from_ir,recovered_from_ir
smolvla,smolvla,180,matmul_222,backbone_once,model.vlm_with_expert.vlm.model.text_model.layers.15.self_attn.k_proj,matmul,False,none,113,320,960,1,34713600,216960,614400,72320,bf16,0.3531,0.1177,0.3333,True,False,projection_like,attention_qkv_projection,recovered_from_ir,recovered_from_prov_fqn,recovered_from_ir,recovered_from_ir
smolvla,smolvla,181,matmul_223,backbone_once,model.vlm_with_expert.vlm.model.text_model.layers.15.self_attn.v_proj,matmul,False,none,113,320,960,1,34713600,216960,614400,72320,bf16,0.3531,0.1177,0.3333,True,False,projection_like,attention_qkv_projection,recovered_from_ir,recovered_from_prov_fqn,recovered_from_ir,recovered_from_ir
smolvla,smolvla,182,matmul_226,backbone_once,model.vlm_with_expert.vlm.model.text_model.layers.15.self_attn.o_proj,matmul,False,none,113,960,960,1,104140800,216960,1843200,216960,bf16,0.1177,0.1177,1.0,True,False,wide_skinny,attention_output_projection,recovered_from_ir,recovered_from_prov_fqn,recovered_from_ir,recovered_from_ir
smolvla,smolvla,183,matmul_227,backbone_once,model.vlm_with_expert.vlm.model.text_model.layers.15.mlp.gate_proj,matmul,False,none,113,2560,960,1,277708800,216960,4915200,578560,bf16,0.0441,0.1177,2.6667,True,False,wide_skinny,mlp_projection,recovered_from_ir,recovered_from_prov_fqn,recovered_from_ir,recovered_from_ir
smolvla,smolvla,184,matmul_228,backbone_once,model.vlm_with_expert.vlm.model.text_model.layers.15.mlp.up_proj,matmul,False,none,113,2560,960,1,277708800,216960,4915200,578560,bf16,0.0441,0.1177,2.6667,True,False,wide_skinny,mlp_projection,recovered_from_ir,recovered_from_prov_fqn,recovered_from_ir,recovered_from_ir
smolvla,smolvla,185,matmul_229,backbone_once,model.vlm_with_expert.vlm.model.text_model.layers.15.mlp.down_proj,matmul,False,none,113,960,2560,1,277708800,578560,4915200,216960,bf16,0.1177,0.0441,0.375,True,False,wide_skinny,mlp_projection,recovered_from_ir,recovered_from_prov_fqn,recovered_from_ir,recovered_from_ir
smolvla,smolvla,186,matmul_0,repeated_head,,matmul,False,none,50,720,32,1,1152000,6400,92160,144000,f32,0.0694,1.5625,22.5,True,False,wide_skinny,unknown,recovered_from_ir,recovered_from_prov_fqn,recovered_from_ir,recovered_from_ir
smolvla,smolvla,187,matmul_1,repeated_head,,matmul,False,none,50,720,1440,1,51840000,288000,4147200,144000,f32,0.0694,0.0347,0.5,True,False,wide_skinny,unknown,recovered_from_ir,recovered_from_prov_fqn,recovered_from_ir,recovered_from_ir
smolvla,smolvla,188,matmul_2,repeated_head,,matmul,False,none,50,720,720,1,25920000,144000,2073600,144000,f32,0.0694,0.0694,1.0,True,False,wide_skinny,unknown,recovered_from_ir,recovered_from_prov_fqn,recovered_from_ir,recovered_from_ir
smolvla,smolvla,189,matmul_3,repeated_head,,matmul,False,none,50,960,720,1,34560000,72000,1382400,96000,bf16,0.0521,0.0694,1.3333,True,False,wide_skinny,unknown,recovered_from_ir,recovered_from_prov_fqn,recovered_from_ir,recovered_from_ir
smolvla,smolvla,190,matmul_4,repeated_head,,matmul,False,none,50,320,720,1,11520000,72000,460800,32000,bf16,0.1562,0.0694,0.4444,True,False,wide_skinny,unknown,recovered_from_ir,recovered_from_prov_fqn,recovered_from_ir,recovered_from_ir
smolvla,smolvla,191,matmul_5,repeated_head,,matmul,False,none,50,320,720,1,11520000,72000,460800,32000,bf16,0.1562,0.0694,0.4444,True,False,wide_skinny,unknown,recovered_from_ir,recovered_from_prov_fqn,recovered_from_ir,recovered_from_ir
smolvla,smolvla,192,matmul_8,repeated_head,,matmul,False,none,50,720,960,1,34560000,96000,1382400,72000,bf16,0.0694,0.0521,0.75,True,False,wide_skinny,unknown,recovered_from_ir,recovered_from_prov_fqn,recovered_from_ir,recovered_from_ir
smolvla,smolvla,193,matmul_9,repeated_head,,matmul,False,none,50,2048,720,1,73728000,72000,2949120,204800,bf16,0.0244,0.0694,2.8444,True,False,wide_skinny,unknown,recovered_from_ir,recovered_from_prov_fqn,recovered_from_ir,recovered_from_ir
smolvla,smolvla,194,matmul_10,repeated_head,,matmul,False,none,50,2048,720,1,73728000,72000,2949120,204800,bf16,0.0244,0.0694,2.8444,True,False,wide_skinny,unknown,recovered_from_ir,recovered_from_prov_fqn,recovered_from_ir,recovered_from_ir
smolvla,smolvla,195,matmul_11,repeated_head,,matmul,False,none,50,720,2048,1,73728000,204800,2949120,72000,bf16,0.0694,0.0244,0.3516,True,False,wide_skinny,unknown,recovered_from_ir,recovered_from_prov_fqn,recovered_from_ir,recovered_from_ir
smolvla,smolvla,196,matmul_12,repeated_head,,matmul,False,none,50,960,720,1,34560000,72000,1382400,96000,bf16,0.0521,0.0694,1.3333,True,False,wide_skinny,unknown,recovered_from_ir,recovered_from_prov_fqn,recovered_from_ir,recovered_from_ir
smolvla,smolvla,197,matmul_13,repeated_head,,matmul,False,none,113,320,320,1,11571200,144640,409600,144640,f32,0.3531,0.3531,1.0,True,False,projection_like,unknown,recovered_from_ir,recovered_from_prov_fqn,recovered_from_ir,recovered_from_ir
smolvla,smolvla,198,matmul_14,repeated_head,,matmul,False,none,113,320,320,1,11571200,144640,409600,144640,f32,0.3531,0.3531,1.0,True,False,projection_like,unknown,recovered_from_ir,recovered_from_prov_fqn,recovered_from_ir,recovered_from_ir
smolvla,smolvla,199,matmul_17,repeated_head,,matmul,False,none,50,720,960,1,34560000,96000,1382400,72000,bf16,0.0694,0.0521,0.75,True,False,wide_skinny,unknown,recovered_from_ir,recovered_from_prov_fqn,recovered_from_ir,recovered_from_ir
smolvla,smolvla,200,matmul_18,repeated_head,,matmul,False,none,50,2048,720,1,73728000,72000,2949120,204800,bf16,0.0244,0.0694,2.8444,True,False,wide_skinny,unknown,recovered_from_ir,recovered_from_prov_fqn,recovered_from_ir,recovered_from_ir
smolvla,smolvla,201,matmul_19,repeated_head,,matmul,False,none,50,2048,720,1,73728000,72000,2949120,204800,bf16,0.0244,0.0694,2.8444,True,False,wide_skinny,unknown,recovered_from_ir,recovered_from_prov_fqn,recovered_from_ir,recovered_from_ir
smolvla,smolvla,202,matmul_20,repeated_head,,matmul,False,none,50,720,2048,1,73728000,204800,2949120,72000,bf16,0.0694,0.0244,0.3516,True,False,wide_skinny,unknown,recovered_from_ir,recovered_from_prov_fqn,recovered_from_ir,recovered_from_ir
smolvla,smolvla,203,matmul_21,repeated_head,,matmul,False,none,50,960,720,1,34560000,72000,1382400,96000,bf16,0.0521,0.0694,1.3333,True,False,wide_skinny,unknown,recovered_from_ir,recovered_from_prov_fqn,recovered_from_ir,recovered_from_ir
smolvla,smolvla,204,matmul_22,repeated_head,,matmul,False,none,50,320,720,1,11520000,72000,460800,32000,bf16,0.1562,0.0694,0.4444,True,False,wide_skinny,unknown,recovered_from_ir,recovered_from_prov_fqn,recovered_from_ir,recovered_from_ir
smolvla,smolvla,205,matmul_23,repeated_head,,matmul,False,none,50,320,720,1,11520000,72000,460800,32000,bf16,0.1562,0.0694,0.4444,True,False,wide_skinny,unknown,recovered_from_ir,recovered_from_prov_fqn,recovered_from_ir,recovered_from_ir
smolvla,smolvla,206,matmul_26,repeated_head,,matmul,False,none,50,720,960,1,34560000,96000,1382400,72000,bf16,0.0694,0.0521,0.75,True,False,wide_skinny,unknown,recovered_from_ir,recovered_from_prov_fqn,recovered_from_ir,recovered_from_ir
smolvla,smolvla,207,matmul_27,repeated_head,,matmul,False,none,50,2048,720,1,73728000,72000,2949120,204800,bf16,0.0244,0.0694,2.8444,True,False,wide_skinny,unknown,recovered_from_ir,recovered_from_prov_fqn,recovered_from_ir,recovered_from_ir
smolvla,smolvla,208,matmul_28,repeated_head,,matmul,False,none,50,2048,720,1,73728000,72000,2949120,204800,bf16,0.0244,0.0694,2.8444,True,False,wide_skinny,unknown,recovered_from_ir,recovered_from_prov_fqn,recovered_from_ir,recovered_from_ir
smolvla,smolvla,209,matmul_29,repeated_head,,matmul,False,none,50,720,2048,1,73728000,204800,2949120,72000,bf16,0.0694,0.0244,0.3516,True,False,wide_skinny,unknown,recovered_from_ir,recovered_from_prov_fqn,recovered_from_ir,recovered_from_ir
smolvla,smolvla,210,matmul_30,repeated_head,,matmul,False,none,50,960,720,1,34560000,72000,1382400,96000,bf16,0.0521,0.0694,1.3333,True,False,wide_skinny,unknown,recovered_from_ir,recovered_from_prov_fqn,recovered_from_ir,recovered_from_ir
smolvla,smolvla,211,matmul_31,repeated_head,,matmul,False,none,113,320,320,1,11571200,144640,409600,144640,f32,0.3531,0.3531,1.0,True,False,projection_like,unknown,recovered_from_ir,recovered_from_prov_fqn,recovered_from_ir,recovered_from_ir
smolvla,smolvla,212,matmul_32,repeated_head,,matmul,False,none,113,320,320,1,11571200,144640,409600,144640,f32,0.3531,0.3531,1.0,True,False,projection_like,unknown,recovered_from_ir,recovered_from_prov_fqn,recovered_from_ir,recovered_from_ir
smolvla,smolvla,213,matmul_35,repeated_head,,matmul,False,none,50,720,960,1,34560000,96000,1382400,72000,bf16,0.0694,0.0521,0.75,True,False,wide_skinny,unknown,recovered_from_ir,recovered_from_prov_fqn,recovered_from_ir,recovered_from_ir
smolvla,smolvla,214,matmul_36,repeated_head,,matmul,False,none,50,2048,720,1,73728000,72000,2949120,204800,bf16,0.0244,0.0694,2.8444,True,False,wide_skinny,unknown,recovered_from_ir,recovered_from_prov_fqn,recovered_from_ir,recovered_from_ir
smolvla,smolvla,215,matmul_37,repeated_head,,matmul,False,none,50,2048,720,1,73728000,72000,2949120,204800,bf16,0.0244,0.0694,2.8444,True,False,wide_skinny,unknown,recovered_from_ir,recovered_from_prov_fqn,recovered_from_ir,recovered_from_ir
smolvla,smolvla,216,matmul_38,repeated_head,,matmul,False,none,50,720,2048,1,73728000,204800,2949120,72000,bf16,0.0694,0.0244,0.3516,True,False,wide_skinny,unknown,recovered_from_ir,recovered_from_prov_fqn,recovered_from_ir,recovered_from_ir
smolvla,smolvla,217,matmul_39,repeated_head,,matmul,False,none,50,960,720,1,34560000,72000,1382400,96000,bf16,0.0521,0.0694,1.3333,True,False,wide_skinny,unknown,recovered_from_ir,recovered_from_prov_fqn,recovered_from_ir,recovered_from_ir
smolvla,smolvla,218,matmul_40,repeated_head,,matmul,False,none,50,320,720,1,11520000,72000,460800,32000,bf16,0.1562,0.0694,0.4444,True,False,wide_skinny,unknown,recovered_from_ir,recovered_from_prov_fqn,recovered_from_ir,recovered_from_ir
smolvla,smolvla,219,matmul_41,repeated_head,,matmul,False,none,50,320,720,1,11520000,72000,460800,32000,bf16,0.1562,0.0694,0.4444,True,False,wide_skinny,unknown,recovered_from_ir,recovered_from_prov_fqn,recovered_from_ir,recovered_from_ir
smolvla,smolvla,220,matmul_44,repeated_head,,matmul,False,none,50,720,960,1,34560000,96000,1382400,72000,bf16,0.0694,0.0521,0.75,True,False,wide_skinny,unknown,recovered_from_ir,recovered_from_prov_fqn,recovered_from_ir,recovered_from_ir
smolvla,smolvla,221,matmul_45,repeated_head,,matmul,False,none,50,2048,720,1,73728000,72000,2949120,204800,bf16,0.0244,0.0694,2.8444,True,False,wide_skinny,unknown,recovered_from_ir,recovered_from_prov_fqn,recovered_from_ir,recovered_from_ir
smolvla,smolvla,222,matmul_46,repeated_head,,matmul,False,none,50,2048,720,1,73728000,72000,2949120,204800,bf16,0.0244,0.0694,2.8444,True,False,wide_skinny,unknown,recovered_from_ir,recovered_from_prov_fqn,recovered_from_ir,recovered_from_ir
smolvla,smolvla,223,matmul_47,repeated_head,,matmul,False,none,50,720,2048,1,73728000,204800,2949120,72000,bf16,0.0694,0.0244,0.3516,True,False,wide_skinny,unknown,recovered_from_ir,recovered_from_prov_fqn,recovered_from_ir,recovered_from_ir
smolvla,smolvla,224,matmul_48,repeated_head,,matmul,False,none,50,960,720,1,34560000,72000,1382400,96000,bf16,0.0521,0.0694,1.3333,True,False,wide_skinny,unknown,recovered_from_ir,recovered_from_prov_fqn,recovered_from_ir,recovered_from_ir
smolvla,smolvla,225,matmul_49,repeated_head,,matmul,False,none,113,320,320,1,11571200,144640,409600,144640,f32,0.3531,0.3531,1.0,True,False,projection_like,unknown,recovered_from_ir,recovered_from_prov_fqn,recovered_from_ir,recovered_from_ir
smolvla,smolvla,226,matmul_50,repeated_head,,matmul,False,none,113,320,320,1,11571200,144640,409600,144640,f32,0.3531,0.3531,1.0,True,False,projection_like,unknown,recovered_from_ir,recovered_from_prov_fqn,recovered_from_ir,recovered_from_ir
smolvla,smolvla,227,matmul_53,repeated_head,,matmul,False,none,50,720,960,1,34560000,96000,1382400,72000,bf16,0.0694,0.0521,0.75,True,False,wide_skinny,unknown,recovered_from_ir,recovered_from_prov_fqn,recovered_from_ir,recovered_from_ir
smolvla,smolvla,228,matmul_54,repeated_head,,matmul,False,none,50,2048,720,1,73728000,72000,2949120,204800,bf16,0.0244,0.0694,2.8444,True,False,wide_skinny,unknown,recovered_from_ir,recovered_from_prov_fqn,recovered_from_ir,recovered_from_ir
smolvla,smolvla,229,matmul_55,repeated_head,,matmul,False,none,50,2048,720,1,73728000,72000,2949120,204800,bf16,0.0244,0.0694,2.8444,True,False,wide_skinny,unknown,recovered_from_ir,recovered_from_prov_fqn,recovered_from_ir,recovered_from_ir
smolvla,smolvla,230,matmul_56,repeated_head,,matmul,False,none,50,720,2048,1,73728000,204800,2949120,72000,bf16,0.0694,0.0244,0.3516,True,False,wide_skinny,unknown,recovered_from_ir,recovered_from_prov_fqn,recovered_from_ir,recovered_from_ir
smolvla,smolvla,231,matmul_57,repeated_head,,matmul,False,none,50,960,720,1,34560000,72000,1382400,96000,bf16,0.0521,0.0694,1.3333,True,False,wide_skinny,unknown,recovered_from_ir,recovered_from_prov_fqn,recovered_from_ir,recovered_from_ir
smolvla,smolvla,232,matmul_58,repeated_head,,matmul,False,none,50,320,720,1,11520000,72000,460800,32000,bf16,0.1562,0.0694,0.4444,True,False,wide_skinny,unknown,recovered_from_ir,recovered_from_prov_fqn,recovered_from_ir,recovered_from_ir
smolvla,smolvla,233,matmul_59,repeated_head,,matmul,False,none,50,320,720,1,11520000,72000,460800,32000,bf16,0.1562,0.0694,0.4444,True,False,wide_skinny,unknown,recovered_from_ir,recovered_from_prov_fqn,recovered_from_ir,recovered_from_ir
smolvla,smolvla,234,matmul_62,repeated_head,,matmul,False,none,50,720,960,1,34560000,96000,1382400,72000,bf16,0.0694,0.0521,0.75,True,False,wide_skinny,unknown,recovered_from_ir,recovered_from_prov_fqn,recovered_from_ir,recovered_from_ir
smolvla,smolvla,235,matmul_63,repeated_head,,matmul,False,none,50,2048,720,1,73728000,72000,2949120,204800,bf16,0.0244,0.0694,2.8444,True,False,wide_skinny,unknown,recovered_from_ir,recovered_from_prov_fqn,recovered_from_ir,recovered_from_ir
smolvla,smolvla,236,matmul_64,repeated_head,,matmul,False,none,50,2048,720,1,73728000,72000,2949120,204800,bf16,0.0244,0.0694,2.8444,True,False,wide_skinny,unknown,recovered_from_ir,recovered_from_prov_fqn,recovered_from_ir,recovered_from_ir
smolvla,smolvla,237,matmul_65,repeated_head,,matmul,False,none,50,720,2048,1,73728000,204800,2949120,72000,bf16,0.0694,0.0244,0.3516,True,False,wide_skinny,unknown,recovered_from_ir,recovered_from_prov_fqn,recovered_from_ir,recovered_from_ir
smolvla,smolvla,238,matmul_66,repeated_head,,matmul,False,none,50,960,720,1,34560000,72000,1382400,96000,bf16,0.0521,0.0694,1.3333,True,False,wide_skinny,unknown,recovered_from_ir,recovered_from_prov_fqn,recovered_from_ir,recovered_from_ir
smolvla,smolvla,239,matmul_67,repeated_head,,matmul,False,none,113,320,320,1,11571200,144640,409600,144640,f32,0.3531,0.3531,1.0,True,False,projection_like,unknown,recovered_from_ir,recovered_from_prov_fqn,recovered_from_ir,recovered_from_ir
smolvla,smolvla,240,matmul_68,repeated_head,,matmul,False,none,113,320,320,1,11571200,144640,409600,144640,f32,0.3531,0.3531,1.0,True,False,projection_like,unknown,recovered_from_ir,recovered_from_prov_fqn,recovered_from_ir,recovered_from_ir
smolvla,smolvla,241,matmul_71,repeated_head,,matmul,False,none,50,720,960,1,34560000,96000,1382400,72000,bf16,0.0694,0.0521,0.75,True,False,wide_skinny,unknown,recovered_from_ir,recovered_from_prov_fqn,recovered_from_ir,recovered_from_ir
smolvla,smolvla,242,matmul_72,repeated_head,,matmul,False,none,50,2048,720,1,73728000,72000,2949120,204800,bf16,0.0244,0.0694,2.8444,True,False,wide_skinny,unknown,recovered_from_ir,recovered_from_prov_fqn,recovered_from_ir,recovered_from_ir
smolvla,smolvla,243,matmul_73,repeated_head,,matmul,False,none,50,2048,720,1,73728000,72000,2949120,204800,bf16,0.0244,0.0694,2.8444,True,False,wide_skinny,unknown,recovered_from_ir,recovered_from_prov_fqn,recovered_from_ir,recovered_from_ir
smolvla,smolvla,244,matmul_74,repeated_head,,matmul,False,none,50,720,2048,1,73728000,204800,2949120,72000,bf16,0.0694,0.0244,0.3516,True,False,wide_skinny,unknown,recovered_from_ir,recovered_from_prov_fqn,recovered_from_ir,recovered_from_ir
smolvla,smolvla,245,matmul_75,repeated_head,,matmul,False,none,50,960,720,1,34560000,72000,1382400,96000,bf16,0.0521,0.0694,1.3333,True,False,wide_skinny,unknown,recovered_from_ir,recovered_from_prov_fqn,recovered_from_ir,recovered_from_ir
smolvla,smolvla,246,matmul_76,repeated_head,,matmul,False,none,50,320,720,1,11520000,72000,460800,32000,bf16,0.1562,0.0694,0.4444,True,False,wide_skinny,unknown,recovered_from_ir,recovered_from_prov_fqn,recovered_from_ir,recovered_from_ir
smolvla,smolvla,247,matmul_77,repeated_head,,matmul,False,none,50,320,720,1,11520000,72000,460800,32000,bf16,0.1562,0.0694,0.4444,True,False,wide_skinny,unknown,recovered_from_ir,recovered_from_prov_fqn,recovered_from_ir,recovered_from_ir
smolvla,smolvla,248,matmul_80,repeated_head,,matmul,False,none,50,720,960,1,34560000,96000,1382400,72000,bf16,0.0694,0.0521,0.75,True,False,wide_skinny,unknown,recovered_from_ir,recovered_from_prov_fqn,recovered_from_ir,recovered_from_ir
smolvla,smolvla,249,matmul_81,repeated_head,,matmul,False,none,50,2048,720,1,73728000,72000,2949120,204800,bf16,0.0244,0.0694,2.8444,True,False,wide_skinny,unknown,recovered_from_ir,recovered_from_prov_fqn,recovered_from_ir,recovered_from_ir
smolvla,smolvla,250,matmul_82,repeated_head,,matmul,False,none,50,2048,720,1,73728000,72000,2949120,204800,bf16,0.0244,0.0694,2.8444,True,False,wide_skinny,unknown,recovered_from_ir,recovered_from_prov_fqn,recovered_from_ir,recovered_from_ir
smolvla,smolvla,251,matmul_83,repeated_head,,matmul,False,none,50,720,2048,1,73728000,204800,2949120,72000,bf16,0.0694,0.0244,0.3516,True,False,wide_skinny,unknown,recovered_from_ir,recovered_from_prov_fqn,recovered_from_ir,recovered_from_ir
smolvla,smolvla,252,matmul_84,repeated_head,,matmul,False,none,50,960,720,1,34560000,72000,1382400,96000,bf16,0.0521,0.0694,1.3333,True,False,wide_skinny,unknown,recovered_from_ir,recovered_from_prov_fqn,recovered_from_ir,recovered_from_ir
smolvla,smolvla,253,matmul_85,repeated_head,,matmul,False,none,113,320,320,1,11571200,144640,409600,144640,f32,0.3531,0.3531,1.0,True,False,projection_like,unknown,recovered_from_ir,recovered_from_prov_fqn,recovered_from_ir,recovered_from_ir
smolvla,smolvla,254,matmul_86,repeated_head,,matmul,False,none,113,320,320,1,11571200,144640,409600,144640,f32,0.3531,0.3531,1.0,True,False,projection_like,unknown,recovered_from_ir,recovered_from_prov_fqn,recovered_from_ir,recovered_from_ir
smolvla,smolvla,255,matmul_89,repeated_head,,matmul,False,none,50,720,960,1,34560000,96000,1382400,72000,bf16,0.0694,0.0521,0.75,True,False,wide_skinny,unknown,recovered_from_ir,recovered_from_prov_fqn,recovered_from_ir,recovered_from_ir
smolvla,smolvla,256,matmul_90,repeated_head,,matmul,False,none,50,2048,720,1,73728000,72000,2949120,204800,bf16,0.0244,0.0694,2.8444,True,False,wide_skinny,unknown,recovered_from_ir,recovered_from_prov_fqn,recovered_from_ir,recovered_from_ir
smolvla,smolvla,257,matmul_91,repeated_head,,matmul,False,none,50,2048,720,1,73728000,72000,2949120,204800,bf16,0.0244,0.0694,2.8444,True,False,wide_skinny,unknown,recovered_from_ir,recovered_from_prov_fqn,recovered_from_ir,recovered_from_ir
smolvla,smolvla,258,matmul_92,repeated_head,,matmul,False,none,50,720,2048,1,73728000,204800,2949120,72000,bf16,0.0694,0.0244,0.3516,True,False,wide_skinny,unknown,recovered_from_ir,recovered_from_prov_fqn,recovered_from_ir,recovered_from_ir
smolvla,smolvla,259,matmul_93,repeated_head,,matmul,False,none,50,960,720,1,34560000,72000,1382400,96000,bf16,0.0521,0.0694,1.3333,True,False,wide_skinny,unknown,recovered_from_ir,recovered_from_prov_fqn,recovered_from_ir,recovered_from_ir
smolvla,smolvla,260,matmul_94,repeated_head,,matmul,False,none,50,320,720,1,11520000,72000,460800,32000,bf16,0.1562,0.0694,0.4444,True,False,wide_skinny,unknown,recovered_from_ir,recovered_from_prov_fqn,recovered_from_ir,recovered_from_ir
smolvla,smolvla,261,matmul_95,repeated_head,,matmul,False,none,50,320,720,1,11520000,72000,460800,32000,bf16,0.1562,0.0694,0.4444,True,False,wide_skinny,unknown,recovered_from_ir,recovered_from_prov_fqn,recovered_from_ir,recovered_from_ir
smolvla,smolvla,262,matmul_98,repeated_head,,matmul,False,none,50,720,960,1,34560000,96000,1382400,72000,bf16,0.0694,0.0521,0.75,True,False,wide_skinny,unknown,recovered_from_ir,recovered_from_prov_fqn,recovered_from_ir,recovered_from_ir
smolvla,smolvla,263,matmul_99,repeated_head,,matmul,False,none,50,2048,720,1,73728000,72000,2949120,204800,bf16,0.0244,0.0694,2.8444,True,False,wide_skinny,unknown,recovered_from_ir,recovered_from_prov_fqn,recovered_from_ir,recovered_from_ir
smolvla,smolvla,264,matmul_100,repeated_head,,matmul,False,none,50,2048,720,1,73728000,72000,2949120,204800,bf16,0.0244,0.0694,2.8444,True,False,wide_skinny,unknown,recovered_from_ir,recovered_from_prov_fqn,recovered_from_ir,recovered_from_ir
smolvla,smolvla,265,matmul_101,repeated_head,,matmul,False,none,50,720,2048,1,73728000,204800,2949120,72000,bf16,0.0694,0.0244,0.3516,True,False,wide_skinny,unknown,recovered_from_ir,recovered_from_prov_fqn,recovered_from_ir,recovered_from_ir
smolvla,smolvla,266,matmul_102,repeated_head,,matmul,False,none,50,960,720,1,34560000,72000,1382400,96000,bf16,0.0521,0.0694,1.3333,True,False,wide_skinny,unknown,recovered_from_ir,recovered_from_prov_fqn,recovered_from_ir,recovered_from_ir
smolvla,smolvla,267,matmul_103,repeated_head,,matmul,False,none,113,320,320,1,11571200,144640,409600,144640,f32,0.3531,0.3531,1.0,True,False,projection_like,unknown,recovered_from_ir,recovered_from_prov_fqn,recovered_from_ir,recovered_from_ir
smolvla,smolvla,268,matmul_104,repeated_head,,matmul,False,none,113,320,320,1,11571200,144640,409600,144640,f32,0.3531,0.3531,1.0,True,False,projection_like,unknown,recovered_from_ir,recovered_from_prov_fqn,recovered_from_ir,recovered_from_ir
smolvla,smolvla,269,matmul_107,repeated_head,,matmul,False,none,50,720,960,1,34560000,96000,1382400,72000,bf16,0.0694,0.0521,0.75,True,False,wide_skinny,unknown,recovered_from_ir,recovered_from_prov_fqn,recovered_from_ir,recovered_from_ir
smolvla,smolvla,270,matmul_108,repeated_head,,matmul,False,none,50,2048,720,1,73728000,72000,2949120,204800,bf16,0.0244,0.0694,2.8444,True,False,wide_skinny,unknown,recovered_from_ir,recovered_from_prov_fqn,recovered_from_ir,recovered_from_ir
smolvla,smolvla,271,matmul_109,repeated_head,,matmul,False,none,50,2048,720,1,73728000,72000,2949120,204800,bf16,0.0244,0.0694,2.8444,True,False,wide_skinny,unknown,recovered_from_ir,recovered_from_prov_fqn,recovered_from_ir,recovered_from_ir
smolvla,smolvla,272,matmul_110,repeated_head,,matmul,False,none,50,720,2048,1,73728000,204800,2949120,72000,bf16,0.0694,0.0244,0.3516,True,False,wide_skinny,unknown,recovered_from_ir,recovered_from_prov_fqn,recovered_from_ir,recovered_from_ir
smolvla,smolvla,273,matmul_111,repeated_head,,matmul,False,none,50,960,720,1,34560000,72000,1382400,96000,bf16,0.0521,0.0694,1.3333,True,False,wide_skinny,unknown,recovered_from_ir,recovered_from_prov_fqn,recovered_from_ir,recovered_from_ir
smolvla,smolvla,274,matmul_112,repeated_head,,matmul,False,none,50,320,720,1,11520000,72000,460800,32000,bf16,0.1562,0.0694,0.4444,True,False,wide_skinny,unknown,recovered_from_ir,recovered_from_prov_fqn,recovered_from_ir,recovered_from_ir
smolvla,smolvla,275,matmul_113,repeated_head,,matmul,False,none,50,320,720,1,11520000,72000,460800,32000,bf16,0.1562,0.0694,0.4444,True,False,wide_skinny,unknown,recovered_from_ir,recovered_from_prov_fqn,recovered_from_ir,recovered_from_ir
smolvla,smolvla,276,matmul_116,repeated_head,,matmul,False,none,50,720,960,1,34560000,96000,1382400,72000,bf16,0.0694,0.0521,0.75,True,False,wide_skinny,unknown,recovered_from_ir,recovered_from_prov_fqn,recovered_from_ir,recovered_from_ir
smolvla,smolvla,277,matmul_117,repeated_head,,matmul,False,none,50,2048,720,1,73728000,72000,2949120,204800,bf16,0.0244,0.0694,2.8444,True,False,wide_skinny,unknown,recovered_from_ir,recovered_from_prov_fqn,recovered_from_ir,recovered_from_ir
smolvla,smolvla,278,matmul_118,repeated_head,,matmul,False,none,50,2048,720,1,73728000,72000,2949120,204800,bf16,0.0244,0.0694,2.8444,True,False,wide_skinny,unknown,recovered_from_ir,recovered_from_prov_fqn,recovered_from_ir,recovered_from_ir
smolvla,smolvla,279,matmul_119,repeated_head,,matmul,False,none,50,720,2048,1,73728000,204800,2949120,72000,bf16,0.0694,0.0244,0.3516,True,False,wide_skinny,unknown,recovered_from_ir,recovered_from_prov_fqn,recovered_from_ir,recovered_from_ir
smolvla,smolvla,280,matmul_120,repeated_head,,matmul,False,none,50,960,720,1,34560000,72000,1382400,96000,bf16,0.0521,0.0694,1.3333,True,False,wide_skinny,unknown,recovered_from_ir,recovered_from_prov_fqn,recovered_from_ir,recovered_from_ir
smolvla,smolvla,281,matmul_121,repeated_head,,matmul,False,none,113,320,320,1,11571200,144640,409600,144640,f32,0.3531,0.3531,1.0,True,False,projection_like,unknown,recovered_from_ir,recovered_from_prov_fqn,recovered_from_ir,recovered_from_ir
smolvla,smolvla,282,matmul_122,repeated_head,,matmul,False,none,113,320,320,1,11571200,144640,409600,144640,f32,0.3531,0.3531,1.0,True,False,projection_like,unknown,recovered_from_ir,recovered_from_prov_fqn,recovered_from_ir,recovered_from_ir
smolvla,smolvla,283,matmul_125,repeated_head,,matmul,False,none,50,720,960,1,34560000,96000,1382400,72000,bf16,0.0694,0.0521,0.75,True,False,wide_skinny,unknown,recovered_from_ir,recovered_from_prov_fqn,recovered_from_ir,recovered_from_ir
smolvla,smolvla,284,matmul_126,repeated_head,,matmul,False,none,50,2048,720,1,73728000,72000,2949120,204800,bf16,0.0244,0.0694,2.8444,True,False,wide_skinny,unknown,recovered_from_ir,recovered_from_prov_fqn,recovered_from_ir,recovered_from_ir
smolvla,smolvla,285,matmul_127,repeated_head,,matmul,False,none,50,2048,720,1,73728000,72000,2949120,204800,bf16,0.0244,0.0694,2.8444,True,False,wide_skinny,unknown,recovered_from_ir,recovered_from_prov_fqn,recovered_from_ir,recovered_from_ir
smolvla,smolvla,286,matmul_128,repeated_head,,matmul,False,none,50,720,2048,1,73728000,204800,2949120,72000,bf16,0.0694,0.0244,0.3516,True,False,wide_skinny,unknown,recovered_from_ir,recovered_from_prov_fqn,recovered_from_ir,recovered_from_ir
smolvla,smolvla,287,matmul_129,repeated_head,,matmul,False,none,50,960,720,1,34560000,72000,1382400,96000,bf16,0.0521,0.0694,1.3333,True,False,wide_skinny,unknown,recovered_from_ir,recovered_from_prov_fqn,recovered_from_ir,recovered_from_ir
smolvla,smolvla,288,matmul_130,repeated_head,,matmul,False,none,50,320,720,1,11520000,72000,460800,32000,bf16,0.1562,0.0694,0.4444,True,False,wide_skinny,unknown,recovered_from_ir,recovered_from_prov_fqn,recovered_from_ir,recovered_from_ir
smolvla,smolvla,289,matmul_131,repeated_head,,matmul,False,none,50,320,720,1,11520000,72000,460800,32000,bf16,0.1562,0.0694,0.4444,True,False,wide_skinny,unknown,recovered_from_ir,recovered_from_prov_fqn,recovered_from_ir,recovered_from_ir
smolvla,smolvla,290,matmul_134,repeated_head,,matmul,False,none,50,720,960,1,34560000,96000,1382400,72000,bf16,0.0694,0.0521,0.75,True,False,wide_skinny,unknown,recovered_from_ir,recovered_from_prov_fqn,recovered_from_ir,recovered_from_ir
smolvla,smolvla,291,matmul_135,repeated_head,,matmul,False,none,50,2048,720,1,73728000,72000,2949120,204800,bf16,0.0244,0.0694,2.8444,True,False,wide_skinny,unknown,recovered_from_ir,recovered_from_prov_fqn,recovered_from_ir,recovered_from_ir
smolvla,smolvla,292,matmul_136,repeated_head,,matmul,False,none,50,2048,720,1,73728000,72000,2949120,204800,bf16,0.0244,0.0694,2.8444,True,False,wide_skinny,unknown,recovered_from_ir,recovered_from_prov_fqn,recovered_from_ir,recovered_from_ir
smolvla,smolvla,293,matmul_137,repeated_head,,matmul,False,none,50,720,2048,1,73728000,204800,2949120,72000,bf16,0.0694,0.0244,0.3516,True,False,wide_skinny,unknown,recovered_from_ir,recovered_from_prov_fqn,recovered_from_ir,recovered_from_ir
smolvla,smolvla,294,matmul_138,repeated_head,,matmul,False,none,50,960,720,1,34560000,72000,1382400,96000,bf16,0.0521,0.0694,1.3333,True,False,wide_skinny,unknown,recovered_from_ir,recovered_from_prov_fqn,recovered_from_ir,recovered_from_ir
smolvla,smolvla,295,matmul_139,repeated_head,,matmul,False,none,113,320,320,1,11571200,144640,409600,144640,f32,0.3531,0.3531,1.0,True,False,projection_like,unknown,recovered_from_ir,recovered_from_prov_fqn,recovered_from_ir,recovered_from_ir
smolvla,smolvla,296,matmul_140,repeated_head,,matmul,False,none,113,320,320,1,11571200,144640,409600,144640,f32,0.3531,0.3531,1.0,True,False,projection_like,unknown,recovered_from_ir,recovered_from_prov_fqn,recovered_from_ir,recovered_from_ir
smolvla,smolvla,297,matmul_143,repeated_head,,matmul,False,none,50,720,960,1,34560000,96000,1382400,72000,bf16,0.0694,0.0521,0.75,True,False,wide_skinny,unknown,recovered_from_ir,recovered_from_prov_fqn,recovered_from_ir,recovered_from_ir
smolvla,smolvla,298,matmul_144,repeated_head,,matmul,False,none,50,2048,720,1,73728000,72000,2949120,204800,bf16,0.0244,0.0694,2.8444,True,False,wide_skinny,unknown,recovered_from_ir,recovered_from_prov_fqn,recovered_from_ir,recovered_from_ir
smolvla,smolvla,299,matmul_145,repeated_head,,matmul,False,none,50,2048,720,1,73728000,72000,2949120,204800,bf16,0.0244,0.0694,2.8444,True,False,wide_skinny,unknown,recovered_from_ir,recovered_from_prov_fqn,recovered_from_ir,recovered_from_ir
smolvla,smolvla,300,matmul_146,repeated_head,,matmul,False,none,50,720,2048,1,73728000,204800,2949120,72000,bf16,0.0694,0.0244,0.3516,True,False,wide_skinny,unknown,recovered_from_ir,recovered_from_prov_fqn,recovered_from_ir,recovered_from_ir
smolvla,smolvla,301,matmul_147,repeated_head,,matmul,False,none,50,32,720,1,1152000,144000,92160,6400,f32,1.5625,0.0694,0.0444,True,False,squareish_gemm,unknown,recovered_from_ir,recovered_from_prov_fqn,recovered_from_ir,recovered_from_ir
pi05,pi05,0,matmul_0,backbone_once,model.paligemma_with_expert.paligemma.model.vision_tower.vision_model.encoder.layers.0.self_attn.q_proj,addmm,True,bias_addmm,256,1152,1152,1,339738624,1179648,5308416,1179648,f32,0.2222,0.2222,1.0,False,False,wide_skinny,attention_qkv_projection,recovered_from_ir,recovered_from_prov_fqn,recovered_from_ir,recovered_from_ir
pi05,pi05,1,matmul_1,backbone_once,model.paligemma_with_expert.paligemma.model.vision_tower.vision_model.encoder.layers.0.self_attn.k_proj,addmm,True,bias_addmm,256,1152,1152,1,339738624,1179648,5308416,1179648,f32,0.2222,0.2222,1.0,False,False,wide_skinny,attention_qkv_projection,recovered_from_ir,recovered_from_prov_fqn,recovered_from_ir,recovered_from_ir
pi05,pi05,2,matmul_2,backbone_once,model.paligemma_with_expert.paligemma.model.vision_tower.vision_model.encoder.layers.0.self_attn.v_proj,addmm,True,bias_addmm,256,1152,1152,1,339738624,1179648,5308416,1179648,f32,0.2222,0.2222,1.0,False,False,wide_skinny,attention_qkv_projection,recovered_from_ir,recovered_from_prov_fqn,recovered_from_ir,recovered_from_ir
pi05,pi05,3,matmul_5,backbone_once,model.paligemma_with_expert.paligemma.model.vision_tower.vision_model.encoder.layers.0.self_attn.out_proj,addmm,True,bias_addmm,256,1152,1152,1,339738624,1179648,5308416,1179648,f32,0.2222,0.2222,1.0,False,False,wide_skinny,attention_output_projection,recovered_from_ir,recovered_from_prov_fqn,recovered_from_ir,recovered_from_ir
pi05,pi05,4,matmul_6,backbone_once,model.paligemma_with_expert.paligemma.model.vision_tower.vision_model.encoder.layers.0.mlp.fc1,addmm,True,bias_addmm,256,4304,1152,1,1269301248,1179648,19832832,4407296,f32,0.0595,0.2222,3.7361,False,False,wide_skinny,mlp_projection,recovered_from_ir,recovered_from_prov_fqn,recovered_from_ir,recovered_from_ir
pi05,pi05,5,matmul_7,backbone_once,model.paligemma_with_expert.paligemma.model.vision_tower.vision_model.encoder.layers.0.mlp.fc2,addmm,True,bias_addmm,256,1152,4304,1,1269301248,4407296,19832832,1179648,f32,0.2222,0.0595,0.2677,False,False,wide_skinny,mlp_projection,recovered_from_ir,recovered_from_prov_fqn,recovered_from_ir,recovered_from_ir
pi05,pi05,6,matmul_8,backbone_once,model.paligemma_with_expert.paligemma.model.vision_tower.vision_model.encoder.layers.1.self_attn.q_proj,addmm,True,bias_addmm,256,1152,1152,1,339738624,1179648,5308416,1179648,f32,0.2222,0.2222,1.0,False,False,wide_skinny,attention_qkv_projection,recovered_from_ir,recovered_from_prov_fqn,recovered_from_ir,recovered_from_ir
pi05,pi05,7,matmul_9,backbone_once,model.paligemma_with_expert.paligemma.model.vision_tower.vision_model.encoder.layers.1.self_attn.k_proj,addmm,True,bias_addmm,256,1152,1152,1,339738624,1179648,5308416,1179648,f32,0.2222,0.2222,1.0,False,False,wide_skinny,attention_qkv_projection,recovered_from_ir,recovered_from_prov_fqn,recovered_from_ir,recovered_from_ir
pi05,pi05,8,matmul_10,backbone_once,model.paligemma_with_expert.paligemma.model.vision_tower.vision_model.encoder.layers.1.self_attn.v_proj,addmm,True,bias_addmm,256,1152,1152,1,339738624,1179648,5308416,1179648,f32,0.2222,0.2222,1.0,False,False,wide_skinny,attention_qkv_projection,recovered_from_ir,recovered_from_prov_fqn,recovered_from_ir,recovered_from_ir
pi05,pi05,9,matmul_13,backbone_once,model.paligemma_with_expert.paligemma.model.vision_tower.vision_model.encoder.layers.1.self_attn.out_proj,addmm,True,bias_addmm,256,1152,1152,1,339738624,1179648,5308416,1179648,f32,0.2222,0.2222,1.0,False,False,wide_skinny,attention_output_projection,recovered_from_ir,recovered_from_prov_fqn,recovered_from_ir,recovered_from_ir
pi05,pi05,10,matmul_14,backbone_once,model.paligemma_with_expert.paligemma.model.vision_tower.vision_model.encoder.layers.1.mlp.fc1,addmm,True,bias_addmm,256,4304,1152,1,1269301248,1179648,19832832,4407296,f32,0.0595,0.2222,3.7361,False,False,wide_skinny,mlp_projection,recovered_from_ir,recovered_from_prov_fqn,recovered_from_ir,recovered_from_ir
pi05,pi05,11,matmul_15,backbone_once,model.paligemma_with_expert.paligemma.model.vision_tower.vision_model.encoder.layers.1.mlp.fc2,addmm,True,bias_addmm,256,1152,4304,1,1269301248,4407296,19832832,1179648,f32,0.2222,0.0595,0.2677,False,False,wide_skinny,mlp_projection,recovered_from_ir,recovered_from_prov_fqn,recovered_from_ir,recovered_from_ir
pi05,pi05,12,matmul_16,backbone_once,model.paligemma_with_expert.paligemma.model.vision_tower.vision_model.encoder.layers.2.self_attn.q_proj,addmm,True,bias_addmm,256,1152,1152,1,339738624,1179648,5308416,1179648,f32,0.2222,0.2222,1.0,False,False,wide_skinny,attention_qkv_projection,recovered_from_ir,recovered_from_prov_fqn,recovered_from_ir,recovered_from_ir
pi05,pi05,13,matmul_17,backbone_once,model.paligemma_with_expert.paligemma.model.vision_tower.vision_model.encoder.layers.2.self_attn.k_proj,addmm,True,bias_addmm,256,1152,1152,1,339738624,1179648,5308416,1179648,f32,0.2222,0.2222,1.0,False,False,wide_skinny,attention_qkv_projection,recovered_from_ir,recovered_from_prov_fqn,recovered_from_ir,recovered_from_ir
pi05,pi05,14,matmul_18,backbone_once,model.paligemma_with_expert.paligemma.model.vision_tower.vision_model.encoder.layers.2.self_attn.v_proj,addmm,True,bias_addmm,256,1152,1152,1,339738624,1179648,5308416,1179648,f32,0.2222,0.2222,1.0,False,False,wide_skinny,attention_qkv_projection,recovered_from_ir,recovered_from_prov_fqn,recovered_from_ir,recovered_from_ir
pi05,pi05,15,matmul_21,backbone_once,model.paligemma_with_expert.paligemma.model.vision_tower.vision_model.encoder.layers.2.self_attn.out_proj,addmm,True,bias_addmm,256,1152,1152,1,339738624,1179648,5308416,1179648,f32,0.2222,0.2222,1.0,False,False,wide_skinny,attention_output_projection,recovered_from_ir,recovered_from_prov_fqn,recovered_from_ir,recovered_from_ir
pi05,pi05,16,matmul_22,backbone_once,model.paligemma_with_expert.paligemma.model.vision_tower.vision_model.encoder.layers.2.mlp.fc1,addmm,True,bias_addmm,256,4304,1152,1,1269301248,1179648,19832832,4407296,f32,0.0595,0.2222,3.7361,False,False,wide_skinny,mlp_projection,recovered_from_ir,recovered_from_prov_fqn,recovered_from_ir,recovered_from_ir
pi05,pi05,17,matmul_23,backbone_once,model.paligemma_with_expert.paligemma.model.vision_tower.vision_model.encoder.layers.2.mlp.fc2,addmm,True,bias_addmm,256,1152,4304,1,1269301248,4407296,19832832,1179648,f32,0.2222,0.0595,0.2677,False,False,wide_skinny,mlp_projection,recovered_from_ir,recovered_from_prov_fqn,recovered_from_ir,recovered_from_ir
pi05,pi05,18,matmul_24,backbone_once,model.paligemma_with_expert.paligemma.model.vision_tower.vision_model.encoder.layers.3.self_attn.q_proj,addmm,True,bias_addmm,256,1152,1152,1,339738624,1179648,5308416,1179648,f32,0.2222,0.2222,1.0,False,False,wide_skinny,attention_qkv_projection,recovered_from_ir,recovered_from_prov_fqn,recovered_from_ir,recovered_from_ir
pi05,pi05,19,matmul_25,backbone_once,model.paligemma_with_expert.paligemma.model.vision_tower.vision_model.encoder.layers.3.self_attn.k_proj,addmm,True,bias_addmm,256,1152,1152,1,339738624,1179648,5308416,1179648,f32,0.2222,0.2222,1.0,False,False,wide_skinny,attention_qkv_projection,recovered_from_ir,recovered_from_prov_fqn,recovered_from_ir,recovered_from_ir
pi05,pi05,20,matmul_26,backbone_once,model.paligemma_with_expert.paligemma.model.vision_tower.vision_model.encoder.layers.3.self_attn.v_proj,addmm,True,bias_addmm,256,1152,1152,1,339738624,1179648,5308416,1179648,f32,0.2222,0.2222,1.0,False,False,wide_skinny,attention_qkv_projection,recovered_from_ir,recovered_from_prov_fqn,recovered_from_ir,recovered_from_ir
pi05,pi05,21,matmul_29,backbone_once,model.paligemma_with_expert.paligemma.model.vision_tower.vision_model.encoder.layers.3.self_attn.out_proj,addmm,True,bias_addmm,256,1152,1152,1,339738624,1179648,5308416,1179648,f32,0.2222,0.2222,1.0,False,False,wide_skinny,attention_output_projection,recovered_from_ir,recovered_from_prov_fqn,recovered_from_ir,recovered_from_ir
pi05,pi05,22,matmul_30,backbone_once,model.paligemma_with_expert.paligemma.model.vision_tower.vision_model.encoder.layers.3.mlp.fc1,addmm,True,bias_addmm,256,4304,1152,1,1269301248,1179648,19832832,4407296,f32,0.0595,0.2222,3.7361,False,False,wide_skinny,mlp_projection,recovered_from_ir,recovered_from_prov_fqn,recovered_from_ir,recovered_from_ir
pi05,pi05,23,matmul_31,backbone_once,model.paligemma_with_expert.paligemma.model.vision_tower.vision_model.encoder.layers.3.mlp.fc2,addmm,True,bias_addmm,256,1152,4304,1,1269301248,4407296,19832832,1179648,f32,0.2222,0.0595,0.2677,False,False,wide_skinny,mlp_projection,recovered_from_ir,recovered_from_prov_fqn,recovered_from_ir,recovered_from_ir
pi05,pi05,24,matmul_32,backbone_once,model.paligemma_with_expert.paligemma.model.vision_tower.vision_model.encoder.layers.4.self_attn.q_proj,addmm,True,bias_addmm,256,1152,1152,1,339738624,1179648,5308416,1179648,f32,0.2222,0.2222,1.0,False,False,wide_skinny,attention_qkv_projection,recovered_from_ir,recovered_from_prov_fqn,recovered_from_ir,recovered_from_ir
pi05,pi05,25,matmul_33,backbone_once,model.paligemma_with_expert.paligemma.model.vision_tower.vision_model.encoder.layers.4.self_attn.k_proj,addmm,True,bias_addmm,256,1152,1152,1,339738624,1179648,5308416,1179648,f32,0.2222,0.2222,1.0,False,False,wide_skinny,attention_qkv_projection,recovered_from_ir,recovered_from_prov_fqn,recovered_from_ir,recovered_from_ir
pi05,pi05,26,matmul_34,backbone_once,model.paligemma_with_expert.paligemma.model.vision_tower.vision_model.encoder.layers.4.self_attn.v_proj,addmm,True,bias_addmm,256,1152,1152,1,339738624,1179648,5308416,1179648,f32,0.2222,0.2222,1.0,False,False,wide_skinny,attention_qkv_projection,recovered_from_ir,recovered_from_prov_fqn,recovered_from_ir,recovered_from_ir
pi05,pi05,27,matmul_37,backbone_once,model.paligemma_with_expert.paligemma.model.vision_tower.vision_model.encoder.layers.4.self_attn.out_proj,addmm,True,bias_addmm,256,1152,1152,1,339738624,1179648,5308416,1179648,f32,0.2222,0.2222,1.0,False,False,wide_skinny,attention_output_projection,recovered_from_ir,recovered_from_prov_fqn,recovered_from_ir,recovered_from_ir
pi05,pi05,28,matmul_38,backbone_once,model.paligemma_with_expert.paligemma.model.vision_tower.vision_model.encoder.layers.4.mlp.fc1,addmm,True,bias_addmm,256,4304,1152,1,1269301248,1179648,19832832,4407296,f32,0.0595,0.2222,3.7361,False,False,wide_skinny,mlp_projection,recovered_from_ir,recovered_from_prov_fqn,recovered_from_ir,recovered_from_ir
pi05,pi05,29,matmul_39,backbone_once,model.paligemma_with_expert.paligemma.model.vision_tower.vision_model.encoder.layers.4.mlp.fc2,addmm,True,bias_addmm,256,1152,4304,1,1269301248,4407296,19832832,1179648,f32,0.2222,0.0595,0.2677,False,False,wide_skinny,mlp_projection,recovered_from_ir,recovered_from_prov_fqn,recovered_from_ir,recovered_from_ir
pi05,pi05,30,matmul_40,backbone_once,model.paligemma_with_expert.paligemma.model.vision_tower.vision_model.encoder.layers.5.self_attn.q_proj,addmm,True,bias_addmm,256,1152,1152,1,339738624,1179648,5308416,1179648,f32,0.2222,0.2222,1.0,False,False,wide_skinny,attention_qkv_projection,recovered_from_ir,recovered_from_prov_fqn,recovered_from_ir,recovered_from_ir
pi05,pi05,31,matmul_41,backbone_once,model.paligemma_with_expert.paligemma.model.vision_tower.vision_model.encoder.layers.5.self_attn.k_proj,addmm,True,bias_addmm,256,1152,1152,1,339738624,1179648,5308416,1179648,f32,0.2222,0.2222,1.0,False,False,wide_skinny,attention_qkv_projection,recovered_from_ir,recovered_from_prov_fqn,recovered_from_ir,recovered_from_ir
pi05,pi05,32,matmul_42,backbone_once,model.paligemma_with_expert.paligemma.model.vision_tower.vision_model.encoder.layers.5.self_attn.v_proj,addmm,True,bias_addmm,256,1152,1152,1,339738624,1179648,5308416,1179648,f32,0.2222,0.2222,1.0,False,False,wide_skinny,attention_qkv_projection,recovered_from_ir,recovered_from_prov_fqn,recovered_from_ir,recovered_from_ir
pi05,pi05,33,matmul_45,backbone_once,model.paligemma_with_expert.paligemma.model.vision_tower.vision_model.encoder.layers.5.self_attn.out_proj,addmm,True,bias_addmm,256,1152,1152,1,339738624,1179648,5308416,1179648,f32,0.2222,0.2222,1.0,False,False,wide_skinny,attention_output_projection,recovered_from_ir,recovered_from_prov_fqn,recovered_from_ir,recovered_from_ir
pi05,pi05,34,matmul_46,backbone_once,model.paligemma_with_expert.paligemma.model.vision_tower.vision_model.encoder.layers.5.mlp.fc1,addmm,True,bias_addmm,256,4304,1152,1,1269301248,1179648,19832832,4407296,f32,0.0595,0.2222,3.7361,False,False,wide_skinny,mlp_projection,recovered_from_ir,recovered_from_prov_fqn,recovered_from_ir,recovered_from_ir
pi05,pi05,35,matmul_47,backbone_once,model.paligemma_with_expert.paligemma.model.vision_tower.vision_model.encoder.layers.5.mlp.fc2,addmm,True,bias_addmm,256,1152,4304,1,1269301248,4407296,19832832,1179648,f32,0.2222,0.0595,0.2677,False,False,wide_skinny,mlp_projection,recovered_from_ir,recovered_from_prov_fqn,recovered_from_ir,recovered_from_ir
pi05,pi05,36,matmul_48,backbone_once,model.paligemma_with_expert.paligemma.model.vision_tower.vision_model.encoder.layers.6.self_attn.q_proj,addmm,True,bias_addmm,256,1152,1152,1,339738624,1179648,5308416,1179648,f32,0.2222,0.2222,1.0,False,False,wide_skinny,attention_qkv_projection,recovered_from_ir,recovered_from_prov_fqn,recovered_from_ir,recovered_from_ir
pi05,pi05,37,matmul_49,backbone_once,model.paligemma_with_expert.paligemma.model.vision_tower.vision_model.encoder.layers.6.self_attn.k_proj,addmm,True,bias_addmm,256,1152,1152,1,339738624,1179648,5308416,1179648,f32,0.2222,0.2222,1.0,False,False,wide_skinny,attention_qkv_projection,recovered_from_ir,recovered_from_prov_fqn,recovered_from_ir,recovered_from_ir
pi05,pi05,38,matmul_50,backbone_once,model.paligemma_with_expert.paligemma.model.vision_tower.vision_model.encoder.layers.6.self_attn.v_proj,addmm,True,bias_addmm,256,1152,1152,1,339738624,1179648,5308416,1179648,f32,0.2222,0.2222,1.0,False,False,wide_skinny,attention_qkv_projection,recovered_from_ir,recovered_from_prov_fqn,recovered_from_ir,recovered_from_ir
pi05,pi05,39,matmul_53,backbone_once,model.paligemma_with_expert.paligemma.model.vision_tower.vision_model.encoder.layers.6.self_attn.out_proj,addmm,True,bias_addmm,256,1152,1152,1,339738624,1179648,5308416,1179648,f32,0.2222,0.2222,1.0,False,False,wide_skinny,attention_output_projection,recovered_from_ir,recovered_from_prov_fqn,recovered_from_ir,recovered_from_ir
pi05,pi05,40,matmul_54,backbone_once,model.paligemma_with_expert.paligemma.model.vision_tower.vision_model.encoder.layers.6.mlp.fc1,addmm,True,bias_addmm,256,4304,1152,1,1269301248,1179648,19832832,4407296,f32,0.0595,0.2222,3.7361,False,False,wide_skinny,mlp_projection,recovered_from_ir,recovered_from_prov_fqn,recovered_from_ir,recovered_from_ir
pi05,pi05,41,matmul_55,backbone_once,model.paligemma_with_expert.paligemma.model.vision_tower.vision_model.encoder.layers.6.mlp.fc2,addmm,True,bias_addmm,256,1152,4304,1,1269301248,4407296,19832832,1179648,f32,0.2222,0.0595,0.2677,False,False,wide_skinny,mlp_projection,recovered_from_ir,recovered_from_prov_fqn,recovered_from_ir,recovered_from_ir
pi05,pi05,42,matmul_56,backbone_once,model.paligemma_with_expert.paligemma.model.vision_tower.vision_model.encoder.layers.7.self_attn.q_proj,addmm,True,bias_addmm,256,1152,1152,1,339738624,1179648,5308416,1179648,f32,0.2222,0.2222,1.0,False,False,wide_skinny,attention_qkv_projection,recovered_from_ir,recovered_from_prov_fqn,recovered_from_ir,recovered_from_ir
pi05,pi05,43,matmul_57,backbone_once,model.paligemma_with_expert.paligemma.model.vision_tower.vision_model.encoder.layers.7.self_attn.k_proj,addmm,True,bias_addmm,256,1152,1152,1,339738624,1179648,5308416,1179648,f32,0.2222,0.2222,1.0,False,False,wide_skinny,attention_qkv_projection,recovered_from_ir,recovered_from_prov_fqn,recovered_from_ir,recovered_from_ir
pi05,pi05,44,matmul_58,backbone_once,model.paligemma_with_expert.paligemma.model.vision_tower.vision_model.encoder.layers.7.self_attn.v_proj,addmm,True,bias_addmm,256,1152,1152,1,339738624,1179648,5308416,1179648,f32,0.2222,0.2222,1.0,False,False,wide_skinny,attention_qkv_projection,recovered_from_ir,recovered_from_prov_fqn,recovered_from_ir,recovered_from_ir
pi05,pi05,45,matmul_61,backbone_once,model.paligemma_with_expert.paligemma.model.vision_tower.vision_model.encoder.layers.7.self_attn.out_proj,addmm,True,bias_addmm,256,1152,1152,1,339738624,1179648,5308416,1179648,f32,0.2222,0.2222,1.0,False,False,wide_skinny,attention_output_projection,recovered_from_ir,recovered_from_prov_fqn,recovered_from_ir,recovered_from_ir
pi05,pi05,46,matmul_62,backbone_once,model.paligemma_with_expert.paligemma.model.vision_tower.vision_model.encoder.layers.7.mlp.fc1,addmm,True,bias_addmm,256,4304,1152,1,1269301248,1179648,19832832,4407296,f32,0.0595,0.2222,3.7361,False,False,wide_skinny,mlp_projection,recovered_from_ir,recovered_from_prov_fqn,recovered_from_ir,recovered_from_ir
pi05,pi05,47,matmul_63,backbone_once,model.paligemma_with_expert.paligemma.model.vision_tower.vision_model.encoder.layers.7.mlp.fc2,addmm,True,bias_addmm,256,1152,4304,1,1269301248,4407296,19832832,1179648,f32,0.2222,0.0595,0.2677,False,False,wide_skinny,mlp_projection,recovered_from_ir,recovered_from_prov_fqn,recovered_from_ir,recovered_from_ir
pi05,pi05,48,matmul_64,backbone_once,model.paligemma_with_expert.paligemma.model.vision_tower.vision_model.encoder.layers.8.self_attn.q_proj,addmm,True,bias_addmm,256,1152,1152,1,339738624,1179648,5308416,1179648,f32,0.2222,0.2222,1.0,False,False,wide_skinny,attention_qkv_projection,recovered_from_ir,recovered_from_prov_fqn,recovered_from_ir,recovered_from_ir
pi05,pi05,49,matmul_65,backbone_once,model.paligemma_with_expert.paligemma.model.vision_tower.vision_model.encoder.layers.8.self_attn.k_proj,addmm,True,bias_addmm,256,1152,1152,1,339738624,1179648,5308416,1179648,f32,0.2222,0.2222,1.0,False,False,wide_skinny,attention_qkv_projection,recovered_from_ir,recovered_from_prov_fqn,recovered_from_ir,recovered_from_ir
pi05,pi05,50,matmul_66,backbone_once,model.paligemma_with_expert.paligemma.model.vision_tower.vision_model.encoder.layers.8.self_attn.v_proj,addmm,True,bias_addmm,256,1152,1152,1,339738624,1179648,5308416,1179648,f32,0.2222,0.2222,1.0,False,False,wide_skinny,attention_qkv_projection,recovered_from_ir,recovered_from_prov_fqn,recovered_from_ir,recovered_from_ir
pi05,pi05,51,matmul_69,backbone_once,model.paligemma_with_expert.paligemma.model.vision_tower.vision_model.encoder.layers.8.self_attn.out_proj,addmm,True,bias_addmm,256,1152,1152,1,339738624,1179648,5308416,1179648,f32,0.2222,0.2222,1.0,False,False,wide_skinny,attention_output_projection,recovered_from_ir,recovered_from_prov_fqn,recovered_from_ir,recovered_from_ir
pi05,pi05,52,matmul_70,backbone_once,model.paligemma_with_expert.paligemma.model.vision_tower.vision_model.encoder.layers.8.mlp.fc1,addmm,True,bias_addmm,256,4304,1152,1,1269301248,1179648,19832832,4407296,f32,0.0595,0.2222,3.7361,False,False,wide_skinny,mlp_projection,recovered_from_ir,recovered_from_prov_fqn,recovered_from_ir,recovered_from_ir
pi05,pi05,53,matmul_71,backbone_once,model.paligemma_with_expert.paligemma.model.vision_tower.vision_model.encoder.layers.8.mlp.fc2,addmm,True,bias_addmm,256,1152,4304,1,1269301248,4407296,19832832,1179648,f32,0.2222,0.0595,0.2677,False,False,wide_skinny,mlp_projection,recovered_from_ir,recovered_from_prov_fqn,recovered_from_ir,recovered_from_ir
pi05,pi05,54,matmul_72,backbone_once,model.paligemma_with_expert.paligemma.model.vision_tower.vision_model.encoder.layers.9.self_attn.q_proj,addmm,True,bias_addmm,256,1152,1152,1,339738624,1179648,5308416,1179648,f32,0.2222,0.2222,1.0,False,False,wide_skinny,attention_qkv_projection,recovered_from_ir,recovered_from_prov_fqn,recovered_from_ir,recovered_from_ir
pi05,pi05,55,matmul_73,backbone_once,model.paligemma_with_expert.paligemma.model.vision_tower.vision_model.encoder.layers.9.self_attn.k_proj,addmm,True,bias_addmm,256,1152,1152,1,339738624,1179648,5308416,1179648,f32,0.2222,0.2222,1.0,False,False,wide_skinny,attention_qkv_projection,recovered_from_ir,recovered_from_prov_fqn,recovered_from_ir,recovered_from_ir
pi05,pi05,56,matmul_74,backbone_once,model.paligemma_with_expert.paligemma.model.vision_tower.vision_model.encoder.layers.9.self_attn.v_proj,addmm,True,bias_addmm,256,1152,1152,1,339738624,1179648,5308416,1179648,f32,0.2222,0.2222,1.0,False,False,wide_skinny,attention_qkv_projection,recovered_from_ir,recovered_from_prov_fqn,recovered_from_ir,recovered_from_ir
pi05,pi05,57,matmul_77,backbone_once,model.paligemma_with_expert.paligemma.model.vision_tower.vision_model.encoder.layers.9.self_attn.out_proj,addmm,True,bias_addmm,256,1152,1152,1,339738624,1179648,5308416,1179648,f32,0.2222,0.2222,1.0,False,False,wide_skinny,attention_output_projection,recovered_from_ir,recovered_from_prov_fqn,recovered_from_ir,recovered_from_ir
pi05,pi05,58,matmul_78,backbone_once,model.paligemma_with_expert.paligemma.model.vision_tower.vision_model.encoder.layers.9.mlp.fc1,addmm,True,bias_addmm,256,4304,1152,1,1269301248,1179648,19832832,4407296,f32,0.0595,0.2222,3.7361,False,False,wide_skinny,mlp_projection,recovered_from_ir,recovered_from_prov_fqn,recovered_from_ir,recovered_from_ir
pi05,pi05,59,matmul_79,backbone_once,model.paligemma_with_expert.paligemma.model.vision_tower.vision_model.encoder.layers.9.mlp.fc2,addmm,True,bias_addmm,256,1152,4304,1,1269301248,4407296,19832832,1179648,f32,0.2222,0.0595,0.2677,False,False,wide_skinny,mlp_projection,recovered_from_ir,recovered_from_prov_fqn,recovered_from_ir,recovered_from_ir
pi05,pi05,60,matmul_80,backbone_once,model.paligemma_with_expert.paligemma.model.vision_tower.vision_model.encoder.layers.10.self_attn.q_proj,addmm,True,bias_addmm,256,1152,1152,1,339738624,1179648,5308416,1179648,f32,0.2222,0.2222,1.0,False,False,wide_skinny,attention_qkv_projection,recovered_from_ir,recovered_from_prov_fqn,recovered_from_ir,recovered_from_ir
pi05,pi05,61,matmul_81,backbone_once,model.paligemma_with_expert.paligemma.model.vision_tower.vision_model.encoder.layers.10.self_attn.k_proj,addmm,True,bias_addmm,256,1152,1152,1,339738624,1179648,5308416,1179648,f32,0.2222,0.2222,1.0,False,False,wide_skinny,attention_qkv_projection,recovered_from_ir,recovered_from_prov_fqn,recovered_from_ir,recovered_from_ir
pi05,pi05,62,matmul_82,backbone_once,model.paligemma_with_expert.paligemma.model.vision_tower.vision_model.encoder.layers.10.self_attn.v_proj,addmm,True,bias_addmm,256,1152,1152,1,339738624,1179648,5308416,1179648,f32,0.2222,0.2222,1.0,False,False,wide_skinny,attention_qkv_projection,recovered_from_ir,recovered_from_prov_fqn,recovered_from_ir,recovered_from_ir
pi05,pi05,63,matmul_85,backbone_once,model.paligemma_with_expert.paligemma.model.vision_tower.vision_model.encoder.layers.10.self_attn.out_proj,addmm,True,bias_addmm,256,1152,1152,1,339738624,1179648,5308416,1179648,f32,0.2222,0.2222,1.0,False,False,wide_skinny,attention_output_projection,recovered_from_ir,recovered_from_prov_fqn,recovered_from_ir,recovered_from_ir
pi05,pi05,64,matmul_86,backbone_once,model.paligemma_with_expert.paligemma.model.vision_tower.vision_model.encoder.layers.10.mlp.fc1,addmm,True,bias_addmm,256,4304,1152,1,1269301248,1179648,19832832,4407296,f32,0.0595,0.2222,3.7361,False,False,wide_skinny,mlp_projection,recovered_from_ir,recovered_from_prov_fqn,recovered_from_ir,recovered_from_ir
pi05,pi05,65,matmul_87,backbone_once,model.paligemma_with_expert.paligemma.model.vision_tower.vision_model.encoder.layers.10.mlp.fc2,addmm,True,bias_addmm,256,1152,4304,1,1269301248,4407296,19832832,1179648,f32,0.2222,0.0595,0.2677,False,False,wide_skinny,mlp_projection,recovered_from_ir,recovered_from_prov_fqn,recovered_from_ir,recovered_from_ir
pi05,pi05,66,matmul_88,backbone_once,model.paligemma_with_expert.paligemma.model.vision_tower.vision_model.encoder.layers.11.self_attn.q_proj,addmm,True,bias_addmm,256,1152,1152,1,339738624,1179648,5308416,1179648,f32,0.2222,0.2222,1.0,False,False,wide_skinny,attention_qkv_projection,recovered_from_ir,recovered_from_prov_fqn,recovered_from_ir,recovered_from_ir
pi05,pi05,67,matmul_89,backbone_once,model.paligemma_with_expert.paligemma.model.vision_tower.vision_model.encoder.layers.11.self_attn.k_proj,addmm,True,bias_addmm,256,1152,1152,1,339738624,1179648,5308416,1179648,f32,0.2222,0.2222,1.0,False,False,wide_skinny,attention_qkv_projection,recovered_from_ir,recovered_from_prov_fqn,recovered_from_ir,recovered_from_ir
pi05,pi05,68,matmul_90,backbone_once,model.paligemma_with_expert.paligemma.model.vision_tower.vision_model.encoder.layers.11.self_attn.v_proj,addmm,True,bias_addmm,256,1152,1152,1,339738624,1179648,5308416,1179648,f32,0.2222,0.2222,1.0,False,False,wide_skinny,attention_qkv_projection,recovered_from_ir,recovered_from_prov_fqn,recovered_from_ir,recovered_from_ir
pi05,pi05,69,matmul_93,backbone_once,model.paligemma_with_expert.paligemma.model.vision_tower.vision_model.encoder.layers.11.self_attn.out_proj,addmm,True,bias_addmm,256,1152,1152,1,339738624,1179648,5308416,1179648,f32,0.2222,0.2222,1.0,False,False,wide_skinny,attention_output_projection,recovered_from_ir,recovered_from_prov_fqn,recovered_from_ir,recovered_from_ir
pi05,pi05,70,matmul_94,backbone_once,model.paligemma_with_expert.paligemma.model.vision_tower.vision_model.encoder.layers.11.mlp.fc1,addmm,True,bias_addmm,256,4304,1152,1,1269301248,1179648,19832832,4407296,f32,0.0595,0.2222,3.7361,False,False,wide_skinny,mlp_projection,recovered_from_ir,recovered_from_prov_fqn,recovered_from_ir,recovered_from_ir
pi05,pi05,71,matmul_95,backbone_once,model.paligemma_with_expert.paligemma.model.vision_tower.vision_model.encoder.layers.11.mlp.fc2,addmm,True,bias_addmm,256,1152,4304,1,1269301248,4407296,19832832,1179648,f32,0.2222,0.0595,0.2677,False,False,wide_skinny,mlp_projection,recovered_from_ir,recovered_from_prov_fqn,recovered_from_ir,recovered_from_ir
pi05,pi05,72,matmul_96,backbone_once,model.paligemma_with_expert.paligemma.model.vision_tower.vision_model.encoder.layers.12.self_attn.q_proj,addmm,True,bias_addmm,256,1152,1152,1,339738624,1179648,5308416,1179648,f32,0.2222,0.2222,1.0,False,False,wide_skinny,attention_qkv_projection,recovered_from_ir,recovered_from_prov_fqn,recovered_from_ir,recovered_from_ir
pi05,pi05,73,matmul_97,backbone_once,model.paligemma_with_expert.paligemma.model.vision_tower.vision_model.encoder.layers.12.self_attn.k_proj,addmm,True,bias_addmm,256,1152,1152,1,339738624,1179648,5308416,1179648,f32,0.2222,0.2222,1.0,False,False,wide_skinny,attention_qkv_projection,recovered_from_ir,recovered_from_prov_fqn,recovered_from_ir,recovered_from_ir
pi05,pi05,74,matmul_98,backbone_once,model.paligemma_with_expert.paligemma.model.vision_tower.vision_model.encoder.layers.12.self_attn.v_proj,addmm,True,bias_addmm,256,1152,1152,1,339738624,1179648,5308416,1179648,f32,0.2222,0.2222,1.0,False,False,wide_skinny,attention_qkv_projection,recovered_from_ir,recovered_from_prov_fqn,recovered_from_ir,recovered_from_ir
pi05,pi05,75,matmul_101,backbone_once,model.paligemma_with_expert.paligemma.model.vision_tower.vision_model.encoder.layers.12.self_attn.out_proj,addmm,True,bias_addmm,256,1152,1152,1,339738624,1179648,5308416,1179648,f32,0.2222,0.2222,1.0,False,False,wide_skinny,attention_output_projection,recovered_from_ir,recovered_from_prov_fqn,recovered_from_ir,recovered_from_ir
pi05,pi05,76,matmul_102,backbone_once,model.paligemma_with_expert.paligemma.model.vision_tower.vision_model.encoder.layers.12.mlp.fc1,addmm,True,bias_addmm,256,4304,1152,1,1269301248,1179648,19832832,4407296,f32,0.0595,0.2222,3.7361,False,False,wide_skinny,mlp_projection,recovered_from_ir,recovered_from_prov_fqn,recovered_from_ir,recovered_from_ir
pi05,pi05,77,matmul_103,backbone_once,model.paligemma_with_expert.paligemma.model.vision_tower.vision_model.encoder.layers.12.mlp.fc2,addmm,True,bias_addmm,256,1152,4304,1,1269301248,4407296,19832832,1179648,f32,0.2222,0.0595,0.2677,False,False,wide_skinny,mlp_projection,recovered_from_ir,recovered_from_prov_fqn,recovered_from_ir,recovered_from_ir
pi05,pi05,78,matmul_104,backbone_once,model.paligemma_with_expert.paligemma.model.vision_tower.vision_model.encoder.layers.13.self_attn.q_proj,addmm,True,bias_addmm,256,1152,1152,1,339738624,1179648,5308416,1179648,f32,0.2222,0.2222,1.0,False,False,wide_skinny,attention_qkv_projection,recovered_from_ir,recovered_from_prov_fqn,recovered_from_ir,recovered_from_ir
pi05,pi05,79,matmul_105,backbone_once,model.paligemma_with_expert.paligemma.model.vision_tower.vision_model.encoder.layers.13.self_attn.k_proj,addmm,True,bias_addmm,256,1152,1152,1,339738624,1179648,5308416,1179648,f32,0.2222,0.2222,1.0,False,False,wide_skinny,attention_qkv_projection,recovered_from_ir,recovered_from_prov_fqn,recovered_from_ir,recovered_from_ir
pi05,pi05,80,matmul_106,backbone_once,model.paligemma_with_expert.paligemma.model.vision_tower.vision_model.encoder.layers.13.self_attn.v_proj,addmm,True,bias_addmm,256,1152,1152,1,339738624,1179648,5308416,1179648,f32,0.2222,0.2222,1.0,False,False,wide_skinny,attention_qkv_projection,recovered_from_ir,recovered_from_prov_fqn,recovered_from_ir,recovered_from_ir
pi05,pi05,81,matmul_109,backbone_once,model.paligemma_with_expert.paligemma.model.vision_tower.vision_model.encoder.layers.13.self_attn.out_proj,addmm,True,bias_addmm,256,1152,1152,1,339738624,1179648,5308416,1179648,f32,0.2222,0.2222,1.0,False,False,wide_skinny,attention_output_projection,recovered_from_ir,recovered_from_prov_fqn,recovered_from_ir,recovered_from_ir
pi05,pi05,82,matmul_110,backbone_once,model.paligemma_with_expert.paligemma.model.vision_tower.vision_model.encoder.layers.13.mlp.fc1,addmm,True,bias_addmm,256,4304,1152,1,1269301248,1179648,19832832,4407296,f32,0.0595,0.2222,3.7361,False,False,wide_skinny,mlp_projection,recovered_from_ir,recovered_from_prov_fqn,recovered_from_ir,recovered_from_ir
pi05,pi05,83,matmul_111,backbone_once,model.paligemma_with_expert.paligemma.model.vision_tower.vision_model.encoder.layers.13.mlp.fc2,addmm,True,bias_addmm,256,1152,4304,1,1269301248,4407296,19832832,1179648,f32,0.2222,0.0595,0.2677,False,False,wide_skinny,mlp_projection,recovered_from_ir,recovered_from_prov_fqn,recovered_from_ir,recovered_from_ir
pi05,pi05,84,matmul_112,backbone_once,model.paligemma_with_expert.paligemma.model.vision_tower.vision_model.encoder.layers.14.self_attn.q_proj,addmm,True,bias_addmm,256,1152,1152,1,339738624,1179648,5308416,1179648,f32,0.2222,0.2222,1.0,False,False,wide_skinny,attention_qkv_projection,recovered_from_ir,recovered_from_prov_fqn,recovered_from_ir,recovered_from_ir
pi05,pi05,85,matmul_113,backbone_once,model.paligemma_with_expert.paligemma.model.vision_tower.vision_model.encoder.layers.14.self_attn.k_proj,addmm,True,bias_addmm,256,1152,1152,1,339738624,1179648,5308416,1179648,f32,0.2222,0.2222,1.0,False,False,wide_skinny,attention_qkv_projection,recovered_from_ir,recovered_from_prov_fqn,recovered_from_ir,recovered_from_ir
pi05,pi05,86,matmul_114,backbone_once,model.paligemma_with_expert.paligemma.model.vision_tower.vision_model.encoder.layers.14.self_attn.v_proj,addmm,True,bias_addmm,256,1152,1152,1,339738624,1179648,5308416,1179648,f32,0.2222,0.2222,1.0,False,False,wide_skinny,attention_qkv_projection,recovered_from_ir,recovered_from_prov_fqn,recovered_from_ir,recovered_from_ir
pi05,pi05,87,matmul_117,backbone_once,model.paligemma_with_expert.paligemma.model.vision_tower.vision_model.encoder.layers.14.self_attn.out_proj,addmm,True,bias_addmm,256,1152,1152,1,339738624,1179648,5308416,1179648,f32,0.2222,0.2222,1.0,False,False,wide_skinny,attention_output_projection,recovered_from_ir,recovered_from_prov_fqn,recovered_from_ir,recovered_from_ir
pi05,pi05,88,matmul_118,backbone_once,model.paligemma_with_expert.paligemma.model.vision_tower.vision_model.encoder.layers.14.mlp.fc1,addmm,True,bias_addmm,256,4304,1152,1,1269301248,1179648,19832832,4407296,f32,0.0595,0.2222,3.7361,False,False,wide_skinny,mlp_projection,recovered_from_ir,recovered_from_prov_fqn,recovered_from_ir,recovered_from_ir
pi05,pi05,89,matmul_119,backbone_once,model.paligemma_with_expert.paligemma.model.vision_tower.vision_model.encoder.layers.14.mlp.fc2,addmm,True,bias_addmm,256,1152,4304,1,1269301248,4407296,19832832,1179648,f32,0.2222,0.0595,0.2677,False,False,wide_skinny,mlp_projection,recovered_from_ir,recovered_from_prov_fqn,recovered_from_ir,recovered_from_ir
pi05,pi05,90,matmul_120,backbone_once,model.paligemma_with_expert.paligemma.model.vision_tower.vision_model.encoder.layers.15.self_attn.q_proj,addmm,True,bias_addmm,256,1152,1152,1,339738624,1179648,5308416,1179648,f32,0.2222,0.2222,1.0,False,False,wide_skinny,attention_qkv_projection,recovered_from_ir,recovered_from_prov_fqn,recovered_from_ir,recovered_from_ir
pi05,pi05,91,matmul_121,backbone_once,model.paligemma_with_expert.paligemma.model.vision_tower.vision_model.encoder.layers.15.self_attn.k_proj,addmm,True,bias_addmm,256,1152,1152,1,339738624,1179648,5308416,1179648,f32,0.2222,0.2222,1.0,False,False,wide_skinny,attention_qkv_projection,recovered_from_ir,recovered_from_prov_fqn,recovered_from_ir,recovered_from_ir
pi05,pi05,92,matmul_122,backbone_once,model.paligemma_with_expert.paligemma.model.vision_tower.vision_model.encoder.layers.15.self_attn.v_proj,addmm,True,bias_addmm,256,1152,1152,1,339738624,1179648,5308416,1179648,f32,0.2222,0.2222,1.0,False,False,wide_skinny,attention_qkv_projection,recovered_from_ir,recovered_from_prov_fqn,recovered_from_ir,recovered_from_ir
pi05,pi05,93,matmul_125,backbone_once,model.paligemma_with_expert.paligemma.model.vision_tower.vision_model.encoder.layers.15.self_attn.out_proj,addmm,True,bias_addmm,256,1152,1152,1,339738624,1179648,5308416,1179648,f32,0.2222,0.2222,1.0,False,False,wide_skinny,attention_output_projection,recovered_from_ir,recovered_from_prov_fqn,recovered_from_ir,recovered_from_ir
pi05,pi05,94,matmul_126,backbone_once,model.paligemma_with_expert.paligemma.model.vision_tower.vision_model.encoder.layers.15.mlp.fc1,addmm,True,bias_addmm,256,4304,1152,1,1269301248,1179648,19832832,4407296,f32,0.0595,0.2222,3.7361,False,False,wide_skinny,mlp_projection,recovered_from_ir,recovered_from_prov_fqn,recovered_from_ir,recovered_from_ir
pi05,pi05,95,matmul_127,backbone_once,model.paligemma_with_expert.paligemma.model.vision_tower.vision_model.encoder.layers.15.mlp.fc2,addmm,True,bias_addmm,256,1152,4304,1,1269301248,4407296,19832832,1179648,f32,0.2222,0.0595,0.2677,False,False,wide_skinny,mlp_projection,recovered_from_ir,recovered_from_prov_fqn,recovered_from_ir,recovered_from_ir
pi05,pi05,96,matmul_128,backbone_once,model.paligemma_with_expert.paligemma.model.vision_tower.vision_model.encoder.layers.16.self_attn.q_proj,addmm,True,bias_addmm,256,1152,1152,1,339738624,1179648,5308416,1179648,f32,0.2222,0.2222,1.0,False,False,wide_skinny,attention_qkv_projection,recovered_from_ir,recovered_from_prov_fqn,recovered_from_ir,recovered_from_ir
pi05,pi05,97,matmul_129,backbone_once,model.paligemma_with_expert.paligemma.model.vision_tower.vision_model.encoder.layers.16.self_attn.k_proj,addmm,True,bias_addmm,256,1152,1152,1,339738624,1179648,5308416,1179648,f32,0.2222,0.2222,1.0,False,False,wide_skinny,attention_qkv_projection,recovered_from_ir,recovered_from_prov_fqn,recovered_from_ir,recovered_from_ir
pi05,pi05,98,matmul_130,backbone_once,model.paligemma_with_expert.paligemma.model.vision_tower.vision_model.encoder.layers.16.self_attn.v_proj,addmm,True,bias_addmm,256,1152,1152,1,339738624,1179648,5308416,1179648,f32,0.2222,0.2222,1.0,False,False,wide_skinny,attention_qkv_projection,recovered_from_ir,recovered_from_prov_fqn,recovered_from_ir,recovered_from_ir
pi05,pi05,99,matmul_133,backbone_once,model.paligemma_with_expert.paligemma.model.vision_tower.vision_model.encoder.layers.16.self_attn.out_proj,addmm,True,bias_addmm,256,1152,1152,1,339738624,1179648,5308416,1179648,f32,0.2222,0.2222,1.0,False,False,wide_skinny,attention_output_projection,recovered_from_ir,recovered_from_prov_fqn,recovered_from_ir,recovered_from_ir
pi05,pi05,100,matmul_134,backbone_once,model.paligemma_with_expert.paligemma.model.vision_tower.vision_model.encoder.layers.16.mlp.fc1,addmm,True,bias_addmm,256,4304,1152,1,1269301248,1179648,19832832,4407296,f32,0.0595,0.2222,3.7361,False,False,wide_skinny,mlp_projection,recovered_from_ir,recovered_from_prov_fqn,recovered_from_ir,recovered_from_ir
pi05,pi05,101,matmul_135,backbone_once,model.paligemma_with_expert.paligemma.model.vision_tower.vision_model.encoder.layers.16.mlp.fc2,addmm,True,bias_addmm,256,1152,4304,1,1269301248,4407296,19832832,1179648,f32,0.2222,0.0595,0.2677,False,False,wide_skinny,mlp_projection,recovered_from_ir,recovered_from_prov_fqn,recovered_from_ir,recovered_from_ir
pi05,pi05,102,matmul_136,backbone_once,model.paligemma_with_expert.paligemma.model.vision_tower.vision_model.encoder.layers.17.self_attn.q_proj,addmm,True,bias_addmm,256,1152,1152,1,339738624,1179648,5308416,1179648,f32,0.2222,0.2222,1.0,False,False,wide_skinny,attention_qkv_projection,recovered_from_ir,recovered_from_prov_fqn,recovered_from_ir,recovered_from_ir
pi05,pi05,103,matmul_137,backbone_once,model.paligemma_with_expert.paligemma.model.vision_tower.vision_model.encoder.layers.17.self_attn.k_proj,addmm,True,bias_addmm,256,1152,1152,1,339738624,1179648,5308416,1179648,f32,0.2222,0.2222,1.0,False,False,wide_skinny,attention_qkv_projection,recovered_from_ir,recovered_from_prov_fqn,recovered_from_ir,recovered_from_ir
pi05,pi05,104,matmul_138,backbone_once,model.paligemma_with_expert.paligemma.model.vision_tower.vision_model.encoder.layers.17.self_attn.v_proj,addmm,True,bias_addmm,256,1152,1152,1,339738624,1179648,5308416,1179648,f32,0.2222,0.2222,1.0,False,False,wide_skinny,attention_qkv_projection,recovered_from_ir,recovered_from_prov_fqn,recovered_from_ir,recovered_from_ir
pi05,pi05,105,matmul_141,backbone_once,model.paligemma_with_expert.paligemma.model.vision_tower.vision_model.encoder.layers.17.self_attn.out_proj,addmm,True,bias_addmm,256,1152,1152,1,339738624,1179648,5308416,1179648,f32,0.2222,0.2222,1.0,False,False,wide_skinny,attention_output_projection,recovered_from_ir,recovered_from_prov_fqn,recovered_from_ir,recovered_from_ir
pi05,pi05,106,matmul_142,backbone_once,model.paligemma_with_expert.paligemma.model.vision_tower.vision_model.encoder.layers.17.mlp.fc1,addmm,True,bias_addmm,256,4304,1152,1,1269301248,1179648,19832832,4407296,f32,0.0595,0.2222,3.7361,False,False,wide_skinny,mlp_projection,recovered_from_ir,recovered_from_prov_fqn,recovered_from_ir,recovered_from_ir
pi05,pi05,107,matmul_143,backbone_once,model.paligemma_with_expert.paligemma.model.vision_tower.vision_model.encoder.layers.17.mlp.fc2,addmm,True,bias_addmm,256,1152,4304,1,1269301248,4407296,19832832,1179648,f32,0.2222,0.0595,0.2677,False,False,wide_skinny,mlp_projection,recovered_from_ir,recovered_from_prov_fqn,recovered_from_ir,recovered_from_ir
pi05,pi05,108,matmul_144,backbone_once,model.paligemma_with_expert.paligemma.model.vision_tower.vision_model.encoder.layers.18.self_attn.q_proj,addmm,True,bias_addmm,256,1152,1152,1,339738624,1179648,5308416,1179648,f32,0.2222,0.2222,1.0,False,False,wide_skinny,attention_qkv_projection,recovered_from_ir,recovered_from_prov_fqn,recovered_from_ir,recovered_from_ir
pi05,pi05,109,matmul_145,backbone_once,model.paligemma_with_expert.paligemma.model.vision_tower.vision_model.encoder.layers.18.self_attn.k_proj,addmm,True,bias_addmm,256,1152,1152,1,339738624,1179648,5308416,1179648,f32,0.2222,0.2222,1.0,False,False,wide_skinny,attention_qkv_projection,recovered_from_ir,recovered_from_prov_fqn,recovered_from_ir,recovered_from_ir
pi05,pi05,110,matmul_146,backbone_once,model.paligemma_with_expert.paligemma.model.vision_tower.vision_model.encoder.layers.18.self_attn.v_proj,addmm,True,bias_addmm,256,1152,1152,1,339738624,1179648,5308416,1179648,f32,0.2222,0.2222,1.0,False,False,wide_skinny,attention_qkv_projection,recovered_from_ir,recovered_from_prov_fqn,recovered_from_ir,recovered_from_ir
pi05,pi05,111,matmul_149,backbone_once,model.paligemma_with_expert.paligemma.model.vision_tower.vision_model.encoder.layers.18.self_attn.out_proj,addmm,True,bias_addmm,256,1152,1152,1,339738624,1179648,5308416,1179648,f32,0.2222,0.2222,1.0,False,False,wide_skinny,attention_output_projection,recovered_from_ir,recovered_from_prov_fqn,recovered_from_ir,recovered_from_ir
pi05,pi05,112,matmul_150,backbone_once,model.paligemma_with_expert.paligemma.model.vision_tower.vision_model.encoder.layers.18.mlp.fc1,addmm,True,bias_addmm,256,4304,1152,1,1269301248,1179648,19832832,4407296,f32,0.0595,0.2222,3.7361,False,False,wide_skinny,mlp_projection,recovered_from_ir,recovered_from_prov_fqn,recovered_from_ir,recovered_from_ir
pi05,pi05,113,matmul_151,backbone_once,model.paligemma_with_expert.paligemma.model.vision_tower.vision_model.encoder.layers.18.mlp.fc2,addmm,True,bias_addmm,256,1152,4304,1,1269301248,4407296,19832832,1179648,f32,0.2222,0.0595,0.2677,False,False,wide_skinny,mlp_projection,recovered_from_ir,recovered_from_prov_fqn,recovered_from_ir,recovered_from_ir
pi05,pi05,114,matmul_152,backbone_once,model.paligemma_with_expert.paligemma.model.vision_tower.vision_model.encoder.layers.19.self_attn.q_proj,addmm,True,bias_addmm,256,1152,1152,1,339738624,1179648,5308416,1179648,f32,0.2222,0.2222,1.0,False,False,wide_skinny,attention_qkv_projection,recovered_from_ir,recovered_from_prov_fqn,recovered_from_ir,recovered_from_ir
pi05,pi05,115,matmul_153,backbone_once,model.paligemma_with_expert.paligemma.model.vision_tower.vision_model.encoder.layers.19.self_attn.k_proj,addmm,True,bias_addmm,256,1152,1152,1,339738624,1179648,5308416,1179648,f32,0.2222,0.2222,1.0,False,False,wide_skinny,attention_qkv_projection,recovered_from_ir,recovered_from_prov_fqn,recovered_from_ir,recovered_from_ir
pi05,pi05,116,matmul_154,backbone_once,model.paligemma_with_expert.paligemma.model.vision_tower.vision_model.encoder.layers.19.self_attn.v_proj,addmm,True,bias_addmm,256,1152,1152,1,339738624,1179648,5308416,1179648,f32,0.2222,0.2222,1.0,False,False,wide_skinny,attention_qkv_projection,recovered_from_ir,recovered_from_prov_fqn,recovered_from_ir,recovered_from_ir
pi05,pi05,117,matmul_157,backbone_once,model.paligemma_with_expert.paligemma.model.vision_tower.vision_model.encoder.layers.19.self_attn.out_proj,addmm,True,bias_addmm,256,1152,1152,1,339738624,1179648,5308416,1179648,f32,0.2222,0.2222,1.0,False,False,wide_skinny,attention_output_projection,recovered_from_ir,recovered_from_prov_fqn,recovered_from_ir,recovered_from_ir
pi05,pi05,118,matmul_158,backbone_once,model.paligemma_with_expert.paligemma.model.vision_tower.vision_model.encoder.layers.19.mlp.fc1,addmm,True,bias_addmm,256,4304,1152,1,1269301248,1179648,19832832,4407296,f32,0.0595,0.2222,3.7361,False,False,wide_skinny,mlp_projection,recovered_from_ir,recovered_from_prov_fqn,recovered_from_ir,recovered_from_ir
pi05,pi05,119,matmul_159,backbone_once,model.paligemma_with_expert.paligemma.model.vision_tower.vision_model.encoder.layers.19.mlp.fc2,addmm,True,bias_addmm,256,1152,4304,1,1269301248,4407296,19832832,1179648,f32,0.2222,0.0595,0.2677,False,False,wide_skinny,mlp_projection,recovered_from_ir,recovered_from_prov_fqn,recovered_from_ir,recovered_from_ir
pi05,pi05,120,matmul_160,backbone_once,model.paligemma_with_expert.paligemma.model.vision_tower.vision_model.encoder.layers.20.self_attn.q_proj,addmm,True,bias_addmm,256,1152,1152,1,339738624,1179648,5308416,1179648,f32,0.2222,0.2222,1.0,False,False,wide_skinny,attention_qkv_projection,recovered_from_ir,recovered_from_prov_fqn,recovered_from_ir,recovered_from_ir
pi05,pi05,121,matmul_161,backbone_once,model.paligemma_with_expert.paligemma.model.vision_tower.vision_model.encoder.layers.20.self_attn.k_proj,addmm,True,bias_addmm,256,1152,1152,1,339738624,1179648,5308416,1179648,f32,0.2222,0.2222,1.0,False,False,wide_skinny,attention_qkv_projection,recovered_from_ir,recovered_from_prov_fqn,recovered_from_ir,recovered_from_ir
pi05,pi05,122,matmul_162,backbone_once,model.paligemma_with_expert.paligemma.model.vision_tower.vision_model.encoder.layers.20.self_attn.v_proj,addmm,True,bias_addmm,256,1152,1152,1,339738624,1179648,5308416,1179648,f32,0.2222,0.2222,1.0,False,False,wide_skinny,attention_qkv_projection,recovered_from_ir,recovered_from_prov_fqn,recovered_from_ir,recovered_from_ir
pi05,pi05,123,matmul_165,backbone_once,model.paligemma_with_expert.paligemma.model.vision_tower.vision_model.encoder.layers.20.self_attn.out_proj,addmm,True,bias_addmm,256,1152,1152,1,339738624,1179648,5308416,1179648,f32,0.2222,0.2222,1.0,False,False,wide_skinny,attention_output_projection,recovered_from_ir,recovered_from_prov_fqn,recovered_from_ir,recovered_from_ir
pi05,pi05,124,matmul_166,backbone_once,model.paligemma_with_expert.paligemma.model.vision_tower.vision_model.encoder.layers.20.mlp.fc1,addmm,True,bias_addmm,256,4304,1152,1,1269301248,1179648,19832832,4407296,f32,0.0595,0.2222,3.7361,False,False,wide_skinny,mlp_projection,recovered_from_ir,recovered_from_prov_fqn,recovered_from_ir,recovered_from_ir
pi05,pi05,125,matmul_167,backbone_once,model.paligemma_with_expert.paligemma.model.vision_tower.vision_model.encoder.layers.20.mlp.fc2,addmm,True,bias_addmm,256,1152,4304,1,1269301248,4407296,19832832,1179648,f32,0.2222,0.0595,0.2677,False,False,wide_skinny,mlp_projection,recovered_from_ir,recovered_from_prov_fqn,recovered_from_ir,recovered_from_ir
pi05,pi05,126,matmul_168,backbone_once,model.paligemma_with_expert.paligemma.model.vision_tower.vision_model.encoder.layers.21.self_attn.q_proj,addmm,True,bias_addmm,256,1152,1152,1,339738624,1179648,5308416,1179648,f32,0.2222,0.2222,1.0,False,False,wide_skinny,attention_qkv_projection,recovered_from_ir,recovered_from_prov_fqn,recovered_from_ir,recovered_from_ir
pi05,pi05,127,matmul_169,backbone_once,model.paligemma_with_expert.paligemma.model.vision_tower.vision_model.encoder.layers.21.self_attn.k_proj,addmm,True,bias_addmm,256,1152,1152,1,339738624,1179648,5308416,1179648,f32,0.2222,0.2222,1.0,False,False,wide_skinny,attention_qkv_projection,recovered_from_ir,recovered_from_prov_fqn,recovered_from_ir,recovered_from_ir
pi05,pi05,128,matmul_170,backbone_once,model.paligemma_with_expert.paligemma.model.vision_tower.vision_model.encoder.layers.21.self_attn.v_proj,addmm,True,bias_addmm,256,1152,1152,1,339738624,1179648,5308416,1179648,f32,0.2222,0.2222,1.0,False,False,wide_skinny,attention_qkv_projection,recovered_from_ir,recovered_from_prov_fqn,recovered_from_ir,recovered_from_ir
pi05,pi05,129,matmul_173,backbone_once,model.paligemma_with_expert.paligemma.model.vision_tower.vision_model.encoder.layers.21.self_attn.out_proj,addmm,True,bias_addmm,256,1152,1152,1,339738624,1179648,5308416,1179648,f32,0.2222,0.2222,1.0,False,False,wide_skinny,attention_output_projection,recovered_from_ir,recovered_from_prov_fqn,recovered_from_ir,recovered_from_ir
pi05,pi05,130,matmul_174,backbone_once,model.paligemma_with_expert.paligemma.model.vision_tower.vision_model.encoder.layers.21.mlp.fc1,addmm,True,bias_addmm,256,4304,1152,1,1269301248,1179648,19832832,4407296,f32,0.0595,0.2222,3.7361,False,False,wide_skinny,mlp_projection,recovered_from_ir,recovered_from_prov_fqn,recovered_from_ir,recovered_from_ir
pi05,pi05,131,matmul_175,backbone_once,model.paligemma_with_expert.paligemma.model.vision_tower.vision_model.encoder.layers.21.mlp.fc2,addmm,True,bias_addmm,256,1152,4304,1,1269301248,4407296,19832832,1179648,f32,0.2222,0.0595,0.2677,False,False,wide_skinny,mlp_projection,recovered_from_ir,recovered_from_prov_fqn,recovered_from_ir,recovered_from_ir
pi05,pi05,132,matmul_176,backbone_once,model.paligemma_with_expert.paligemma.model.vision_tower.vision_model.encoder.layers.22.self_attn.q_proj,addmm,True,bias_addmm,256,1152,1152,1,339738624,1179648,5308416,1179648,f32,0.2222,0.2222,1.0,False,False,wide_skinny,attention_qkv_projection,recovered_from_ir,recovered_from_prov_fqn,recovered_from_ir,recovered_from_ir
pi05,pi05,133,matmul_177,backbone_once,model.paligemma_with_expert.paligemma.model.vision_tower.vision_model.encoder.layers.22.self_attn.k_proj,addmm,True,bias_addmm,256,1152,1152,1,339738624,1179648,5308416,1179648,f32,0.2222,0.2222,1.0,False,False,wide_skinny,attention_qkv_projection,recovered_from_ir,recovered_from_prov_fqn,recovered_from_ir,recovered_from_ir
pi05,pi05,134,matmul_178,backbone_once,model.paligemma_with_expert.paligemma.model.vision_tower.vision_model.encoder.layers.22.self_attn.v_proj,addmm,True,bias_addmm,256,1152,1152,1,339738624,1179648,5308416,1179648,f32,0.2222,0.2222,1.0,False,False,wide_skinny,attention_qkv_projection,recovered_from_ir,recovered_from_prov_fqn,recovered_from_ir,recovered_from_ir
pi05,pi05,135,matmul_181,backbone_once,model.paligemma_with_expert.paligemma.model.vision_tower.vision_model.encoder.layers.22.self_attn.out_proj,addmm,True,bias_addmm,256,1152,1152,1,339738624,1179648,5308416,1179648,f32,0.2222,0.2222,1.0,False,False,wide_skinny,attention_output_projection,recovered_from_ir,recovered_from_prov_fqn,recovered_from_ir,recovered_from_ir
pi05,pi05,136,matmul_182,backbone_once,model.paligemma_with_expert.paligemma.model.vision_tower.vision_model.encoder.layers.22.mlp.fc1,addmm,True,bias_addmm,256,4304,1152,1,1269301248,1179648,19832832,4407296,f32,0.0595,0.2222,3.7361,False,False,wide_skinny,mlp_projection,recovered_from_ir,recovered_from_prov_fqn,recovered_from_ir,recovered_from_ir
pi05,pi05,137,matmul_183,backbone_once,model.paligemma_with_expert.paligemma.model.vision_tower.vision_model.encoder.layers.22.mlp.fc2,addmm,True,bias_addmm,256,1152,4304,1,1269301248,4407296,19832832,1179648,f32,0.2222,0.0595,0.2677,False,False,wide_skinny,mlp_projection,recovered_from_ir,recovered_from_prov_fqn,recovered_from_ir,recovered_from_ir
pi05,pi05,138,matmul_184,backbone_once,model.paligemma_with_expert.paligemma.model.vision_tower.vision_model.encoder.layers.23.self_attn.q_proj,addmm,True,bias_addmm,256,1152,1152,1,339738624,1179648,5308416,1179648,f32,0.2222,0.2222,1.0,False,False,wide_skinny,attention_qkv_projection,recovered_from_ir,recovered_from_prov_fqn,recovered_from_ir,recovered_from_ir
pi05,pi05,139,matmul_185,backbone_once,model.paligemma_with_expert.paligemma.model.vision_tower.vision_model.encoder.layers.23.self_attn.k_proj,addmm,True,bias_addmm,256,1152,1152,1,339738624,1179648,5308416,1179648,f32,0.2222,0.2222,1.0,False,False,wide_skinny,attention_qkv_projection,recovered_from_ir,recovered_from_prov_fqn,recovered_from_ir,recovered_from_ir
pi05,pi05,140,matmul_186,backbone_once,model.paligemma_with_expert.paligemma.model.vision_tower.vision_model.encoder.layers.23.self_attn.v_proj,addmm,True,bias_addmm,256,1152,1152,1,339738624,1179648,5308416,1179648,f32,0.2222,0.2222,1.0,False,False,wide_skinny,attention_qkv_projection,recovered_from_ir,recovered_from_prov_fqn,recovered_from_ir,recovered_from_ir
pi05,pi05,141,matmul_189,backbone_once,model.paligemma_with_expert.paligemma.model.vision_tower.vision_model.encoder.layers.23.self_attn.out_proj,addmm,True,bias_addmm,256,1152,1152,1,339738624,1179648,5308416,1179648,f32,0.2222,0.2222,1.0,False,False,wide_skinny,attention_output_projection,recovered_from_ir,recovered_from_prov_fqn,recovered_from_ir,recovered_from_ir
pi05,pi05,142,matmul_190,backbone_once,model.paligemma_with_expert.paligemma.model.vision_tower.vision_model.encoder.layers.23.mlp.fc1,addmm,True,bias_addmm,256,4304,1152,1,1269301248,1179648,19832832,4407296,f32,0.0595,0.2222,3.7361,False,False,wide_skinny,mlp_projection,recovered_from_ir,recovered_from_prov_fqn,recovered_from_ir,recovered_from_ir
pi05,pi05,143,matmul_191,backbone_once,model.paligemma_with_expert.paligemma.model.vision_tower.vision_model.encoder.layers.23.mlp.fc2,addmm,True,bias_addmm,256,1152,4304,1,1269301248,4407296,19832832,1179648,f32,0.2222,0.0595,0.2677,False,False,wide_skinny,mlp_projection,recovered_from_ir,recovered_from_prov_fqn,recovered_from_ir,recovered_from_ir
pi05,pi05,144,matmul_192,backbone_once,model.paligemma_with_expert.paligemma.model.vision_tower.vision_model.encoder.layers.24.self_attn.q_proj,addmm,True,bias_addmm,256,1152,1152,1,339738624,1179648,5308416,1179648,f32,0.2222,0.2222,1.0,False,False,wide_skinny,attention_qkv_projection,recovered_from_ir,recovered_from_prov_fqn,recovered_from_ir,recovered_from_ir
pi05,pi05,145,matmul_193,backbone_once,model.paligemma_with_expert.paligemma.model.vision_tower.vision_model.encoder.layers.24.self_attn.k_proj,addmm,True,bias_addmm,256,1152,1152,1,339738624,1179648,5308416,1179648,f32,0.2222,0.2222,1.0,False,False,wide_skinny,attention_qkv_projection,recovered_from_ir,recovered_from_prov_fqn,recovered_from_ir,recovered_from_ir
pi05,pi05,146,matmul_194,backbone_once,model.paligemma_with_expert.paligemma.model.vision_tower.vision_model.encoder.layers.24.self_attn.v_proj,addmm,True,bias_addmm,256,1152,1152,1,339738624,1179648,5308416,1179648,f32,0.2222,0.2222,1.0,False,False,wide_skinny,attention_qkv_projection,recovered_from_ir,recovered_from_prov_fqn,recovered_from_ir,recovered_from_ir
pi05,pi05,147,matmul_197,backbone_once,model.paligemma_with_expert.paligemma.model.vision_tower.vision_model.encoder.layers.24.self_attn.out_proj,addmm,True,bias_addmm,256,1152,1152,1,339738624,1179648,5308416,1179648,f32,0.2222,0.2222,1.0,False,False,wide_skinny,attention_output_projection,recovered_from_ir,recovered_from_prov_fqn,recovered_from_ir,recovered_from_ir
pi05,pi05,148,matmul_198,backbone_once,model.paligemma_with_expert.paligemma.model.vision_tower.vision_model.encoder.layers.24.mlp.fc1,addmm,True,bias_addmm,256,4304,1152,1,1269301248,1179648,19832832,4407296,f32,0.0595,0.2222,3.7361,False,False,wide_skinny,mlp_projection,recovered_from_ir,recovered_from_prov_fqn,recovered_from_ir,recovered_from_ir
pi05,pi05,149,matmul_199,backbone_once,model.paligemma_with_expert.paligemma.model.vision_tower.vision_model.encoder.layers.24.mlp.fc2,addmm,True,bias_addmm,256,1152,4304,1,1269301248,4407296,19832832,1179648,f32,0.2222,0.0595,0.2677,False,False,wide_skinny,mlp_projection,recovered_from_ir,recovered_from_prov_fqn,recovered_from_ir,recovered_from_ir
pi05,pi05,150,matmul_200,backbone_once,model.paligemma_with_expert.paligemma.model.vision_tower.vision_model.encoder.layers.25.self_attn.q_proj,addmm,True,bias_addmm,256,1152,1152,1,339738624,1179648,5308416,1179648,f32,0.2222,0.2222,1.0,False,False,wide_skinny,attention_qkv_projection,recovered_from_ir,recovered_from_prov_fqn,recovered_from_ir,recovered_from_ir
pi05,pi05,151,matmul_201,backbone_once,model.paligemma_with_expert.paligemma.model.vision_tower.vision_model.encoder.layers.25.self_attn.k_proj,addmm,True,bias_addmm,256,1152,1152,1,339738624,1179648,5308416,1179648,f32,0.2222,0.2222,1.0,False,False,wide_skinny,attention_qkv_projection,recovered_from_ir,recovered_from_prov_fqn,recovered_from_ir,recovered_from_ir
pi05,pi05,152,matmul_202,backbone_once,model.paligemma_with_expert.paligemma.model.vision_tower.vision_model.encoder.layers.25.self_attn.v_proj,addmm,True,bias_addmm,256,1152,1152,1,339738624,1179648,5308416,1179648,f32,0.2222,0.2222,1.0,False,False,wide_skinny,attention_qkv_projection,recovered_from_ir,recovered_from_prov_fqn,recovered_from_ir,recovered_from_ir
pi05,pi05,153,matmul_205,backbone_once,model.paligemma_with_expert.paligemma.model.vision_tower.vision_model.encoder.layers.25.self_attn.out_proj,addmm,True,bias_addmm,256,1152,1152,1,339738624,1179648,5308416,1179648,f32,0.2222,0.2222,1.0,False,False,wide_skinny,attention_output_projection,recovered_from_ir,recovered_from_prov_fqn,recovered_from_ir,recovered_from_ir
pi05,pi05,154,matmul_206,backbone_once,model.paligemma_with_expert.paligemma.model.vision_tower.vision_model.encoder.layers.25.mlp.fc1,addmm,True,bias_addmm,256,4304,1152,1,1269301248,1179648,19832832,4407296,f32,0.0595,0.2222,3.7361,False,False,wide_skinny,mlp_projection,recovered_from_ir,recovered_from_prov_fqn,recovered_from_ir,recovered_from_ir
pi05,pi05,155,matmul_207,backbone_once,model.paligemma_with_expert.paligemma.model.vision_tower.vision_model.encoder.layers.25.mlp.fc2,addmm,True,bias_addmm,256,1152,4304,1,1269301248,4407296,19832832,1179648,f32,0.2222,0.0595,0.2677,False,False,wide_skinny,mlp_projection,recovered_from_ir,recovered_from_prov_fqn,recovered_from_ir,recovered_from_ir
pi05,pi05,156,matmul_208,backbone_once,model.paligemma_with_expert.paligemma.model.vision_tower.vision_model.encoder.layers.26.self_attn.q_proj,addmm,True,bias_addmm,256,1152,1152,1,339738624,1179648,5308416,1179648,f32,0.2222,0.2222,1.0,False,False,wide_skinny,attention_qkv_projection,recovered_from_ir,recovered_from_prov_fqn,recovered_from_ir,recovered_from_ir
pi05,pi05,157,matmul_209,backbone_once,model.paligemma_with_expert.paligemma.model.vision_tower.vision_model.encoder.layers.26.self_attn.k_proj,addmm,True,bias_addmm,256,1152,1152,1,339738624,1179648,5308416,1179648,f32,0.2222,0.2222,1.0,False,False,wide_skinny,attention_qkv_projection,recovered_from_ir,recovered_from_prov_fqn,recovered_from_ir,recovered_from_ir
pi05,pi05,158,matmul_210,backbone_once,model.paligemma_with_expert.paligemma.model.vision_tower.vision_model.encoder.layers.26.self_attn.v_proj,addmm,True,bias_addmm,256,1152,1152,1,339738624,1179648,5308416,1179648,f32,0.2222,0.2222,1.0,False,False,wide_skinny,attention_qkv_projection,recovered_from_ir,recovered_from_prov_fqn,recovered_from_ir,recovered_from_ir
pi05,pi05,159,matmul_213,backbone_once,model.paligemma_with_expert.paligemma.model.vision_tower.vision_model.encoder.layers.26.self_attn.out_proj,addmm,True,bias_addmm,256,1152,1152,1,339738624,1179648,5308416,1179648,f32,0.2222,0.2222,1.0,False,False,wide_skinny,attention_output_projection,recovered_from_ir,recovered_from_prov_fqn,recovered_from_ir,recovered_from_ir
pi05,pi05,160,matmul_214,backbone_once,model.paligemma_with_expert.paligemma.model.vision_tower.vision_model.encoder.layers.26.mlp.fc1,addmm,True,bias_addmm,256,4304,1152,1,1269301248,1179648,19832832,4407296,f32,0.0595,0.2222,3.7361,False,False,wide_skinny,mlp_projection,recovered_from_ir,recovered_from_prov_fqn,recovered_from_ir,recovered_from_ir
pi05,pi05,161,matmul_215,backbone_once,model.paligemma_with_expert.paligemma.model.vision_tower.vision_model.encoder.layers.26.mlp.fc2,addmm,True,bias_addmm,256,1152,4304,1,1269301248,4407296,19832832,1179648,f32,0.2222,0.0595,0.2677,False,False,wide_skinny,mlp_projection,recovered_from_ir,recovered_from_prov_fqn,recovered_from_ir,recovered_from_ir
pi05,pi05,162,matmul_216,backbone_once,model.paligemma_with_expert.paligemma.model.multi_modal_projector.linear,addmm,True,bias_addmm,256,2048,1152,1,603979776,1179648,9437184,2097152,f32,0.125,0.2222,1.7778,False,False,wide_skinny,mlp_projection,recovered_from_ir,recovered_from_prov_fqn,recovered_from_ir,recovered_from_ir
pi05,pi05,163,matmul_217,backbone_once,model.paligemma_with_expert.paligemma.model.vision_tower.vision_model.encoder.layers.0.self_attn.q_proj,addmm,True,bias_addmm,256,1152,1152,1,339738624,1179648,5308416,1179648,f32,0.2222,0.2222,1.0,False,False,wide_skinny,attention_qkv_projection,recovered_from_ir,recovered_from_prov_fqn,recovered_from_ir,recovered_from_ir
pi05,pi05,164,matmul_218,backbone_once,model.paligemma_with_expert.paligemma.model.vision_tower.vision_model.encoder.layers.0.self_attn.k_proj,addmm,True,bias_addmm,256,1152,1152,1,339738624,1179648,5308416,1179648,f32,0.2222,0.2222,1.0,False,False,wide_skinny,attention_qkv_projection,recovered_from_ir,recovered_from_prov_fqn,recovered_from_ir,recovered_from_ir
pi05,pi05,165,matmul_219,backbone_once,model.paligemma_with_expert.paligemma.model.vision_tower.vision_model.encoder.layers.0.self_attn.v_proj,addmm,True,bias_addmm,256,1152,1152,1,339738624,1179648,5308416,1179648,f32,0.2222,0.2222,1.0,False,False,wide_skinny,attention_qkv_projection,recovered_from_ir,recovered_from_prov_fqn,recovered_from_ir,recovered_from_ir
pi05,pi05,166,matmul_222,backbone_once,model.paligemma_with_expert.paligemma.model.vision_tower.vision_model.encoder.layers.0.self_attn.out_proj,addmm,True,bias_addmm,256,1152,1152,1,339738624,1179648,5308416,1179648,f32,0.2222,0.2222,1.0,False,False,wide_skinny,attention_output_projection,recovered_from_ir,recovered_from_prov_fqn,recovered_from_ir,recovered_from_ir
pi05,pi05,167,matmul_223,backbone_once,model.paligemma_with_expert.paligemma.model.vision_tower.vision_model.encoder.layers.0.mlp.fc1,addmm,True,bias_addmm,256,4304,1152,1,1269301248,1179648,19832832,4407296,f32,0.0595,0.2222,3.7361,False,False,wide_skinny,mlp_projection,recovered_from_ir,recovered_from_prov_fqn,recovered_from_ir,recovered_from_ir
pi05,pi05,168,matmul_224,backbone_once,model.paligemma_with_expert.paligemma.model.vision_tower.vision_model.encoder.layers.0.mlp.fc2,addmm,True,bias_addmm,256,1152,4304,1,1269301248,4407296,19832832,1179648,f32,0.2222,0.0595,0.2677,False,False,wide_skinny,mlp_projection,recovered_from_ir,recovered_from_prov_fqn,recovered_from_ir,recovered_from_ir
pi05,pi05,169,matmul_225,backbone_once,model.paligemma_with_expert.paligemma.model.vision_tower.vision_model.encoder.layers.1.self_attn.q_proj,addmm,True,bias_addmm,256,1152,1152,1,339738624,1179648,5308416,1179648,f32,0.2222,0.2222,1.0,False,False,wide_skinny,attention_qkv_projection,recovered_from_ir,recovered_from_prov_fqn,recovered_from_ir,recovered_from_ir
pi05,pi05,170,matmul_226,backbone_once,model.paligemma_with_expert.paligemma.model.vision_tower.vision_model.encoder.layers.1.self_attn.k_proj,addmm,True,bias_addmm,256,1152,1152,1,339738624,1179648,5308416,1179648,f32,0.2222,0.2222,1.0,False,False,wide_skinny,attention_qkv_projection,recovered_from_ir,recovered_from_prov_fqn,recovered_from_ir,recovered_from_ir
pi05,pi05,171,matmul_227,backbone_once,model.paligemma_with_expert.paligemma.model.vision_tower.vision_model.encoder.layers.1.self_attn.v_proj,addmm,True,bias_addmm,256,1152,1152,1,339738624,1179648,5308416,1179648,f32,0.2222,0.2222,1.0,False,False,wide_skinny,attention_qkv_projection,recovered_from_ir,recovered_from_prov_fqn,recovered_from_ir,recovered_from_ir
pi05,pi05,172,matmul_230,backbone_once,model.paligemma_with_expert.paligemma.model.vision_tower.vision_model.encoder.layers.1.self_attn.out_proj,addmm,True,bias_addmm,256,1152,1152,1,339738624,1179648,5308416,1179648,f32,0.2222,0.2222,1.0,False,False,wide_skinny,attention_output_projection,recovered_from_ir,recovered_from_prov_fqn,recovered_from_ir,recovered_from_ir
pi05,pi05,173,matmul_231,backbone_once,model.paligemma_with_expert.paligemma.model.vision_tower.vision_model.encoder.layers.1.mlp.fc1,addmm,True,bias_addmm,256,4304,1152,1,1269301248,1179648,19832832,4407296,f32,0.0595,0.2222,3.7361,False,False,wide_skinny,mlp_projection,recovered_from_ir,recovered_from_prov_fqn,recovered_from_ir,recovered_from_ir
pi05,pi05,174,matmul_232,backbone_once,model.paligemma_with_expert.paligemma.model.vision_tower.vision_model.encoder.layers.1.mlp.fc2,addmm,True,bias_addmm,256,1152,4304,1,1269301248,4407296,19832832,1179648,f32,0.2222,0.0595,0.2677,False,False,wide_skinny,mlp_projection,recovered_from_ir,recovered_from_prov_fqn,recovered_from_ir,recovered_from_ir
pi05,pi05,175,matmul_233,backbone_once,model.paligemma_with_expert.paligemma.model.vision_tower.vision_model.encoder.layers.2.self_attn.q_proj,addmm,True,bias_addmm,256,1152,1152,1,339738624,1179648,5308416,1179648,f32,0.2222,0.2222,1.0,False,False,wide_skinny,attention_qkv_projection,recovered_from_ir,recovered_from_prov_fqn,recovered_from_ir,recovered_from_ir
pi05,pi05,176,matmul_234,backbone_once,model.paligemma_with_expert.paligemma.model.vision_tower.vision_model.encoder.layers.2.self_attn.k_proj,addmm,True,bias_addmm,256,1152,1152,1,339738624,1179648,5308416,1179648,f32,0.2222,0.2222,1.0,False,False,wide_skinny,attention_qkv_projection,recovered_from_ir,recovered_from_prov_fqn,recovered_from_ir,recovered_from_ir
pi05,pi05,177,matmul_235,backbone_once,model.paligemma_with_expert.paligemma.model.vision_tower.vision_model.encoder.layers.2.self_attn.v_proj,addmm,True,bias_addmm,256,1152,1152,1,339738624,1179648,5308416,1179648,f32,0.2222,0.2222,1.0,False,False,wide_skinny,attention_qkv_projection,recovered_from_ir,recovered_from_prov_fqn,recovered_from_ir,recovered_from_ir
pi05,pi05,178,matmul_238,backbone_once,model.paligemma_with_expert.paligemma.model.vision_tower.vision_model.encoder.layers.2.self_attn.out_proj,addmm,True,bias_addmm,256,1152,1152,1,339738624,1179648,5308416,1179648,f32,0.2222,0.2222,1.0,False,False,wide_skinny,attention_output_projection,recovered_from_ir,recovered_from_prov_fqn,recovered_from_ir,recovered_from_ir
pi05,pi05,179,matmul_239,backbone_once,model.paligemma_with_expert.paligemma.model.vision_tower.vision_model.encoder.layers.2.mlp.fc1,addmm,True,bias_addmm,256,4304,1152,1,1269301248,1179648,19832832,4407296,f32,0.0595,0.2222,3.7361,False,False,wide_skinny,mlp_projection,recovered_from_ir,recovered_from_prov_fqn,recovered_from_ir,recovered_from_ir
pi05,pi05,180,matmul_240,backbone_once,model.paligemma_with_expert.paligemma.model.vision_tower.vision_model.encoder.layers.2.mlp.fc2,addmm,True,bias_addmm,256,1152,4304,1,1269301248,4407296,19832832,1179648,f32,0.2222,0.0595,0.2677,False,False,wide_skinny,mlp_projection,recovered_from_ir,recovered_from_prov_fqn,recovered_from_ir,recovered_from_ir
pi05,pi05,181,matmul_241,backbone_once,model.paligemma_with_expert.paligemma.model.vision_tower.vision_model.encoder.layers.3.self_attn.q_proj,addmm,True,bias_addmm,256,1152,1152,1,339738624,1179648,5308416,1179648,f32,0.2222,0.2222,1.0,False,False,wide_skinny,attention_qkv_projection,recovered_from_ir,recovered_from_prov_fqn,recovered_from_ir,recovered_from_ir
pi05,pi05,182,matmul_242,backbone_once,model.paligemma_with_expert.paligemma.model.vision_tower.vision_model.encoder.layers.3.self_attn.k_proj,addmm,True,bias_addmm,256,1152,1152,1,339738624,1179648,5308416,1179648,f32,0.2222,0.2222,1.0,False,False,wide_skinny,attention_qkv_projection,recovered_from_ir,recovered_from_prov_fqn,recovered_from_ir,recovered_from_ir
pi05,pi05,183,matmul_243,backbone_once,model.paligemma_with_expert.paligemma.model.vision_tower.vision_model.encoder.layers.3.self_attn.v_proj,addmm,True,bias_addmm,256,1152,1152,1,339738624,1179648,5308416,1179648,f32,0.2222,0.2222,1.0,False,False,wide_skinny,attention_qkv_projection,recovered_from_ir,recovered_from_prov_fqn,recovered_from_ir,recovered_from_ir
pi05,pi05,184,matmul_246,backbone_once,model.paligemma_with_expert.paligemma.model.vision_tower.vision_model.encoder.layers.3.self_attn.out_proj,addmm,True,bias_addmm,256,1152,1152,1,339738624,1179648,5308416,1179648,f32,0.2222,0.2222,1.0,False,False,wide_skinny,attention_output_projection,recovered_from_ir,recovered_from_prov_fqn,recovered_from_ir,recovered_from_ir
pi05,pi05,185,matmul_247,backbone_once,model.paligemma_with_expert.paligemma.model.vision_tower.vision_model.encoder.layers.3.mlp.fc1,addmm,True,bias_addmm,256,4304,1152,1,1269301248,1179648,19832832,4407296,f32,0.0595,0.2222,3.7361,False,False,wide_skinny,mlp_projection,recovered_from_ir,recovered_from_prov_fqn,recovered_from_ir,recovered_from_ir
pi05,pi05,186,matmul_248,backbone_once,model.paligemma_with_expert.paligemma.model.vision_tower.vision_model.encoder.layers.3.mlp.fc2,addmm,True,bias_addmm,256,1152,4304,1,1269301248,4407296,19832832,1179648,f32,0.2222,0.0595,0.2677,False,False,wide_skinny,mlp_projection,recovered_from_ir,recovered_from_prov_fqn,recovered_from_ir,recovered_from_ir
pi05,pi05,187,matmul_249,backbone_once,model.paligemma_with_expert.paligemma.model.vision_tower.vision_model.encoder.layers.4.self_attn.q_proj,addmm,True,bias_addmm,256,1152,1152,1,339738624,1179648,5308416,1179648,f32,0.2222,0.2222,1.0,False,False,wide_skinny,attention_qkv_projection,recovered_from_ir,recovered_from_prov_fqn,recovered_from_ir,recovered_from_ir
pi05,pi05,188,matmul_250,backbone_once,model.paligemma_with_expert.paligemma.model.vision_tower.vision_model.encoder.layers.4.self_attn.k_proj,addmm,True,bias_addmm,256,1152,1152,1,339738624,1179648,5308416,1179648,f32,0.2222,0.2222,1.0,False,False,wide_skinny,attention_qkv_projection,recovered_from_ir,recovered_from_prov_fqn,recovered_from_ir,recovered_from_ir
pi05,pi05,189,matmul_251,backbone_once,model.paligemma_with_expert.paligemma.model.vision_tower.vision_model.encoder.layers.4.self_attn.v_proj,addmm,True,bias_addmm,256,1152,1152,1,339738624,1179648,5308416,1179648,f32,0.2222,0.2222,1.0,False,False,wide_skinny,attention_qkv_projection,recovered_from_ir,recovered_from_prov_fqn,recovered_from_ir,recovered_from_ir
pi05,pi05,190,matmul_254,backbone_once,model.paligemma_with_expert.paligemma.model.vision_tower.vision_model.encoder.layers.4.self_attn.out_proj,addmm,True,bias_addmm,256,1152,1152,1,339738624,1179648,5308416,1179648,f32,0.2222,0.2222,1.0,False,False,wide_skinny,attention_output_projection,recovered_from_ir,recovered_from_prov_fqn,recovered_from_ir,recovered_from_ir
pi05,pi05,191,matmul_255,backbone_once,model.paligemma_with_expert.paligemma.model.vision_tower.vision_model.encoder.layers.4.mlp.fc1,addmm,True,bias_addmm,256,4304,1152,1,1269301248,1179648,19832832,4407296,f32,0.0595,0.2222,3.7361,False,False,wide_skinny,mlp_projection,recovered_from_ir,recovered_from_prov_fqn,recovered_from_ir,recovered_from_ir
pi05,pi05,192,matmul_256,backbone_once,model.paligemma_with_expert.paligemma.model.vision_tower.vision_model.encoder.layers.4.mlp.fc2,addmm,True,bias_addmm,256,1152,4304,1,1269301248,4407296,19832832,1179648,f32,0.2222,0.0595,0.2677,False,False,wide_skinny,mlp_projection,recovered_from_ir,recovered_from_prov_fqn,recovered_from_ir,recovered_from_ir
pi05,pi05,193,matmul_257,backbone_once,model.paligemma_with_expert.paligemma.model.vision_tower.vision_model.encoder.layers.5.self_attn.q_proj,addmm,True,bias_addmm,256,1152,1152,1,339738624,1179648,5308416,1179648,f32,0.2222,0.2222,1.0,False,False,wide_skinny,attention_qkv_projection,recovered_from_ir,recovered_from_prov_fqn,recovered_from_ir,recovered_from_ir
pi05,pi05,194,matmul_258,backbone_once,model.paligemma_with_expert.paligemma.model.vision_tower.vision_model.encoder.layers.5.self_attn.k_proj,addmm,True,bias_addmm,256,1152,1152,1,339738624,1179648,5308416,1179648,f32,0.2222,0.2222,1.0,False,False,wide_skinny,attention_qkv_projection,recovered_from_ir,recovered_from_prov_fqn,recovered_from_ir,recovered_from_ir
pi05,pi05,195,matmul_259,backbone_once,model.paligemma_with_expert.paligemma.model.vision_tower.vision_model.encoder.layers.5.self_attn.v_proj,addmm,True,bias_addmm,256,1152,1152,1,339738624,1179648,5308416,1179648,f32,0.2222,0.2222,1.0,False,False,wide_skinny,attention_qkv_projection,recovered_from_ir,recovered_from_prov_fqn,recovered_from_ir,recovered_from_ir
pi05,pi05,196,matmul_262,backbone_once,model.paligemma_with_expert.paligemma.model.vision_tower.vision_model.encoder.layers.5.self_attn.out_proj,addmm,True,bias_addmm,256,1152,1152,1,339738624,1179648,5308416,1179648,f32,0.2222,0.2222,1.0,False,False,wide_skinny,attention_output_projection,recovered_from_ir,recovered_from_prov_fqn,recovered_from_ir,recovered_from_ir
pi05,pi05,197,matmul_263,backbone_once,model.paligemma_with_expert.paligemma.model.vision_tower.vision_model.encoder.layers.5.mlp.fc1,addmm,True,bias_addmm,256,4304,1152,1,1269301248,1179648,19832832,4407296,f32,0.0595,0.2222,3.7361,False,False,wide_skinny,mlp_projection,recovered_from_ir,recovered_from_prov_fqn,recovered_from_ir,recovered_from_ir
pi05,pi05,198,matmul_264,backbone_once,model.paligemma_with_expert.paligemma.model.vision_tower.vision_model.encoder.layers.5.mlp.fc2,addmm,True,bias_addmm,256,1152,4304,1,1269301248,4407296,19832832,1179648,f32,0.2222,0.0595,0.2677,False,False,wide_skinny,mlp_projection,recovered_from_ir,recovered_from_prov_fqn,recovered_from_ir,recovered_from_ir
pi05,pi05,199,matmul_265,backbone_once,model.paligemma_with_expert.paligemma.model.vision_tower.vision_model.encoder.layers.6.self_attn.q_proj,addmm,True,bias_addmm,256,1152,1152,1,339738624,1179648,5308416,1179648,f32,0.2222,0.2222,1.0,False,False,wide_skinny,attention_qkv_projection,recovered_from_ir,recovered_from_prov_fqn,recovered_from_ir,recovered_from_ir
pi05,pi05,200,matmul_266,backbone_once,model.paligemma_with_expert.paligemma.model.vision_tower.vision_model.encoder.layers.6.self_attn.k_proj,addmm,True,bias_addmm,256,1152,1152,1,339738624,1179648,5308416,1179648,f32,0.2222,0.2222,1.0,False,False,wide_skinny,attention_qkv_projection,recovered_from_ir,recovered_from_prov_fqn,recovered_from_ir,recovered_from_ir
pi05,pi05,201,matmul_267,backbone_once,model.paligemma_with_expert.paligemma.model.vision_tower.vision_model.encoder.layers.6.self_attn.v_proj,addmm,True,bias_addmm,256,1152,1152,1,339738624,1179648,5308416,1179648,f32,0.2222,0.2222,1.0,False,False,wide_skinny,attention_qkv_projection,recovered_from_ir,recovered_from_prov_fqn,recovered_from_ir,recovered_from_ir
pi05,pi05,202,matmul_270,backbone_once,model.paligemma_with_expert.paligemma.model.vision_tower.vision_model.encoder.layers.6.self_attn.out_proj,addmm,True,bias_addmm,256,1152,1152,1,339738624,1179648,5308416,1179648,f32,0.2222,0.2222,1.0,False,False,wide_skinny,attention_output_projection,recovered_from_ir,recovered_from_prov_fqn,recovered_from_ir,recovered_from_ir
pi05,pi05,203,matmul_271,backbone_once,model.paligemma_with_expert.paligemma.model.vision_tower.vision_model.encoder.layers.6.mlp.fc1,addmm,True,bias_addmm,256,4304,1152,1,1269301248,1179648,19832832,4407296,f32,0.0595,0.2222,3.7361,False,False,wide_skinny,mlp_projection,recovered_from_ir,recovered_from_prov_fqn,recovered_from_ir,recovered_from_ir
pi05,pi05,204,matmul_272,backbone_once,model.paligemma_with_expert.paligemma.model.vision_tower.vision_model.encoder.layers.6.mlp.fc2,addmm,True,bias_addmm,256,1152,4304,1,1269301248,4407296,19832832,1179648,f32,0.2222,0.0595,0.2677,False,False,wide_skinny,mlp_projection,recovered_from_ir,recovered_from_prov_fqn,recovered_from_ir,recovered_from_ir
pi05,pi05,205,matmul_273,backbone_once,model.paligemma_with_expert.paligemma.model.vision_tower.vision_model.encoder.layers.7.self_attn.q_proj,addmm,True,bias_addmm,256,1152,1152,1,339738624,1179648,5308416,1179648,f32,0.2222,0.2222,1.0,False,False,wide_skinny,attention_qkv_projection,recovered_from_ir,recovered_from_prov_fqn,recovered_from_ir,recovered_from_ir
pi05,pi05,206,matmul_274,backbone_once,model.paligemma_with_expert.paligemma.model.vision_tower.vision_model.encoder.layers.7.self_attn.k_proj,addmm,True,bias_addmm,256,1152,1152,1,339738624,1179648,5308416,1179648,f32,0.2222,0.2222,1.0,False,False,wide_skinny,attention_qkv_projection,recovered_from_ir,recovered_from_prov_fqn,recovered_from_ir,recovered_from_ir
pi05,pi05,207,matmul_275,backbone_once,model.paligemma_with_expert.paligemma.model.vision_tower.vision_model.encoder.layers.7.self_attn.v_proj,addmm,True,bias_addmm,256,1152,1152,1,339738624,1179648,5308416,1179648,f32,0.2222,0.2222,1.0,False,False,wide_skinny,attention_qkv_projection,recovered_from_ir,recovered_from_prov_fqn,recovered_from_ir,recovered_from_ir
pi05,pi05,208,matmul_278,backbone_once,model.paligemma_with_expert.paligemma.model.vision_tower.vision_model.encoder.layers.7.self_attn.out_proj,addmm,True,bias_addmm,256,1152,1152,1,339738624,1179648,5308416,1179648,f32,0.2222,0.2222,1.0,False,False,wide_skinny,attention_output_projection,recovered_from_ir,recovered_from_prov_fqn,recovered_from_ir,recovered_from_ir
pi05,pi05,209,matmul_279,backbone_once,model.paligemma_with_expert.paligemma.model.vision_tower.vision_model.encoder.layers.7.mlp.fc1,addmm,True,bias_addmm,256,4304,1152,1,1269301248,1179648,19832832,4407296,f32,0.0595,0.2222,3.7361,False,False,wide_skinny,mlp_projection,recovered_from_ir,recovered_from_prov_fqn,recovered_from_ir,recovered_from_ir
pi05,pi05,210,matmul_280,backbone_once,model.paligemma_with_expert.paligemma.model.vision_tower.vision_model.encoder.layers.7.mlp.fc2,addmm,True,bias_addmm,256,1152,4304,1,1269301248,4407296,19832832,1179648,f32,0.2222,0.0595,0.2677,False,False,wide_skinny,mlp_projection,recovered_from_ir,recovered_from_prov_fqn,recovered_from_ir,recovered_from_ir
pi05,pi05,211,matmul_281,backbone_once,model.paligemma_with_expert.paligemma.model.vision_tower.vision_model.encoder.layers.8.self_attn.q_proj,addmm,True,bias_addmm,256,1152,1152,1,339738624,1179648,5308416,1179648,f32,0.2222,0.2222,1.0,False,False,wide_skinny,attention_qkv_projection,recovered_from_ir,recovered_from_prov_fqn,recovered_from_ir,recovered_from_ir
pi05,pi05,212,matmul_282,backbone_once,model.paligemma_with_expert.paligemma.model.vision_tower.vision_model.encoder.layers.8.self_attn.k_proj,addmm,True,bias_addmm,256,1152,1152,1,339738624,1179648,5308416,1179648,f32,0.2222,0.2222,1.0,False,False,wide_skinny,attention_qkv_projection,recovered_from_ir,recovered_from_prov_fqn,recovered_from_ir,recovered_from_ir
pi05,pi05,213,matmul_283,backbone_once,model.paligemma_with_expert.paligemma.model.vision_tower.vision_model.encoder.layers.8.self_attn.v_proj,addmm,True,bias_addmm,256,1152,1152,1,339738624,1179648,5308416,1179648,f32,0.2222,0.2222,1.0,False,False,wide_skinny,attention_qkv_projection,recovered_from_ir,recovered_from_prov_fqn,recovered_from_ir,recovered_from_ir
pi05,pi05,214,matmul_286,backbone_once,model.paligemma_with_expert.paligemma.model.vision_tower.vision_model.encoder.layers.8.self_attn.out_proj,addmm,True,bias_addmm,256,1152,1152,1,339738624,1179648,5308416,1179648,f32,0.2222,0.2222,1.0,False,False,wide_skinny,attention_output_projection,recovered_from_ir,recovered_from_prov_fqn,recovered_from_ir,recovered_from_ir
pi05,pi05,215,matmul_287,backbone_once,model.paligemma_with_expert.paligemma.model.vision_tower.vision_model.encoder.layers.8.mlp.fc1,addmm,True,bias_addmm,256,4304,1152,1,1269301248,1179648,19832832,4407296,f32,0.0595,0.2222,3.7361,False,False,wide_skinny,mlp_projection,recovered_from_ir,recovered_from_prov_fqn,recovered_from_ir,recovered_from_ir
pi05,pi05,216,matmul_288,backbone_once,model.paligemma_with_expert.paligemma.model.vision_tower.vision_model.encoder.layers.8.mlp.fc2,addmm,True,bias_addmm,256,1152,4304,1,1269301248,4407296,19832832,1179648,f32,0.2222,0.0595,0.2677,False,False,wide_skinny,mlp_projection,recovered_from_ir,recovered_from_prov_fqn,recovered_from_ir,recovered_from_ir
pi05,pi05,217,matmul_289,backbone_once,model.paligemma_with_expert.paligemma.model.vision_tower.vision_model.encoder.layers.9.self_attn.q_proj,addmm,True,bias_addmm,256,1152,1152,1,339738624,1179648,5308416,1179648,f32,0.2222,0.2222,1.0,False,False,wide_skinny,attention_qkv_projection,recovered_from_ir,recovered_from_prov_fqn,recovered_from_ir,recovered_from_ir
pi05,pi05,218,matmul_290,backbone_once,model.paligemma_with_expert.paligemma.model.vision_tower.vision_model.encoder.layers.9.self_attn.k_proj,addmm,True,bias_addmm,256,1152,1152,1,339738624,1179648,5308416,1179648,f32,0.2222,0.2222,1.0,False,False,wide_skinny,attention_qkv_projection,recovered_from_ir,recovered_from_prov_fqn,recovered_from_ir,recovered_from_ir
pi05,pi05,219,matmul_291,backbone_once,model.paligemma_with_expert.paligemma.model.vision_tower.vision_model.encoder.layers.9.self_attn.v_proj,addmm,True,bias_addmm,256,1152,1152,1,339738624,1179648,5308416,1179648,f32,0.2222,0.2222,1.0,False,False,wide_skinny,attention_qkv_projection,recovered_from_ir,recovered_from_prov_fqn,recovered_from_ir,recovered_from_ir
pi05,pi05,220,matmul_294,backbone_once,model.paligemma_with_expert.paligemma.model.vision_tower.vision_model.encoder.layers.9.self_attn.out_proj,addmm,True,bias_addmm,256,1152,1152,1,339738624,1179648,5308416,1179648,f32,0.2222,0.2222,1.0,False,False,wide_skinny,attention_output_projection,recovered_from_ir,recovered_from_prov_fqn,recovered_from_ir,recovered_from_ir
pi05,pi05,221,matmul_295,backbone_once,model.paligemma_with_expert.paligemma.model.vision_tower.vision_model.encoder.layers.9.mlp.fc1,addmm,True,bias_addmm,256,4304,1152,1,1269301248,1179648,19832832,4407296,f32,0.0595,0.2222,3.7361,False,False,wide_skinny,mlp_projection,recovered_from_ir,recovered_from_prov_fqn,recovered_from_ir,recovered_from_ir
pi05,pi05,222,matmul_296,backbone_once,model.paligemma_with_expert.paligemma.model.vision_tower.vision_model.encoder.layers.9.mlp.fc2,addmm,True,bias_addmm,256,1152,4304,1,1269301248,4407296,19832832,1179648,f32,0.2222,0.0595,0.2677,False,False,wide_skinny,mlp_projection,recovered_from_ir,recovered_from_prov_fqn,recovered_from_ir,recovered_from_ir
pi05,pi05,223,matmul_297,backbone_once,model.paligemma_with_expert.paligemma.model.vision_tower.vision_model.encoder.layers.10.self_attn.q_proj,addmm,True,bias_addmm,256,1152,1152,1,339738624,1179648,5308416,1179648,f32,0.2222,0.2222,1.0,False,False,wide_skinny,attention_qkv_projection,recovered_from_ir,recovered_from_prov_fqn,recovered_from_ir,recovered_from_ir
pi05,pi05,224,matmul_298,backbone_once,model.paligemma_with_expert.paligemma.model.vision_tower.vision_model.encoder.layers.10.self_attn.k_proj,addmm,True,bias_addmm,256,1152,1152,1,339738624,1179648,5308416,1179648,f32,0.2222,0.2222,1.0,False,False,wide_skinny,attention_qkv_projection,recovered_from_ir,recovered_from_prov_fqn,recovered_from_ir,recovered_from_ir
pi05,pi05,225,matmul_299,backbone_once,model.paligemma_with_expert.paligemma.model.vision_tower.vision_model.encoder.layers.10.self_attn.v_proj,addmm,True,bias_addmm,256,1152,1152,1,339738624,1179648,5308416,1179648,f32,0.2222,0.2222,1.0,False,False,wide_skinny,attention_qkv_projection,recovered_from_ir,recovered_from_prov_fqn,recovered_from_ir,recovered_from_ir
pi05,pi05,226,matmul_302,backbone_once,model.paligemma_with_expert.paligemma.model.vision_tower.vision_model.encoder.layers.10.self_attn.out_proj,addmm,True,bias_addmm,256,1152,1152,1,339738624,1179648,5308416,1179648,f32,0.2222,0.2222,1.0,False,False,wide_skinny,attention_output_projection,recovered_from_ir,recovered_from_prov_fqn,recovered_from_ir,recovered_from_ir
pi05,pi05,227,matmul_303,backbone_once,model.paligemma_with_expert.paligemma.model.vision_tower.vision_model.encoder.layers.10.mlp.fc1,addmm,True,bias_addmm,256,4304,1152,1,1269301248,1179648,19832832,4407296,f32,0.0595,0.2222,3.7361,False,False,wide_skinny,mlp_projection,recovered_from_ir,recovered_from_prov_fqn,recovered_from_ir,recovered_from_ir
pi05,pi05,228,matmul_304,backbone_once,model.paligemma_with_expert.paligemma.model.vision_tower.vision_model.encoder.layers.10.mlp.fc2,addmm,True,bias_addmm,256,1152,4304,1,1269301248,4407296,19832832,1179648,f32,0.2222,0.0595,0.2677,False,False,wide_skinny,mlp_projection,recovered_from_ir,recovered_from_prov_fqn,recovered_from_ir,recovered_from_ir
pi05,pi05,229,matmul_305,backbone_once,model.paligemma_with_expert.paligemma.model.vision_tower.vision_model.encoder.layers.11.self_attn.q_proj,addmm,True,bias_addmm,256,1152,1152,1,339738624,1179648,5308416,1179648,f32,0.2222,0.2222,1.0,False,False,wide_skinny,attention_qkv_projection,recovered_from_ir,recovered_from_prov_fqn,recovered_from_ir,recovered_from_ir
pi05,pi05,230,matmul_306,backbone_once,model.paligemma_with_expert.paligemma.model.vision_tower.vision_model.encoder.layers.11.self_attn.k_proj,addmm,True,bias_addmm,256,1152,1152,1,339738624,1179648,5308416,1179648,f32,0.2222,0.2222,1.0,False,False,wide_skinny,attention_qkv_projection,recovered_from_ir,recovered_from_prov_fqn,recovered_from_ir,recovered_from_ir
pi05,pi05,231,matmul_307,backbone_once,model.paligemma_with_expert.paligemma.model.vision_tower.vision_model.encoder.layers.11.self_attn.v_proj,addmm,True,bias_addmm,256,1152,1152,1,339738624,1179648,5308416,1179648,f32,0.2222,0.2222,1.0,False,False,wide_skinny,attention_qkv_projection,recovered_from_ir,recovered_from_prov_fqn,recovered_from_ir,recovered_from_ir
pi05,pi05,232,matmul_310,backbone_once,model.paligemma_with_expert.paligemma.model.vision_tower.vision_model.encoder.layers.11.self_attn.out_proj,addmm,True,bias_addmm,256,1152,1152,1,339738624,1179648,5308416,1179648,f32,0.2222,0.2222,1.0,False,False,wide_skinny,attention_output_projection,recovered_from_ir,recovered_from_prov_fqn,recovered_from_ir,recovered_from_ir
pi05,pi05,233,matmul_311,backbone_once,model.paligemma_with_expert.paligemma.model.vision_tower.vision_model.encoder.layers.11.mlp.fc1,addmm,True,bias_addmm,256,4304,1152,1,1269301248,1179648,19832832,4407296,f32,0.0595,0.2222,3.7361,False,False,wide_skinny,mlp_projection,recovered_from_ir,recovered_from_prov_fqn,recovered_from_ir,recovered_from_ir
pi05,pi05,234,matmul_312,backbone_once,model.paligemma_with_expert.paligemma.model.vision_tower.vision_model.encoder.layers.11.mlp.fc2,addmm,True,bias_addmm,256,1152,4304,1,1269301248,4407296,19832832,1179648,f32,0.2222,0.0595,0.2677,False,False,wide_skinny,mlp_projection,recovered_from_ir,recovered_from_prov_fqn,recovered_from_ir,recovered_from_ir
pi05,pi05,235,matmul_313,backbone_once,model.paligemma_with_expert.paligemma.model.vision_tower.vision_model.encoder.layers.12.self_attn.q_proj,addmm,True,bias_addmm,256,1152,1152,1,339738624,1179648,5308416,1179648,f32,0.2222,0.2222,1.0,False,False,wide_skinny,attention_qkv_projection,recovered_from_ir,recovered_from_prov_fqn,recovered_from_ir,recovered_from_ir
pi05,pi05,236,matmul_314,backbone_once,model.paligemma_with_expert.paligemma.model.vision_tower.vision_model.encoder.layers.12.self_attn.k_proj,addmm,True,bias_addmm,256,1152,1152,1,339738624,1179648,5308416,1179648,f32,0.2222,0.2222,1.0,False,False,wide_skinny,attention_qkv_projection,recovered_from_ir,recovered_from_prov_fqn,recovered_from_ir,recovered_from_ir
pi05,pi05,237,matmul_315,backbone_once,model.paligemma_with_expert.paligemma.model.vision_tower.vision_model.encoder.layers.12.self_attn.v_proj,addmm,True,bias_addmm,256,1152,1152,1,339738624,1179648,5308416,1179648,f32,0.2222,0.2222,1.0,False,False,wide_skinny,attention_qkv_projection,recovered_from_ir,recovered_from_prov_fqn,recovered_from_ir,recovered_from_ir
pi05,pi05,238,matmul_318,backbone_once,model.paligemma_with_expert.paligemma.model.vision_tower.vision_model.encoder.layers.12.self_attn.out_proj,addmm,True,bias_addmm,256,1152,1152,1,339738624,1179648,5308416,1179648,f32,0.2222,0.2222,1.0,False,False,wide_skinny,attention_output_projection,recovered_from_ir,recovered_from_prov_fqn,recovered_from_ir,recovered_from_ir
pi05,pi05,239,matmul_319,backbone_once,model.paligemma_with_expert.paligemma.model.vision_tower.vision_model.encoder.layers.12.mlp.fc1,addmm,True,bias_addmm,256,4304,1152,1,1269301248,1179648,19832832,4407296,f32,0.0595,0.2222,3.7361,False,False,wide_skinny,mlp_projection,recovered_from_ir,recovered_from_prov_fqn,recovered_from_ir,recovered_from_ir
pi05,pi05,240,matmul_320,backbone_once,model.paligemma_with_expert.paligemma.model.vision_tower.vision_model.encoder.layers.12.mlp.fc2,addmm,True,bias_addmm,256,1152,4304,1,1269301248,4407296,19832832,1179648,f32,0.2222,0.0595,0.2677,False,False,wide_skinny,mlp_projection,recovered_from_ir,recovered_from_prov_fqn,recovered_from_ir,recovered_from_ir
pi05,pi05,241,matmul_321,backbone_once,model.paligemma_with_expert.paligemma.model.vision_tower.vision_model.encoder.layers.13.self_attn.q_proj,addmm,True,bias_addmm,256,1152,1152,1,339738624,1179648,5308416,1179648,f32,0.2222,0.2222,1.0,False,False,wide_skinny,attention_qkv_projection,recovered_from_ir,recovered_from_prov_fqn,recovered_from_ir,recovered_from_ir
pi05,pi05,242,matmul_322,backbone_once,model.paligemma_with_expert.paligemma.model.vision_tower.vision_model.encoder.layers.13.self_attn.k_proj,addmm,True,bias_addmm,256,1152,1152,1,339738624,1179648,5308416,1179648,f32,0.2222,0.2222,1.0,False,False,wide_skinny,attention_qkv_projection,recovered_from_ir,recovered_from_prov_fqn,recovered_from_ir,recovered_from_ir
pi05,pi05,243,matmul_323,backbone_once,model.paligemma_with_expert.paligemma.model.vision_tower.vision_model.encoder.layers.13.self_attn.v_proj,addmm,True,bias_addmm,256,1152,1152,1,339738624,1179648,5308416,1179648,f32,0.2222,0.2222,1.0,False,False,wide_skinny,attention_qkv_projection,recovered_from_ir,recovered_from_prov_fqn,recovered_from_ir,recovered_from_ir
pi05,pi05,244,matmul_326,backbone_once,model.paligemma_with_expert.paligemma.model.vision_tower.vision_model.encoder.layers.13.self_attn.out_proj,addmm,True,bias_addmm,256,1152,1152,1,339738624,1179648,5308416,1179648,f32,0.2222,0.2222,1.0,False,False,wide_skinny,attention_output_projection,recovered_from_ir,recovered_from_prov_fqn,recovered_from_ir,recovered_from_ir
pi05,pi05,245,matmul_327,backbone_once,model.paligemma_with_expert.paligemma.model.vision_tower.vision_model.encoder.layers.13.mlp.fc1,addmm,True,bias_addmm,256,4304,1152,1,1269301248,1179648,19832832,4407296,f32,0.0595,0.2222,3.7361,False,False,wide_skinny,mlp_projection,recovered_from_ir,recovered_from_prov_fqn,recovered_from_ir,recovered_from_ir
pi05,pi05,246,matmul_328,backbone_once,model.paligemma_with_expert.paligemma.model.vision_tower.vision_model.encoder.layers.13.mlp.fc2,addmm,True,bias_addmm,256,1152,4304,1,1269301248,4407296,19832832,1179648,f32,0.2222,0.0595,0.2677,False,False,wide_skinny,mlp_projection,recovered_from_ir,recovered_from_prov_fqn,recovered_from_ir,recovered_from_ir
pi05,pi05,247,matmul_329,backbone_once,model.paligemma_with_expert.paligemma.model.vision_tower.vision_model.encoder.layers.14.self_attn.q_proj,addmm,True,bias_addmm,256,1152,1152,1,339738624,1179648,5308416,1179648,f32,0.2222,0.2222,1.0,False,False,wide_skinny,attention_qkv_projection,recovered_from_ir,recovered_from_prov_fqn,recovered_from_ir,recovered_from_ir
pi05,pi05,248,matmul_330,backbone_once,model.paligemma_with_expert.paligemma.model.vision_tower.vision_model.encoder.layers.14.self_attn.k_proj,addmm,True,bias_addmm,256,1152,1152,1,339738624,1179648,5308416,1179648,f32,0.2222,0.2222,1.0,False,False,wide_skinny,attention_qkv_projection,recovered_from_ir,recovered_from_prov_fqn,recovered_from_ir,recovered_from_ir
pi05,pi05,249,matmul_331,backbone_once,model.paligemma_with_expert.paligemma.model.vision_tower.vision_model.encoder.layers.14.self_attn.v_proj,addmm,True,bias_addmm,256,1152,1152,1,339738624,1179648,5308416,1179648,f32,0.2222,0.2222,1.0,False,False,wide_skinny,attention_qkv_projection,recovered_from_ir,recovered_from_prov_fqn,recovered_from_ir,recovered_from_ir
pi05,pi05,250,matmul_334,backbone_once,model.paligemma_with_expert.paligemma.model.vision_tower.vision_model.encoder.layers.14.self_attn.out_proj,addmm,True,bias_addmm,256,1152,1152,1,339738624,1179648,5308416,1179648,f32,0.2222,0.2222,1.0,False,False,wide_skinny,attention_output_projection,recovered_from_ir,recovered_from_prov_fqn,recovered_from_ir,recovered_from_ir
pi05,pi05,251,matmul_335,backbone_once,model.paligemma_with_expert.paligemma.model.vision_tower.vision_model.encoder.layers.14.mlp.fc1,addmm,True,bias_addmm,256,4304,1152,1,1269301248,1179648,19832832,4407296,f32,0.0595,0.2222,3.7361,False,False,wide_skinny,mlp_projection,recovered_from_ir,recovered_from_prov_fqn,recovered_from_ir,recovered_from_ir
pi05,pi05,252,matmul_336,backbone_once,model.paligemma_with_expert.paligemma.model.vision_tower.vision_model.encoder.layers.14.mlp.fc2,addmm,True,bias_addmm,256,1152,4304,1,1269301248,4407296,19832832,1179648,f32,0.2222,0.0595,0.2677,False,False,wide_skinny,mlp_projection,recovered_from_ir,recovered_from_prov_fqn,recovered_from_ir,recovered_from_ir
pi05,pi05,253,matmul_337,backbone_once,model.paligemma_with_expert.paligemma.model.vision_tower.vision_model.encoder.layers.15.self_attn.q_proj,addmm,True,bias_addmm,256,1152,1152,1,339738624,1179648,5308416,1179648,f32,0.2222,0.2222,1.0,False,False,wide_skinny,attention_qkv_projection,recovered_from_ir,recovered_from_prov_fqn,recovered_from_ir,recovered_from_ir
pi05,pi05,254,matmul_338,backbone_once,model.paligemma_with_expert.paligemma.model.vision_tower.vision_model.encoder.layers.15.self_attn.k_proj,addmm,True,bias_addmm,256,1152,1152,1,339738624,1179648,5308416,1179648,f32,0.2222,0.2222,1.0,False,False,wide_skinny,attention_qkv_projection,recovered_from_ir,recovered_from_prov_fqn,recovered_from_ir,recovered_from_ir
pi05,pi05,255,matmul_339,backbone_once,model.paligemma_with_expert.paligemma.model.vision_tower.vision_model.encoder.layers.15.self_attn.v_proj,addmm,True,bias_addmm,256,1152,1152,1,339738624,1179648,5308416,1179648,f32,0.2222,0.2222,1.0,False,False,wide_skinny,attention_qkv_projection,recovered_from_ir,recovered_from_prov_fqn,recovered_from_ir,recovered_from_ir
pi05,pi05,256,matmul_342,backbone_once,model.paligemma_with_expert.paligemma.model.vision_tower.vision_model.encoder.layers.15.self_attn.out_proj,addmm,True,bias_addmm,256,1152,1152,1,339738624,1179648,5308416,1179648,f32,0.2222,0.2222,1.0,False,False,wide_skinny,attention_output_projection,recovered_from_ir,recovered_from_prov_fqn,recovered_from_ir,recovered_from_ir
pi05,pi05,257,matmul_343,backbone_once,model.paligemma_with_expert.paligemma.model.vision_tower.vision_model.encoder.layers.15.mlp.fc1,addmm,True,bias_addmm,256,4304,1152,1,1269301248,1179648,19832832,4407296,f32,0.0595,0.2222,3.7361,False,False,wide_skinny,mlp_projection,recovered_from_ir,recovered_from_prov_fqn,recovered_from_ir,recovered_from_ir
pi05,pi05,258,matmul_344,backbone_once,model.paligemma_with_expert.paligemma.model.vision_tower.vision_model.encoder.layers.15.mlp.fc2,addmm,True,bias_addmm,256,1152,4304,1,1269301248,4407296,19832832,1179648,f32,0.2222,0.0595,0.2677,False,False,wide_skinny,mlp_projection,recovered_from_ir,recovered_from_prov_fqn,recovered_from_ir,recovered_from_ir
pi05,pi05,259,matmul_345,backbone_once,model.paligemma_with_expert.paligemma.model.vision_tower.vision_model.encoder.layers.16.self_attn.q_proj,addmm,True,bias_addmm,256,1152,1152,1,339738624,1179648,5308416,1179648,f32,0.2222,0.2222,1.0,False,False,wide_skinny,attention_qkv_projection,recovered_from_ir,recovered_from_prov_fqn,recovered_from_ir,recovered_from_ir
pi05,pi05,260,matmul_346,backbone_once,model.paligemma_with_expert.paligemma.model.vision_tower.vision_model.encoder.layers.16.self_attn.k_proj,addmm,True,bias_addmm,256,1152,1152,1,339738624,1179648,5308416,1179648,f32,0.2222,0.2222,1.0,False,False,wide_skinny,attention_qkv_projection,recovered_from_ir,recovered_from_prov_fqn,recovered_from_ir,recovered_from_ir
pi05,pi05,261,matmul_347,backbone_once,model.paligemma_with_expert.paligemma.model.vision_tower.vision_model.encoder.layers.16.self_attn.v_proj,addmm,True,bias_addmm,256,1152,1152,1,339738624,1179648,5308416,1179648,f32,0.2222,0.2222,1.0,False,False,wide_skinny,attention_qkv_projection,recovered_from_ir,recovered_from_prov_fqn,recovered_from_ir,recovered_from_ir
pi05,pi05,262,matmul_350,backbone_once,model.paligemma_with_expert.paligemma.model.vision_tower.vision_model.encoder.layers.16.self_attn.out_proj,addmm,True,bias_addmm,256,1152,1152,1,339738624,1179648,5308416,1179648,f32,0.2222,0.2222,1.0,False,False,wide_skinny,attention_output_projection,recovered_from_ir,recovered_from_prov_fqn,recovered_from_ir,recovered_from_ir
pi05,pi05,263,matmul_351,backbone_once,model.paligemma_with_expert.paligemma.model.vision_tower.vision_model.encoder.layers.16.mlp.fc1,addmm,True,bias_addmm,256,4304,1152,1,1269301248,1179648,19832832,4407296,f32,0.0595,0.2222,3.7361,False,False,wide_skinny,mlp_projection,recovered_from_ir,recovered_from_prov_fqn,recovered_from_ir,recovered_from_ir
pi05,pi05,264,matmul_352,backbone_once,model.paligemma_with_expert.paligemma.model.vision_tower.vision_model.encoder.layers.16.mlp.fc2,addmm,True,bias_addmm,256,1152,4304,1,1269301248,4407296,19832832,1179648,f32,0.2222,0.0595,0.2677,False,False,wide_skinny,mlp_projection,recovered_from_ir,recovered_from_prov_fqn,recovered_from_ir,recovered_from_ir
pi05,pi05,265,matmul_353,backbone_once,model.paligemma_with_expert.paligemma.model.vision_tower.vision_model.encoder.layers.17.self_attn.q_proj,addmm,True,bias_addmm,256,1152,1152,1,339738624,1179648,5308416,1179648,f32,0.2222,0.2222,1.0,False,False,wide_skinny,attention_qkv_projection,recovered_from_ir,recovered_from_prov_fqn,recovered_from_ir,recovered_from_ir
pi05,pi05,266,matmul_354,backbone_once,model.paligemma_with_expert.paligemma.model.vision_tower.vision_model.encoder.layers.17.self_attn.k_proj,addmm,True,bias_addmm,256,1152,1152,1,339738624,1179648,5308416,1179648,f32,0.2222,0.2222,1.0,False,False,wide_skinny,attention_qkv_projection,recovered_from_ir,recovered_from_prov_fqn,recovered_from_ir,recovered_from_ir
pi05,pi05,267,matmul_355,backbone_once,model.paligemma_with_expert.paligemma.model.vision_tower.vision_model.encoder.layers.17.self_attn.v_proj,addmm,True,bias_addmm,256,1152,1152,1,339738624,1179648,5308416,1179648,f32,0.2222,0.2222,1.0,False,False,wide_skinny,attention_qkv_projection,recovered_from_ir,recovered_from_prov_fqn,recovered_from_ir,recovered_from_ir
pi05,pi05,268,matmul_358,backbone_once,model.paligemma_with_expert.paligemma.model.vision_tower.vision_model.encoder.layers.17.self_attn.out_proj,addmm,True,bias_addmm,256,1152,1152,1,339738624,1179648,5308416,1179648,f32,0.2222,0.2222,1.0,False,False,wide_skinny,attention_output_projection,recovered_from_ir,recovered_from_prov_fqn,recovered_from_ir,recovered_from_ir
pi05,pi05,269,matmul_359,backbone_once,model.paligemma_with_expert.paligemma.model.vision_tower.vision_model.encoder.layers.17.mlp.fc1,addmm,True,bias_addmm,256,4304,1152,1,1269301248,1179648,19832832,4407296,f32,0.0595,0.2222,3.7361,False,False,wide_skinny,mlp_projection,recovered_from_ir,recovered_from_prov_fqn,recovered_from_ir,recovered_from_ir
pi05,pi05,270,matmul_360,backbone_once,model.paligemma_with_expert.paligemma.model.vision_tower.vision_model.encoder.layers.17.mlp.fc2,addmm,True,bias_addmm,256,1152,4304,1,1269301248,4407296,19832832,1179648,f32,0.2222,0.0595,0.2677,False,False,wide_skinny,mlp_projection,recovered_from_ir,recovered_from_prov_fqn,recovered_from_ir,recovered_from_ir
pi05,pi05,271,matmul_361,backbone_once,model.paligemma_with_expert.paligemma.model.vision_tower.vision_model.encoder.layers.18.self_attn.q_proj,addmm,True,bias_addmm,256,1152,1152,1,339738624,1179648,5308416,1179648,f32,0.2222,0.2222,1.0,False,False,wide_skinny,attention_qkv_projection,recovered_from_ir,recovered_from_prov_fqn,recovered_from_ir,recovered_from_ir
pi05,pi05,272,matmul_362,backbone_once,model.paligemma_with_expert.paligemma.model.vision_tower.vision_model.encoder.layers.18.self_attn.k_proj,addmm,True,bias_addmm,256,1152,1152,1,339738624,1179648,5308416,1179648,f32,0.2222,0.2222,1.0,False,False,wide_skinny,attention_qkv_projection,recovered_from_ir,recovered_from_prov_fqn,recovered_from_ir,recovered_from_ir
pi05,pi05,273,matmul_363,backbone_once,model.paligemma_with_expert.paligemma.model.vision_tower.vision_model.encoder.layers.18.self_attn.v_proj,addmm,True,bias_addmm,256,1152,1152,1,339738624,1179648,5308416,1179648,f32,0.2222,0.2222,1.0,False,False,wide_skinny,attention_qkv_projection,recovered_from_ir,recovered_from_prov_fqn,recovered_from_ir,recovered_from_ir
pi05,pi05,274,matmul_366,backbone_once,model.paligemma_with_expert.paligemma.model.vision_tower.vision_model.encoder.layers.18.self_attn.out_proj,addmm,True,bias_addmm,256,1152,1152,1,339738624,1179648,5308416,1179648,f32,0.2222,0.2222,1.0,False,False,wide_skinny,attention_output_projection,recovered_from_ir,recovered_from_prov_fqn,recovered_from_ir,recovered_from_ir
pi05,pi05,275,matmul_367,backbone_once,model.paligemma_with_expert.paligemma.model.vision_tower.vision_model.encoder.layers.18.mlp.fc1,addmm,True,bias_addmm,256,4304,1152,1,1269301248,1179648,19832832,4407296,f32,0.0595,0.2222,3.7361,False,False,wide_skinny,mlp_projection,recovered_from_ir,recovered_from_prov_fqn,recovered_from_ir,recovered_from_ir
pi05,pi05,276,matmul_368,backbone_once,model.paligemma_with_expert.paligemma.model.vision_tower.vision_model.encoder.layers.18.mlp.fc2,addmm,True,bias_addmm,256,1152,4304,1,1269301248,4407296,19832832,1179648,f32,0.2222,0.0595,0.2677,False,False,wide_skinny,mlp_projection,recovered_from_ir,recovered_from_prov_fqn,recovered_from_ir,recovered_from_ir
pi05,pi05,277,matmul_369,backbone_once,model.paligemma_with_expert.paligemma.model.vision_tower.vision_model.encoder.layers.19.self_attn.q_proj,addmm,True,bias_addmm,256,1152,1152,1,339738624,1179648,5308416,1179648,f32,0.2222,0.2222,1.0,False,False,wide_skinny,attention_qkv_projection,recovered_from_ir,recovered_from_prov_fqn,recovered_from_ir,recovered_from_ir
pi05,pi05,278,matmul_370,backbone_once,model.paligemma_with_expert.paligemma.model.vision_tower.vision_model.encoder.layers.19.self_attn.k_proj,addmm,True,bias_addmm,256,1152,1152,1,339738624,1179648,5308416,1179648,f32,0.2222,0.2222,1.0,False,False,wide_skinny,attention_qkv_projection,recovered_from_ir,recovered_from_prov_fqn,recovered_from_ir,recovered_from_ir
pi05,pi05,279,matmul_371,backbone_once,model.paligemma_with_expert.paligemma.model.vision_tower.vision_model.encoder.layers.19.self_attn.v_proj,addmm,True,bias_addmm,256,1152,1152,1,339738624,1179648,5308416,1179648,f32,0.2222,0.2222,1.0,False,False,wide_skinny,attention_qkv_projection,recovered_from_ir,recovered_from_prov_fqn,recovered_from_ir,recovered_from_ir
pi05,pi05,280,matmul_374,backbone_once,model.paligemma_with_expert.paligemma.model.vision_tower.vision_model.encoder.layers.19.self_attn.out_proj,addmm,True,bias_addmm,256,1152,1152,1,339738624,1179648,5308416,1179648,f32,0.2222,0.2222,1.0,False,False,wide_skinny,attention_output_projection,recovered_from_ir,recovered_from_prov_fqn,recovered_from_ir,recovered_from_ir
pi05,pi05,281,matmul_375,backbone_once,model.paligemma_with_expert.paligemma.model.vision_tower.vision_model.encoder.layers.19.mlp.fc1,addmm,True,bias_addmm,256,4304,1152,1,1269301248,1179648,19832832,4407296,f32,0.0595,0.2222,3.7361,False,False,wide_skinny,mlp_projection,recovered_from_ir,recovered_from_prov_fqn,recovered_from_ir,recovered_from_ir
pi05,pi05,282,matmul_376,backbone_once,model.paligemma_with_expert.paligemma.model.vision_tower.vision_model.encoder.layers.19.mlp.fc2,addmm,True,bias_addmm,256,1152,4304,1,1269301248,4407296,19832832,1179648,f32,0.2222,0.0595,0.2677,False,False,wide_skinny,mlp_projection,recovered_from_ir,recovered_from_prov_fqn,recovered_from_ir,recovered_from_ir
pi05,pi05,283,matmul_377,backbone_once,model.paligemma_with_expert.paligemma.model.vision_tower.vision_model.encoder.layers.20.self_attn.q_proj,addmm,True,bias_addmm,256,1152,1152,1,339738624,1179648,5308416,1179648,f32,0.2222,0.2222,1.0,False,False,wide_skinny,attention_qkv_projection,recovered_from_ir,recovered_from_prov_fqn,recovered_from_ir,recovered_from_ir
pi05,pi05,284,matmul_378,backbone_once,model.paligemma_with_expert.paligemma.model.vision_tower.vision_model.encoder.layers.20.self_attn.k_proj,addmm,True,bias_addmm,256,1152,1152,1,339738624,1179648,5308416,1179648,f32,0.2222,0.2222,1.0,False,False,wide_skinny,attention_qkv_projection,recovered_from_ir,recovered_from_prov_fqn,recovered_from_ir,recovered_from_ir
pi05,pi05,285,matmul_379,backbone_once,model.paligemma_with_expert.paligemma.model.vision_tower.vision_model.encoder.layers.20.self_attn.v_proj,addmm,True,bias_addmm,256,1152,1152,1,339738624,1179648,5308416,1179648,f32,0.2222,0.2222,1.0,False,False,wide_skinny,attention_qkv_projection,recovered_from_ir,recovered_from_prov_fqn,recovered_from_ir,recovered_from_ir
pi05,pi05,286,matmul_382,backbone_once,model.paligemma_with_expert.paligemma.model.vision_tower.vision_model.encoder.layers.20.self_attn.out_proj,addmm,True,bias_addmm,256,1152,1152,1,339738624,1179648,5308416,1179648,f32,0.2222,0.2222,1.0,False,False,wide_skinny,attention_output_projection,recovered_from_ir,recovered_from_prov_fqn,recovered_from_ir,recovered_from_ir
pi05,pi05,287,matmul_383,backbone_once,model.paligemma_with_expert.paligemma.model.vision_tower.vision_model.encoder.layers.20.mlp.fc1,addmm,True,bias_addmm,256,4304,1152,1,1269301248,1179648,19832832,4407296,f32,0.0595,0.2222,3.7361,False,False,wide_skinny,mlp_projection,recovered_from_ir,recovered_from_prov_fqn,recovered_from_ir,recovered_from_ir
pi05,pi05,288,matmul_384,backbone_once,model.paligemma_with_expert.paligemma.model.vision_tower.vision_model.encoder.layers.20.mlp.fc2,addmm,True,bias_addmm,256,1152,4304,1,1269301248,4407296,19832832,1179648,f32,0.2222,0.0595,0.2677,False,False,wide_skinny,mlp_projection,recovered_from_ir,recovered_from_prov_fqn,recovered_from_ir,recovered_from_ir
pi05,pi05,289,matmul_385,backbone_once,model.paligemma_with_expert.paligemma.model.vision_tower.vision_model.encoder.layers.21.self_attn.q_proj,addmm,True,bias_addmm,256,1152,1152,1,339738624,1179648,5308416,1179648,f32,0.2222,0.2222,1.0,False,False,wide_skinny,attention_qkv_projection,recovered_from_ir,recovered_from_prov_fqn,recovered_from_ir,recovered_from_ir
pi05,pi05,290,matmul_386,backbone_once,model.paligemma_with_expert.paligemma.model.vision_tower.vision_model.encoder.layers.21.self_attn.k_proj,addmm,True,bias_addmm,256,1152,1152,1,339738624,1179648,5308416,1179648,f32,0.2222,0.2222,1.0,False,False,wide_skinny,attention_qkv_projection,recovered_from_ir,recovered_from_prov_fqn,recovered_from_ir,recovered_from_ir
pi05,pi05,291,matmul_387,backbone_once,model.paligemma_with_expert.paligemma.model.vision_tower.vision_model.encoder.layers.21.self_attn.v_proj,addmm,True,bias_addmm,256,1152,1152,1,339738624,1179648,5308416,1179648,f32,0.2222,0.2222,1.0,False,False,wide_skinny,attention_qkv_projection,recovered_from_ir,recovered_from_prov_fqn,recovered_from_ir,recovered_from_ir
pi05,pi05,292,matmul_390,backbone_once,model.paligemma_with_expert.paligemma.model.vision_tower.vision_model.encoder.layers.21.self_attn.out_proj,addmm,True,bias_addmm,256,1152,1152,1,339738624,1179648,5308416,1179648,f32,0.2222,0.2222,1.0,False,False,wide_skinny,attention_output_projection,recovered_from_ir,recovered_from_prov_fqn,recovered_from_ir,recovered_from_ir
pi05,pi05,293,matmul_391,backbone_once,model.paligemma_with_expert.paligemma.model.vision_tower.vision_model.encoder.layers.21.mlp.fc1,addmm,True,bias_addmm,256,4304,1152,1,1269301248,1179648,19832832,4407296,f32,0.0595,0.2222,3.7361,False,False,wide_skinny,mlp_projection,recovered_from_ir,recovered_from_prov_fqn,recovered_from_ir,recovered_from_ir
pi05,pi05,294,matmul_392,backbone_once,model.paligemma_with_expert.paligemma.model.vision_tower.vision_model.encoder.layers.21.mlp.fc2,addmm,True,bias_addmm,256,1152,4304,1,1269301248,4407296,19832832,1179648,f32,0.2222,0.0595,0.2677,False,False,wide_skinny,mlp_projection,recovered_from_ir,recovered_from_prov_fqn,recovered_from_ir,recovered_from_ir
pi05,pi05,295,matmul_393,backbone_once,model.paligemma_with_expert.paligemma.model.vision_tower.vision_model.encoder.layers.22.self_attn.q_proj,addmm,True,bias_addmm,256,1152,1152,1,339738624,1179648,5308416,1179648,f32,0.2222,0.2222,1.0,False,False,wide_skinny,attention_qkv_projection,recovered_from_ir,recovered_from_prov_fqn,recovered_from_ir,recovered_from_ir
pi05,pi05,296,matmul_394,backbone_once,model.paligemma_with_expert.paligemma.model.vision_tower.vision_model.encoder.layers.22.self_attn.k_proj,addmm,True,bias_addmm,256,1152,1152,1,339738624,1179648,5308416,1179648,f32,0.2222,0.2222,1.0,False,False,wide_skinny,attention_qkv_projection,recovered_from_ir,recovered_from_prov_fqn,recovered_from_ir,recovered_from_ir
pi05,pi05,297,matmul_395,backbone_once,model.paligemma_with_expert.paligemma.model.vision_tower.vision_model.encoder.layers.22.self_attn.v_proj,addmm,True,bias_addmm,256,1152,1152,1,339738624,1179648,5308416,1179648,f32,0.2222,0.2222,1.0,False,False,wide_skinny,attention_qkv_projection,recovered_from_ir,recovered_from_prov_fqn,recovered_from_ir,recovered_from_ir
pi05,pi05,298,matmul_398,backbone_once,model.paligemma_with_expert.paligemma.model.vision_tower.vision_model.encoder.layers.22.self_attn.out_proj,addmm,True,bias_addmm,256,1152,1152,1,339738624,1179648,5308416,1179648,f32,0.2222,0.2222,1.0,False,False,wide_skinny,attention_output_projection,recovered_from_ir,recovered_from_prov_fqn,recovered_from_ir,recovered_from_ir
pi05,pi05,299,matmul_399,backbone_once,model.paligemma_with_expert.paligemma.model.vision_tower.vision_model.encoder.layers.22.mlp.fc1,addmm,True,bias_addmm,256,4304,1152,1,1269301248,1179648,19832832,4407296,f32,0.0595,0.2222,3.7361,False,False,wide_skinny,mlp_projection,recovered_from_ir,recovered_from_prov_fqn,recovered_from_ir,recovered_from_ir
pi05,pi05,300,matmul_400,backbone_once,model.paligemma_with_expert.paligemma.model.vision_tower.vision_model.encoder.layers.22.mlp.fc2,addmm,True,bias_addmm,256,1152,4304,1,1269301248,4407296,19832832,1179648,f32,0.2222,0.0595,0.2677,False,False,wide_skinny,mlp_projection,recovered_from_ir,recovered_from_prov_fqn,recovered_from_ir,recovered_from_ir
pi05,pi05,301,matmul_401,backbone_once,model.paligemma_with_expert.paligemma.model.vision_tower.vision_model.encoder.layers.23.self_attn.q_proj,addmm,True,bias_addmm,256,1152,1152,1,339738624,1179648,5308416,1179648,f32,0.2222,0.2222,1.0,False,False,wide_skinny,attention_qkv_projection,recovered_from_ir,recovered_from_prov_fqn,recovered_from_ir,recovered_from_ir
pi05,pi05,302,matmul_402,backbone_once,model.paligemma_with_expert.paligemma.model.vision_tower.vision_model.encoder.layers.23.self_attn.k_proj,addmm,True,bias_addmm,256,1152,1152,1,339738624,1179648,5308416,1179648,f32,0.2222,0.2222,1.0,False,False,wide_skinny,attention_qkv_projection,recovered_from_ir,recovered_from_prov_fqn,recovered_from_ir,recovered_from_ir
pi05,pi05,303,matmul_403,backbone_once,model.paligemma_with_expert.paligemma.model.vision_tower.vision_model.encoder.layers.23.self_attn.v_proj,addmm,True,bias_addmm,256,1152,1152,1,339738624,1179648,5308416,1179648,f32,0.2222,0.2222,1.0,False,False,wide_skinny,attention_qkv_projection,recovered_from_ir,recovered_from_prov_fqn,recovered_from_ir,recovered_from_ir
pi05,pi05,304,matmul_406,backbone_once,model.paligemma_with_expert.paligemma.model.vision_tower.vision_model.encoder.layers.23.self_attn.out_proj,addmm,True,bias_addmm,256,1152,1152,1,339738624,1179648,5308416,1179648,f32,0.2222,0.2222,1.0,False,False,wide_skinny,attention_output_projection,recovered_from_ir,recovered_from_prov_fqn,recovered_from_ir,recovered_from_ir
pi05,pi05,305,matmul_407,backbone_once,model.paligemma_with_expert.paligemma.model.vision_tower.vision_model.encoder.layers.23.mlp.fc1,addmm,True,bias_addmm,256,4304,1152,1,1269301248,1179648,19832832,4407296,f32,0.0595,0.2222,3.7361,False,False,wide_skinny,mlp_projection,recovered_from_ir,recovered_from_prov_fqn,recovered_from_ir,recovered_from_ir
pi05,pi05,306,matmul_408,backbone_once,model.paligemma_with_expert.paligemma.model.vision_tower.vision_model.encoder.layers.23.mlp.fc2,addmm,True,bias_addmm,256,1152,4304,1,1269301248,4407296,19832832,1179648,f32,0.2222,0.0595,0.2677,False,False,wide_skinny,mlp_projection,recovered_from_ir,recovered_from_prov_fqn,recovered_from_ir,recovered_from_ir
pi05,pi05,307,matmul_409,backbone_once,model.paligemma_with_expert.paligemma.model.vision_tower.vision_model.encoder.layers.24.self_attn.q_proj,addmm,True,bias_addmm,256,1152,1152,1,339738624,1179648,5308416,1179648,f32,0.2222,0.2222,1.0,False,False,wide_skinny,attention_qkv_projection,recovered_from_ir,recovered_from_prov_fqn,recovered_from_ir,recovered_from_ir
pi05,pi05,308,matmul_410,backbone_once,model.paligemma_with_expert.paligemma.model.vision_tower.vision_model.encoder.layers.24.self_attn.k_proj,addmm,True,bias_addmm,256,1152,1152,1,339738624,1179648,5308416,1179648,f32,0.2222,0.2222,1.0,False,False,wide_skinny,attention_qkv_projection,recovered_from_ir,recovered_from_prov_fqn,recovered_from_ir,recovered_from_ir
pi05,pi05,309,matmul_411,backbone_once,model.paligemma_with_expert.paligemma.model.vision_tower.vision_model.encoder.layers.24.self_attn.v_proj,addmm,True,bias_addmm,256,1152,1152,1,339738624,1179648,5308416,1179648,f32,0.2222,0.2222,1.0,False,False,wide_skinny,attention_qkv_projection,recovered_from_ir,recovered_from_prov_fqn,recovered_from_ir,recovered_from_ir
pi05,pi05,310,matmul_414,backbone_once,model.paligemma_with_expert.paligemma.model.vision_tower.vision_model.encoder.layers.24.self_attn.out_proj,addmm,True,bias_addmm,256,1152,1152,1,339738624,1179648,5308416,1179648,f32,0.2222,0.2222,1.0,False,False,wide_skinny,attention_output_projection,recovered_from_ir,recovered_from_prov_fqn,recovered_from_ir,recovered_from_ir
pi05,pi05,311,matmul_415,backbone_once,model.paligemma_with_expert.paligemma.model.vision_tower.vision_model.encoder.layers.24.mlp.fc1,addmm,True,bias_addmm,256,4304,1152,1,1269301248,1179648,19832832,4407296,f32,0.0595,0.2222,3.7361,False,False,wide_skinny,mlp_projection,recovered_from_ir,recovered_from_prov_fqn,recovered_from_ir,recovered_from_ir
pi05,pi05,312,matmul_416,backbone_once,model.paligemma_with_expert.paligemma.model.vision_tower.vision_model.encoder.layers.24.mlp.fc2,addmm,True,bias_addmm,256,1152,4304,1,1269301248,4407296,19832832,1179648,f32,0.2222,0.0595,0.2677,False,False,wide_skinny,mlp_projection,recovered_from_ir,recovered_from_prov_fqn,recovered_from_ir,recovered_from_ir
pi05,pi05,313,matmul_417,backbone_once,model.paligemma_with_expert.paligemma.model.vision_tower.vision_model.encoder.layers.25.self_attn.q_proj,addmm,True,bias_addmm,256,1152,1152,1,339738624,1179648,5308416,1179648,f32,0.2222,0.2222,1.0,False,False,wide_skinny,attention_qkv_projection,recovered_from_ir,recovered_from_prov_fqn,recovered_from_ir,recovered_from_ir
pi05,pi05,314,matmul_418,backbone_once,model.paligemma_with_expert.paligemma.model.vision_tower.vision_model.encoder.layers.25.self_attn.k_proj,addmm,True,bias_addmm,256,1152,1152,1,339738624,1179648,5308416,1179648,f32,0.2222,0.2222,1.0,False,False,wide_skinny,attention_qkv_projection,recovered_from_ir,recovered_from_prov_fqn,recovered_from_ir,recovered_from_ir
pi05,pi05,315,matmul_419,backbone_once,model.paligemma_with_expert.paligemma.model.vision_tower.vision_model.encoder.layers.25.self_attn.v_proj,addmm,True,bias_addmm,256,1152,1152,1,339738624,1179648,5308416,1179648,f32,0.2222,0.2222,1.0,False,False,wide_skinny,attention_qkv_projection,recovered_from_ir,recovered_from_prov_fqn,recovered_from_ir,recovered_from_ir
pi05,pi05,316,matmul_422,backbone_once,model.paligemma_with_expert.paligemma.model.vision_tower.vision_model.encoder.layers.25.self_attn.out_proj,addmm,True,bias_addmm,256,1152,1152,1,339738624,1179648,5308416,1179648,f32,0.2222,0.2222,1.0,False,False,wide_skinny,attention_output_projection,recovered_from_ir,recovered_from_prov_fqn,recovered_from_ir,recovered_from_ir
pi05,pi05,317,matmul_423,backbone_once,model.paligemma_with_expert.paligemma.model.vision_tower.vision_model.encoder.layers.25.mlp.fc1,addmm,True,bias_addmm,256,4304,1152,1,1269301248,1179648,19832832,4407296,f32,0.0595,0.2222,3.7361,False,False,wide_skinny,mlp_projection,recovered_from_ir,recovered_from_prov_fqn,recovered_from_ir,recovered_from_ir
pi05,pi05,318,matmul_424,backbone_once,model.paligemma_with_expert.paligemma.model.vision_tower.vision_model.encoder.layers.25.mlp.fc2,addmm,True,bias_addmm,256,1152,4304,1,1269301248,4407296,19832832,1179648,f32,0.2222,0.0595,0.2677,False,False,wide_skinny,mlp_projection,recovered_from_ir,recovered_from_prov_fqn,recovered_from_ir,recovered_from_ir
pi05,pi05,319,matmul_425,backbone_once,model.paligemma_with_expert.paligemma.model.vision_tower.vision_model.encoder.layers.26.self_attn.q_proj,addmm,True,bias_addmm,256,1152,1152,1,339738624,1179648,5308416,1179648,f32,0.2222,0.2222,1.0,False,False,wide_skinny,attention_qkv_projection,recovered_from_ir,recovered_from_prov_fqn,recovered_from_ir,recovered_from_ir
pi05,pi05,320,matmul_426,backbone_once,model.paligemma_with_expert.paligemma.model.vision_tower.vision_model.encoder.layers.26.self_attn.k_proj,addmm,True,bias_addmm,256,1152,1152,1,339738624,1179648,5308416,1179648,f32,0.2222,0.2222,1.0,False,False,wide_skinny,attention_qkv_projection,recovered_from_ir,recovered_from_prov_fqn,recovered_from_ir,recovered_from_ir
pi05,pi05,321,matmul_427,backbone_once,model.paligemma_with_expert.paligemma.model.vision_tower.vision_model.encoder.layers.26.self_attn.v_proj,addmm,True,bias_addmm,256,1152,1152,1,339738624,1179648,5308416,1179648,f32,0.2222,0.2222,1.0,False,False,wide_skinny,attention_qkv_projection,recovered_from_ir,recovered_from_prov_fqn,recovered_from_ir,recovered_from_ir
pi05,pi05,322,matmul_430,backbone_once,model.paligemma_with_expert.paligemma.model.vision_tower.vision_model.encoder.layers.26.self_attn.out_proj,addmm,True,bias_addmm,256,1152,1152,1,339738624,1179648,5308416,1179648,f32,0.2222,0.2222,1.0,False,False,wide_skinny,attention_output_projection,recovered_from_ir,recovered_from_prov_fqn,recovered_from_ir,recovered_from_ir
pi05,pi05,323,matmul_431,backbone_once,model.paligemma_with_expert.paligemma.model.vision_tower.vision_model.encoder.layers.26.mlp.fc1,addmm,True,bias_addmm,256,4304,1152,1,1269301248,1179648,19832832,4407296,f32,0.0595,0.2222,3.7361,False,False,wide_skinny,mlp_projection,recovered_from_ir,recovered_from_prov_fqn,recovered_from_ir,recovered_from_ir
pi05,pi05,324,matmul_432,backbone_once,model.paligemma_with_expert.paligemma.model.vision_tower.vision_model.encoder.layers.26.mlp.fc2,addmm,True,bias_addmm,256,1152,4304,1,1269301248,4407296,19832832,1179648,f32,0.2222,0.0595,0.2677,False,False,wide_skinny,mlp_projection,recovered_from_ir,recovered_from_prov_fqn,recovered_from_ir,recovered_from_ir
pi05,pi05,325,matmul_433,backbone_once,model.paligemma_with_expert.paligemma.model.multi_modal_projector.linear,addmm,True,bias_addmm,256,2048,1152,1,603979776,1179648,9437184,2097152,f32,0.125,0.2222,1.7778,False,False,wide_skinny,mlp_projection,recovered_from_ir,recovered_from_prov_fqn,recovered_from_ir,recovered_from_ir
pi05,pi05,326,matmul_434,backbone_once,model.paligemma_with_expert.paligemma.model.vision_tower.vision_model.encoder.layers.0.self_attn.q_proj,addmm,True,bias_addmm,256,1152,1152,1,339738624,1179648,5308416,1179648,f32,0.2222,0.2222,1.0,False,False,wide_skinny,attention_qkv_projection,recovered_from_ir,recovered_from_prov_fqn,recovered_from_ir,recovered_from_ir
pi05,pi05,327,matmul_435,backbone_once,model.paligemma_with_expert.paligemma.model.vision_tower.vision_model.encoder.layers.0.self_attn.k_proj,addmm,True,bias_addmm,256,1152,1152,1,339738624,1179648,5308416,1179648,f32,0.2222,0.2222,1.0,False,False,wide_skinny,attention_qkv_projection,recovered_from_ir,recovered_from_prov_fqn,recovered_from_ir,recovered_from_ir
pi05,pi05,328,matmul_436,backbone_once,model.paligemma_with_expert.paligemma.model.vision_tower.vision_model.encoder.layers.0.self_attn.v_proj,addmm,True,bias_addmm,256,1152,1152,1,339738624,1179648,5308416,1179648,f32,0.2222,0.2222,1.0,False,False,wide_skinny,attention_qkv_projection,recovered_from_ir,recovered_from_prov_fqn,recovered_from_ir,recovered_from_ir
pi05,pi05,329,matmul_439,backbone_once,model.paligemma_with_expert.paligemma.model.vision_tower.vision_model.encoder.layers.0.self_attn.out_proj,addmm,True,bias_addmm,256,1152,1152,1,339738624,1179648,5308416,1179648,f32,0.2222,0.2222,1.0,False,False,wide_skinny,attention_output_projection,recovered_from_ir,recovered_from_prov_fqn,recovered_from_ir,recovered_from_ir
pi05,pi05,330,matmul_440,backbone_once,model.paligemma_with_expert.paligemma.model.vision_tower.vision_model.encoder.layers.0.mlp.fc1,addmm,True,bias_addmm,256,4304,1152,1,1269301248,1179648,19832832,4407296,f32,0.0595,0.2222,3.7361,False,False,wide_skinny,mlp_projection,recovered_from_ir,recovered_from_prov_fqn,recovered_from_ir,recovered_from_ir
pi05,pi05,331,matmul_441,backbone_once,model.paligemma_with_expert.paligemma.model.vision_tower.vision_model.encoder.layers.0.mlp.fc2,addmm,True,bias_addmm,256,1152,4304,1,1269301248,4407296,19832832,1179648,f32,0.2222,0.0595,0.2677,False,False,wide_skinny,mlp_projection,recovered_from_ir,recovered_from_prov_fqn,recovered_from_ir,recovered_from_ir
pi05,pi05,332,matmul_442,backbone_once,model.paligemma_with_expert.paligemma.model.vision_tower.vision_model.encoder.layers.1.self_attn.q_proj,addmm,True,bias_addmm,256,1152,1152,1,339738624,1179648,5308416,1179648,f32,0.2222,0.2222,1.0,False,False,wide_skinny,attention_qkv_projection,recovered_from_ir,recovered_from_prov_fqn,recovered_from_ir,recovered_from_ir
pi05,pi05,333,matmul_443,backbone_once,model.paligemma_with_expert.paligemma.model.vision_tower.vision_model.encoder.layers.1.self_attn.k_proj,addmm,True,bias_addmm,256,1152,1152,1,339738624,1179648,5308416,1179648,f32,0.2222,0.2222,1.0,False,False,wide_skinny,attention_qkv_projection,recovered_from_ir,recovered_from_prov_fqn,recovered_from_ir,recovered_from_ir
pi05,pi05,334,matmul_444,backbone_once,model.paligemma_with_expert.paligemma.model.vision_tower.vision_model.encoder.layers.1.self_attn.v_proj,addmm,True,bias_addmm,256,1152,1152,1,339738624,1179648,5308416,1179648,f32,0.2222,0.2222,1.0,False,False,wide_skinny,attention_qkv_projection,recovered_from_ir,recovered_from_prov_fqn,recovered_from_ir,recovered_from_ir
pi05,pi05,335,matmul_447,backbone_once,model.paligemma_with_expert.paligemma.model.vision_tower.vision_model.encoder.layers.1.self_attn.out_proj,addmm,True,bias_addmm,256,1152,1152,1,339738624,1179648,5308416,1179648,f32,0.2222,0.2222,1.0,False,False,wide_skinny,attention_output_projection,recovered_from_ir,recovered_from_prov_fqn,recovered_from_ir,recovered_from_ir
pi05,pi05,336,matmul_448,backbone_once,model.paligemma_with_expert.paligemma.model.vision_tower.vision_model.encoder.layers.1.mlp.fc1,addmm,True,bias_addmm,256,4304,1152,1,1269301248,1179648,19832832,4407296,f32,0.0595,0.2222,3.7361,False,False,wide_skinny,mlp_projection,recovered_from_ir,recovered_from_prov_fqn,recovered_from_ir,recovered_from_ir
pi05,pi05,337,matmul_449,backbone_once,model.paligemma_with_expert.paligemma.model.vision_tower.vision_model.encoder.layers.1.mlp.fc2,addmm,True,bias_addmm,256,1152,4304,1,1269301248,4407296,19832832,1179648,f32,0.2222,0.0595,0.2677,False,False,wide_skinny,mlp_projection,recovered_from_ir,recovered_from_prov_fqn,recovered_from_ir,recovered_from_ir
pi05,pi05,338,matmul_450,backbone_once,model.paligemma_with_expert.paligemma.model.vision_tower.vision_model.encoder.layers.2.self_attn.q_proj,addmm,True,bias_addmm,256,1152,1152,1,339738624,1179648,5308416,1179648,f32,0.2222,0.2222,1.0,False,False,wide_skinny,attention_qkv_projection,recovered_from_ir,recovered_from_prov_fqn,recovered_from_ir,recovered_from_ir
pi05,pi05,339,matmul_451,backbone_once,model.paligemma_with_expert.paligemma.model.vision_tower.vision_model.encoder.layers.2.self_attn.k_proj,addmm,True,bias_addmm,256,1152,1152,1,339738624,1179648,5308416,1179648,f32,0.2222,0.2222,1.0,False,False,wide_skinny,attention_qkv_projection,recovered_from_ir,recovered_from_prov_fqn,recovered_from_ir,recovered_from_ir
pi05,pi05,340,matmul_452,backbone_once,model.paligemma_with_expert.paligemma.model.vision_tower.vision_model.encoder.layers.2.self_attn.v_proj,addmm,True,bias_addmm,256,1152,1152,1,339738624,1179648,5308416,1179648,f32,0.2222,0.2222,1.0,False,False,wide_skinny,attention_qkv_projection,recovered_from_ir,recovered_from_prov_fqn,recovered_from_ir,recovered_from_ir
pi05,pi05,341,matmul_455,backbone_once,model.paligemma_with_expert.paligemma.model.vision_tower.vision_model.encoder.layers.2.self_attn.out_proj,addmm,True,bias_addmm,256,1152,1152,1,339738624,1179648,5308416,1179648,f32,0.2222,0.2222,1.0,False,False,wide_skinny,attention_output_projection,recovered_from_ir,recovered_from_prov_fqn,recovered_from_ir,recovered_from_ir
pi05,pi05,342,matmul_456,backbone_once,model.paligemma_with_expert.paligemma.model.vision_tower.vision_model.encoder.layers.2.mlp.fc1,addmm,True,bias_addmm,256,4304,1152,1,1269301248,1179648,19832832,4407296,f32,0.0595,0.2222,3.7361,False,False,wide_skinny,mlp_projection,recovered_from_ir,recovered_from_prov_fqn,recovered_from_ir,recovered_from_ir
pi05,pi05,343,matmul_457,backbone_once,model.paligemma_with_expert.paligemma.model.vision_tower.vision_model.encoder.layers.2.mlp.fc2,addmm,True,bias_addmm,256,1152,4304,1,1269301248,4407296,19832832,1179648,f32,0.2222,0.0595,0.2677,False,False,wide_skinny,mlp_projection,recovered_from_ir,recovered_from_prov_fqn,recovered_from_ir,recovered_from_ir
pi05,pi05,344,matmul_458,backbone_once,model.paligemma_with_expert.paligemma.model.vision_tower.vision_model.encoder.layers.3.self_attn.q_proj,addmm,True,bias_addmm,256,1152,1152,1,339738624,1179648,5308416,1179648,f32,0.2222,0.2222,1.0,False,False,wide_skinny,attention_qkv_projection,recovered_from_ir,recovered_from_prov_fqn,recovered_from_ir,recovered_from_ir
pi05,pi05,345,matmul_459,backbone_once,model.paligemma_with_expert.paligemma.model.vision_tower.vision_model.encoder.layers.3.self_attn.k_proj,addmm,True,bias_addmm,256,1152,1152,1,339738624,1179648,5308416,1179648,f32,0.2222,0.2222,1.0,False,False,wide_skinny,attention_qkv_projection,recovered_from_ir,recovered_from_prov_fqn,recovered_from_ir,recovered_from_ir
pi05,pi05,346,matmul_460,backbone_once,model.paligemma_with_expert.paligemma.model.vision_tower.vision_model.encoder.layers.3.self_attn.v_proj,addmm,True,bias_addmm,256,1152,1152,1,339738624,1179648,5308416,1179648,f32,0.2222,0.2222,1.0,False,False,wide_skinny,attention_qkv_projection,recovered_from_ir,recovered_from_prov_fqn,recovered_from_ir,recovered_from_ir
pi05,pi05,347,matmul_463,backbone_once,model.paligemma_with_expert.paligemma.model.vision_tower.vision_model.encoder.layers.3.self_attn.out_proj,addmm,True,bias_addmm,256,1152,1152,1,339738624,1179648,5308416,1179648,f32,0.2222,0.2222,1.0,False,False,wide_skinny,attention_output_projection,recovered_from_ir,recovered_from_prov_fqn,recovered_from_ir,recovered_from_ir
pi05,pi05,348,matmul_464,backbone_once,model.paligemma_with_expert.paligemma.model.vision_tower.vision_model.encoder.layers.3.mlp.fc1,addmm,True,bias_addmm,256,4304,1152,1,1269301248,1179648,19832832,4407296,f32,0.0595,0.2222,3.7361,False,False,wide_skinny,mlp_projection,recovered_from_ir,recovered_from_prov_fqn,recovered_from_ir,recovered_from_ir
pi05,pi05,349,matmul_465,backbone_once,model.paligemma_with_expert.paligemma.model.vision_tower.vision_model.encoder.layers.3.mlp.fc2,addmm,True,bias_addmm,256,1152,4304,1,1269301248,4407296,19832832,1179648,f32,0.2222,0.0595,0.2677,False,False,wide_skinny,mlp_projection,recovered_from_ir,recovered_from_prov_fqn,recovered_from_ir,recovered_from_ir
pi05,pi05,350,matmul_466,backbone_once,model.paligemma_with_expert.paligemma.model.vision_tower.vision_model.encoder.layers.4.self_attn.q_proj,addmm,True,bias_addmm,256,1152,1152,1,339738624,1179648,5308416,1179648,f32,0.2222,0.2222,1.0,False,False,wide_skinny,attention_qkv_projection,recovered_from_ir,recovered_from_prov_fqn,recovered_from_ir,recovered_from_ir
pi05,pi05,351,matmul_467,backbone_once,model.paligemma_with_expert.paligemma.model.vision_tower.vision_model.encoder.layers.4.self_attn.k_proj,addmm,True,bias_addmm,256,1152,1152,1,339738624,1179648,5308416,1179648,f32,0.2222,0.2222,1.0,False,False,wide_skinny,attention_qkv_projection,recovered_from_ir,recovered_from_prov_fqn,recovered_from_ir,recovered_from_ir
pi05,pi05,352,matmul_468,backbone_once,model.paligemma_with_expert.paligemma.model.vision_tower.vision_model.encoder.layers.4.self_attn.v_proj,addmm,True,bias_addmm,256,1152,1152,1,339738624,1179648,5308416,1179648,f32,0.2222,0.2222,1.0,False,False,wide_skinny,attention_qkv_projection,recovered_from_ir,recovered_from_prov_fqn,recovered_from_ir,recovered_from_ir
pi05,pi05,353,matmul_471,backbone_once,model.paligemma_with_expert.paligemma.model.vision_tower.vision_model.encoder.layers.4.self_attn.out_proj,addmm,True,bias_addmm,256,1152,1152,1,339738624,1179648,5308416,1179648,f32,0.2222,0.2222,1.0,False,False,wide_skinny,attention_output_projection,recovered_from_ir,recovered_from_prov_fqn,recovered_from_ir,recovered_from_ir
pi05,pi05,354,matmul_472,backbone_once,model.paligemma_with_expert.paligemma.model.vision_tower.vision_model.encoder.layers.4.mlp.fc1,addmm,True,bias_addmm,256,4304,1152,1,1269301248,1179648,19832832,4407296,f32,0.0595,0.2222,3.7361,False,False,wide_skinny,mlp_projection,recovered_from_ir,recovered_from_prov_fqn,recovered_from_ir,recovered_from_ir
pi05,pi05,355,matmul_473,backbone_once,model.paligemma_with_expert.paligemma.model.vision_tower.vision_model.encoder.layers.4.mlp.fc2,addmm,True,bias_addmm,256,1152,4304,1,1269301248,4407296,19832832,1179648,f32,0.2222,0.0595,0.2677,False,False,wide_skinny,mlp_projection,recovered_from_ir,recovered_from_prov_fqn,recovered_from_ir,recovered_from_ir
pi05,pi05,356,matmul_474,backbone_once,model.paligemma_with_expert.paligemma.model.vision_tower.vision_model.encoder.layers.5.self_attn.q_proj,addmm,True,bias_addmm,256,1152,1152,1,339738624,1179648,5308416,1179648,f32,0.2222,0.2222,1.0,False,False,wide_skinny,attention_qkv_projection,recovered_from_ir,recovered_from_prov_fqn,recovered_from_ir,recovered_from_ir
pi05,pi05,357,matmul_475,backbone_once,model.paligemma_with_expert.paligemma.model.vision_tower.vision_model.encoder.layers.5.self_attn.k_proj,addmm,True,bias_addmm,256,1152,1152,1,339738624,1179648,5308416,1179648,f32,0.2222,0.2222,1.0,False,False,wide_skinny,attention_qkv_projection,recovered_from_ir,recovered_from_prov_fqn,recovered_from_ir,recovered_from_ir
pi05,pi05,358,matmul_476,backbone_once,model.paligemma_with_expert.paligemma.model.vision_tower.vision_model.encoder.layers.5.self_attn.v_proj,addmm,True,bias_addmm,256,1152,1152,1,339738624,1179648,5308416,1179648,f32,0.2222,0.2222,1.0,False,False,wide_skinny,attention_qkv_projection,recovered_from_ir,recovered_from_prov_fqn,recovered_from_ir,recovered_from_ir
pi05,pi05,359,matmul_479,backbone_once,model.paligemma_with_expert.paligemma.model.vision_tower.vision_model.encoder.layers.5.self_attn.out_proj,addmm,True,bias_addmm,256,1152,1152,1,339738624,1179648,5308416,1179648,f32,0.2222,0.2222,1.0,False,False,wide_skinny,attention_output_projection,recovered_from_ir,recovered_from_prov_fqn,recovered_from_ir,recovered_from_ir
pi05,pi05,360,matmul_480,backbone_once,model.paligemma_with_expert.paligemma.model.vision_tower.vision_model.encoder.layers.5.mlp.fc1,addmm,True,bias_addmm,256,4304,1152,1,1269301248,1179648,19832832,4407296,f32,0.0595,0.2222,3.7361,False,False,wide_skinny,mlp_projection,recovered_from_ir,recovered_from_prov_fqn,recovered_from_ir,recovered_from_ir
pi05,pi05,361,matmul_481,backbone_once,model.paligemma_with_expert.paligemma.model.vision_tower.vision_model.encoder.layers.5.mlp.fc2,addmm,True,bias_addmm,256,1152,4304,1,1269301248,4407296,19832832,1179648,f32,0.2222,0.0595,0.2677,False,False,wide_skinny,mlp_projection,recovered_from_ir,recovered_from_prov_fqn,recovered_from_ir,recovered_from_ir
pi05,pi05,362,matmul_482,backbone_once,model.paligemma_with_expert.paligemma.model.vision_tower.vision_model.encoder.layers.6.self_attn.q_proj,addmm,True,bias_addmm,256,1152,1152,1,339738624,1179648,5308416,1179648,f32,0.2222,0.2222,1.0,False,False,wide_skinny,attention_qkv_projection,recovered_from_ir,recovered_from_prov_fqn,recovered_from_ir,recovered_from_ir
pi05,pi05,363,matmul_483,backbone_once,model.paligemma_with_expert.paligemma.model.vision_tower.vision_model.encoder.layers.6.self_attn.k_proj,addmm,True,bias_addmm,256,1152,1152,1,339738624,1179648,5308416,1179648,f32,0.2222,0.2222,1.0,False,False,wide_skinny,attention_qkv_projection,recovered_from_ir,recovered_from_prov_fqn,recovered_from_ir,recovered_from_ir
pi05,pi05,364,matmul_484,backbone_once,model.paligemma_with_expert.paligemma.model.vision_tower.vision_model.encoder.layers.6.self_attn.v_proj,addmm,True,bias_addmm,256,1152,1152,1,339738624,1179648,5308416,1179648,f32,0.2222,0.2222,1.0,False,False,wide_skinny,attention_qkv_projection,recovered_from_ir,recovered_from_prov_fqn,recovered_from_ir,recovered_from_ir
pi05,pi05,365,matmul_487,backbone_once,model.paligemma_with_expert.paligemma.model.vision_tower.vision_model.encoder.layers.6.self_attn.out_proj,addmm,True,bias_addmm,256,1152,1152,1,339738624,1179648,5308416,1179648,f32,0.2222,0.2222,1.0,False,False,wide_skinny,attention_output_projection,recovered_from_ir,recovered_from_prov_fqn,recovered_from_ir,recovered_from_ir
pi05,pi05,366,matmul_488,backbone_once,model.paligemma_with_expert.paligemma.model.vision_tower.vision_model.encoder.layers.6.mlp.fc1,addmm,True,bias_addmm,256,4304,1152,1,1269301248,1179648,19832832,4407296,f32,0.0595,0.2222,3.7361,False,False,wide_skinny,mlp_projection,recovered_from_ir,recovered_from_prov_fqn,recovered_from_ir,recovered_from_ir
pi05,pi05,367,matmul_489,backbone_once,model.paligemma_with_expert.paligemma.model.vision_tower.vision_model.encoder.layers.6.mlp.fc2,addmm,True,bias_addmm,256,1152,4304,1,1269301248,4407296,19832832,1179648,f32,0.2222,0.0595,0.2677,False,False,wide_skinny,mlp_projection,recovered_from_ir,recovered_from_prov_fqn,recovered_from_ir,recovered_from_ir
pi05,pi05,368,matmul_490,backbone_once,model.paligemma_with_expert.paligemma.model.vision_tower.vision_model.encoder.layers.7.self_attn.q_proj,addmm,True,bias_addmm,256,1152,1152,1,339738624,1179648,5308416,1179648,f32,0.2222,0.2222,1.0,False,False,wide_skinny,attention_qkv_projection,recovered_from_ir,recovered_from_prov_fqn,recovered_from_ir,recovered_from_ir
pi05,pi05,369,matmul_491,backbone_once,model.paligemma_with_expert.paligemma.model.vision_tower.vision_model.encoder.layers.7.self_attn.k_proj,addmm,True,bias_addmm,256,1152,1152,1,339738624,1179648,5308416,1179648,f32,0.2222,0.2222,1.0,False,False,wide_skinny,attention_qkv_projection,recovered_from_ir,recovered_from_prov_fqn,recovered_from_ir,recovered_from_ir
pi05,pi05,370,matmul_492,backbone_once,model.paligemma_with_expert.paligemma.model.vision_tower.vision_model.encoder.layers.7.self_attn.v_proj,addmm,True,bias_addmm,256,1152,1152,1,339738624,1179648,5308416,1179648,f32,0.2222,0.2222,1.0,False,False,wide_skinny,attention_qkv_projection,recovered_from_ir,recovered_from_prov_fqn,recovered_from_ir,recovered_from_ir
pi05,pi05,371,matmul_495,backbone_once,model.paligemma_with_expert.paligemma.model.vision_tower.vision_model.encoder.layers.7.self_attn.out_proj,addmm,True,bias_addmm,256,1152,1152,1,339738624,1179648,5308416,1179648,f32,0.2222,0.2222,1.0,False,False,wide_skinny,attention_output_projection,recovered_from_ir,recovered_from_prov_fqn,recovered_from_ir,recovered_from_ir
pi05,pi05,372,matmul_496,backbone_once,model.paligemma_with_expert.paligemma.model.vision_tower.vision_model.encoder.layers.7.mlp.fc1,addmm,True,bias_addmm,256,4304,1152,1,1269301248,1179648,19832832,4407296,f32,0.0595,0.2222,3.7361,False,False,wide_skinny,mlp_projection,recovered_from_ir,recovered_from_prov_fqn,recovered_from_ir,recovered_from_ir
pi05,pi05,373,matmul_497,backbone_once,model.paligemma_with_expert.paligemma.model.vision_tower.vision_model.encoder.layers.7.mlp.fc2,addmm,True,bias_addmm,256,1152,4304,1,1269301248,4407296,19832832,1179648,f32,0.2222,0.0595,0.2677,False,False,wide_skinny,mlp_projection,recovered_from_ir,recovered_from_prov_fqn,recovered_from_ir,recovered_from_ir
pi05,pi05,374,matmul_498,backbone_once,model.paligemma_with_expert.paligemma.model.vision_tower.vision_model.encoder.layers.8.self_attn.q_proj,addmm,True,bias_addmm,256,1152,1152,1,339738624,1179648,5308416,1179648,f32,0.2222,0.2222,1.0,False,False,wide_skinny,attention_qkv_projection,recovered_from_ir,recovered_from_prov_fqn,recovered_from_ir,recovered_from_ir
pi05,pi05,375,matmul_499,backbone_once,model.paligemma_with_expert.paligemma.model.vision_tower.vision_model.encoder.layers.8.self_attn.k_proj,addmm,True,bias_addmm,256,1152,1152,1,339738624,1179648,5308416,1179648,f32,0.2222,0.2222,1.0,False,False,wide_skinny,attention_qkv_projection,recovered_from_ir,recovered_from_prov_fqn,recovered_from_ir,recovered_from_ir
pi05,pi05,376,matmul_500,backbone_once,model.paligemma_with_expert.paligemma.model.vision_tower.vision_model.encoder.layers.8.self_attn.v_proj,addmm,True,bias_addmm,256,1152,1152,1,339738624,1179648,5308416,1179648,f32,0.2222,0.2222,1.0,False,False,wide_skinny,attention_qkv_projection,recovered_from_ir,recovered_from_prov_fqn,recovered_from_ir,recovered_from_ir
pi05,pi05,377,matmul_503,backbone_once,model.paligemma_with_expert.paligemma.model.vision_tower.vision_model.encoder.layers.8.self_attn.out_proj,addmm,True,bias_addmm,256,1152,1152,1,339738624,1179648,5308416,1179648,f32,0.2222,0.2222,1.0,False,False,wide_skinny,attention_output_projection,recovered_from_ir,recovered_from_prov_fqn,recovered_from_ir,recovered_from_ir
pi05,pi05,378,matmul_504,backbone_once,model.paligemma_with_expert.paligemma.model.vision_tower.vision_model.encoder.layers.8.mlp.fc1,addmm,True,bias_addmm,256,4304,1152,1,1269301248,1179648,19832832,4407296,f32,0.0595,0.2222,3.7361,False,False,wide_skinny,mlp_projection,recovered_from_ir,recovered_from_prov_fqn,recovered_from_ir,recovered_from_ir
pi05,pi05,379,matmul_505,backbone_once,model.paligemma_with_expert.paligemma.model.vision_tower.vision_model.encoder.layers.8.mlp.fc2,addmm,True,bias_addmm,256,1152,4304,1,1269301248,4407296,19832832,1179648,f32,0.2222,0.0595,0.2677,False,False,wide_skinny,mlp_projection,recovered_from_ir,recovered_from_prov_fqn,recovered_from_ir,recovered_from_ir
pi05,pi05,380,matmul_506,backbone_once,model.paligemma_with_expert.paligemma.model.vision_tower.vision_model.encoder.layers.9.self_attn.q_proj,addmm,True,bias_addmm,256,1152,1152,1,339738624,1179648,5308416,1179648,f32,0.2222,0.2222,1.0,False,False,wide_skinny,attention_qkv_projection,recovered_from_ir,recovered_from_prov_fqn,recovered_from_ir,recovered_from_ir
pi05,pi05,381,matmul_507,backbone_once,model.paligemma_with_expert.paligemma.model.vision_tower.vision_model.encoder.layers.9.self_attn.k_proj,addmm,True,bias_addmm,256,1152,1152,1,339738624,1179648,5308416,1179648,f32,0.2222,0.2222,1.0,False,False,wide_skinny,attention_qkv_projection,recovered_from_ir,recovered_from_prov_fqn,recovered_from_ir,recovered_from_ir
pi05,pi05,382,matmul_508,backbone_once,model.paligemma_with_expert.paligemma.model.vision_tower.vision_model.encoder.layers.9.self_attn.v_proj,addmm,True,bias_addmm,256,1152,1152,1,339738624,1179648,5308416,1179648,f32,0.2222,0.2222,1.0,False,False,wide_skinny,attention_qkv_projection,recovered_from_ir,recovered_from_prov_fqn,recovered_from_ir,recovered_from_ir
pi05,pi05,383,matmul_511,backbone_once,model.paligemma_with_expert.paligemma.model.vision_tower.vision_model.encoder.layers.9.self_attn.out_proj,addmm,True,bias_addmm,256,1152,1152,1,339738624,1179648,5308416,1179648,f32,0.2222,0.2222,1.0,False,False,wide_skinny,attention_output_projection,recovered_from_ir,recovered_from_prov_fqn,recovered_from_ir,recovered_from_ir
pi05,pi05,384,matmul_512,backbone_once,model.paligemma_with_expert.paligemma.model.vision_tower.vision_model.encoder.layers.9.mlp.fc1,addmm,True,bias_addmm,256,4304,1152,1,1269301248,1179648,19832832,4407296,f32,0.0595,0.2222,3.7361,False,False,wide_skinny,mlp_projection,recovered_from_ir,recovered_from_prov_fqn,recovered_from_ir,recovered_from_ir
pi05,pi05,385,matmul_513,backbone_once,model.paligemma_with_expert.paligemma.model.vision_tower.vision_model.encoder.layers.9.mlp.fc2,addmm,True,bias_addmm,256,1152,4304,1,1269301248,4407296,19832832,1179648,f32,0.2222,0.0595,0.2677,False,False,wide_skinny,mlp_projection,recovered_from_ir,recovered_from_prov_fqn,recovered_from_ir,recovered_from_ir
pi05,pi05,386,matmul_514,backbone_once,model.paligemma_with_expert.paligemma.model.vision_tower.vision_model.encoder.layers.10.self_attn.q_proj,addmm,True,bias_addmm,256,1152,1152,1,339738624,1179648,5308416,1179648,f32,0.2222,0.2222,1.0,False,False,wide_skinny,attention_qkv_projection,recovered_from_ir,recovered_from_prov_fqn,recovered_from_ir,recovered_from_ir
pi05,pi05,387,matmul_515,backbone_once,model.paligemma_with_expert.paligemma.model.vision_tower.vision_model.encoder.layers.10.self_attn.k_proj,addmm,True,bias_addmm,256,1152,1152,1,339738624,1179648,5308416,1179648,f32,0.2222,0.2222,1.0,False,False,wide_skinny,attention_qkv_projection,recovered_from_ir,recovered_from_prov_fqn,recovered_from_ir,recovered_from_ir
pi05,pi05,388,matmul_516,backbone_once,model.paligemma_with_expert.paligemma.model.vision_tower.vision_model.encoder.layers.10.self_attn.v_proj,addmm,True,bias_addmm,256,1152,1152,1,339738624,1179648,5308416,1179648,f32,0.2222,0.2222,1.0,False,False,wide_skinny,attention_qkv_projection,recovered_from_ir,recovered_from_prov_fqn,recovered_from_ir,recovered_from_ir
pi05,pi05,389,matmul_519,backbone_once,model.paligemma_with_expert.paligemma.model.vision_tower.vision_model.encoder.layers.10.self_attn.out_proj,addmm,True,bias_addmm,256,1152,1152,1,339738624,1179648,5308416,1179648,f32,0.2222,0.2222,1.0,False,False,wide_skinny,attention_output_projection,recovered_from_ir,recovered_from_prov_fqn,recovered_from_ir,recovered_from_ir
pi05,pi05,390,matmul_520,backbone_once,model.paligemma_with_expert.paligemma.model.vision_tower.vision_model.encoder.layers.10.mlp.fc1,addmm,True,bias_addmm,256,4304,1152,1,1269301248,1179648,19832832,4407296,f32,0.0595,0.2222,3.7361,False,False,wide_skinny,mlp_projection,recovered_from_ir,recovered_from_prov_fqn,recovered_from_ir,recovered_from_ir
pi05,pi05,391,matmul_521,backbone_once,model.paligemma_with_expert.paligemma.model.vision_tower.vision_model.encoder.layers.10.mlp.fc2,addmm,True,bias_addmm,256,1152,4304,1,1269301248,4407296,19832832,1179648,f32,0.2222,0.0595,0.2677,False,False,wide_skinny,mlp_projection,recovered_from_ir,recovered_from_prov_fqn,recovered_from_ir,recovered_from_ir
pi05,pi05,392,matmul_522,backbone_once,model.paligemma_with_expert.paligemma.model.vision_tower.vision_model.encoder.layers.11.self_attn.q_proj,addmm,True,bias_addmm,256,1152,1152,1,339738624,1179648,5308416,1179648,f32,0.2222,0.2222,1.0,False,False,wide_skinny,attention_qkv_projection,recovered_from_ir,recovered_from_prov_fqn,recovered_from_ir,recovered_from_ir
pi05,pi05,393,matmul_523,backbone_once,model.paligemma_with_expert.paligemma.model.vision_tower.vision_model.encoder.layers.11.self_attn.k_proj,addmm,True,bias_addmm,256,1152,1152,1,339738624,1179648,5308416,1179648,f32,0.2222,0.2222,1.0,False,False,wide_skinny,attention_qkv_projection,recovered_from_ir,recovered_from_prov_fqn,recovered_from_ir,recovered_from_ir
pi05,pi05,394,matmul_524,backbone_once,model.paligemma_with_expert.paligemma.model.vision_tower.vision_model.encoder.layers.11.self_attn.v_proj,addmm,True,bias_addmm,256,1152,1152,1,339738624,1179648,5308416,1179648,f32,0.2222,0.2222,1.0,False,False,wide_skinny,attention_qkv_projection,recovered_from_ir,recovered_from_prov_fqn,recovered_from_ir,recovered_from_ir
pi05,pi05,395,matmul_527,backbone_once,model.paligemma_with_expert.paligemma.model.vision_tower.vision_model.encoder.layers.11.self_attn.out_proj,addmm,True,bias_addmm,256,1152,1152,1,339738624,1179648,5308416,1179648,f32,0.2222,0.2222,1.0,False,False,wide_skinny,attention_output_projection,recovered_from_ir,recovered_from_prov_fqn,recovered_from_ir,recovered_from_ir
pi05,pi05,396,matmul_528,backbone_once,model.paligemma_with_expert.paligemma.model.vision_tower.vision_model.encoder.layers.11.mlp.fc1,addmm,True,bias_addmm,256,4304,1152,1,1269301248,1179648,19832832,4407296,f32,0.0595,0.2222,3.7361,False,False,wide_skinny,mlp_projection,recovered_from_ir,recovered_from_prov_fqn,recovered_from_ir,recovered_from_ir
pi05,pi05,397,matmul_529,backbone_once,model.paligemma_with_expert.paligemma.model.vision_tower.vision_model.encoder.layers.11.mlp.fc2,addmm,True,bias_addmm,256,1152,4304,1,1269301248,4407296,19832832,1179648,f32,0.2222,0.0595,0.2677,False,False,wide_skinny,mlp_projection,recovered_from_ir,recovered_from_prov_fqn,recovered_from_ir,recovered_from_ir
pi05,pi05,398,matmul_530,backbone_once,model.paligemma_with_expert.paligemma.model.vision_tower.vision_model.encoder.layers.12.self_attn.q_proj,addmm,True,bias_addmm,256,1152,1152,1,339738624,1179648,5308416,1179648,f32,0.2222,0.2222,1.0,False,False,wide_skinny,attention_qkv_projection,recovered_from_ir,recovered_from_prov_fqn,recovered_from_ir,recovered_from_ir
pi05,pi05,399,matmul_531,backbone_once,model.paligemma_with_expert.paligemma.model.vision_tower.vision_model.encoder.layers.12.self_attn.k_proj,addmm,True,bias_addmm,256,1152,1152,1,339738624,1179648,5308416,1179648,f32,0.2222,0.2222,1.0,False,False,wide_skinny,attention_qkv_projection,recovered_from_ir,recovered_from_prov_fqn,recovered_from_ir,recovered_from_ir
pi05,pi05,400,matmul_532,backbone_once,model.paligemma_with_expert.paligemma.model.vision_tower.vision_model.encoder.layers.12.self_attn.v_proj,addmm,True,bias_addmm,256,1152,1152,1,339738624,1179648,5308416,1179648,f32,0.2222,0.2222,1.0,False,False,wide_skinny,attention_qkv_projection,recovered_from_ir,recovered_from_prov_fqn,recovered_from_ir,recovered_from_ir
pi05,pi05,401,matmul_535,backbone_once,model.paligemma_with_expert.paligemma.model.vision_tower.vision_model.encoder.layers.12.self_attn.out_proj,addmm,True,bias_addmm,256,1152,1152,1,339738624,1179648,5308416,1179648,f32,0.2222,0.2222,1.0,False,False,wide_skinny,attention_output_projection,recovered_from_ir,recovered_from_prov_fqn,recovered_from_ir,recovered_from_ir
pi05,pi05,402,matmul_536,backbone_once,model.paligemma_with_expert.paligemma.model.vision_tower.vision_model.encoder.layers.12.mlp.fc1,addmm,True,bias_addmm,256,4304,1152,1,1269301248,1179648,19832832,4407296,f32,0.0595,0.2222,3.7361,False,False,wide_skinny,mlp_projection,recovered_from_ir,recovered_from_prov_fqn,recovered_from_ir,recovered_from_ir
pi05,pi05,403,matmul_537,backbone_once,model.paligemma_with_expert.paligemma.model.vision_tower.vision_model.encoder.layers.12.mlp.fc2,addmm,True,bias_addmm,256,1152,4304,1,1269301248,4407296,19832832,1179648,f32,0.2222,0.0595,0.2677,False,False,wide_skinny,mlp_projection,recovered_from_ir,recovered_from_prov_fqn,recovered_from_ir,recovered_from_ir
pi05,pi05,404,matmul_538,backbone_once,model.paligemma_with_expert.paligemma.model.vision_tower.vision_model.encoder.layers.13.self_attn.q_proj,addmm,True,bias_addmm,256,1152,1152,1,339738624,1179648,5308416,1179648,f32,0.2222,0.2222,1.0,False,False,wide_skinny,attention_qkv_projection,recovered_from_ir,recovered_from_prov_fqn,recovered_from_ir,recovered_from_ir
pi05,pi05,405,matmul_539,backbone_once,model.paligemma_with_expert.paligemma.model.vision_tower.vision_model.encoder.layers.13.self_attn.k_proj,addmm,True,bias_addmm,256,1152,1152,1,339738624,1179648,5308416,1179648,f32,0.2222,0.2222,1.0,False,False,wide_skinny,attention_qkv_projection,recovered_from_ir,recovered_from_prov_fqn,recovered_from_ir,recovered_from_ir
pi05,pi05,406,matmul_540,backbone_once,model.paligemma_with_expert.paligemma.model.vision_tower.vision_model.encoder.layers.13.self_attn.v_proj,addmm,True,bias_addmm,256,1152,1152,1,339738624,1179648,5308416,1179648,f32,0.2222,0.2222,1.0,False,False,wide_skinny,attention_qkv_projection,recovered_from_ir,recovered_from_prov_fqn,recovered_from_ir,recovered_from_ir
pi05,pi05,407,matmul_543,backbone_once,model.paligemma_with_expert.paligemma.model.vision_tower.vision_model.encoder.layers.13.self_attn.out_proj,addmm,True,bias_addmm,256,1152,1152,1,339738624,1179648,5308416,1179648,f32,0.2222,0.2222,1.0,False,False,wide_skinny,attention_output_projection,recovered_from_ir,recovered_from_prov_fqn,recovered_from_ir,recovered_from_ir
pi05,pi05,408,matmul_544,backbone_once,model.paligemma_with_expert.paligemma.model.vision_tower.vision_model.encoder.layers.13.mlp.fc1,addmm,True,bias_addmm,256,4304,1152,1,1269301248,1179648,19832832,4407296,f32,0.0595,0.2222,3.7361,False,False,wide_skinny,mlp_projection,recovered_from_ir,recovered_from_prov_fqn,recovered_from_ir,recovered_from_ir
pi05,pi05,409,matmul_545,backbone_once,model.paligemma_with_expert.paligemma.model.vision_tower.vision_model.encoder.layers.13.mlp.fc2,addmm,True,bias_addmm,256,1152,4304,1,1269301248,4407296,19832832,1179648,f32,0.2222,0.0595,0.2677,False,False,wide_skinny,mlp_projection,recovered_from_ir,recovered_from_prov_fqn,recovered_from_ir,recovered_from_ir
pi05,pi05,410,matmul_546,backbone_once,model.paligemma_with_expert.paligemma.model.vision_tower.vision_model.encoder.layers.14.self_attn.q_proj,addmm,True,bias_addmm,256,1152,1152,1,339738624,1179648,5308416,1179648,f32,0.2222,0.2222,1.0,False,False,wide_skinny,attention_qkv_projection,recovered_from_ir,recovered_from_prov_fqn,recovered_from_ir,recovered_from_ir
pi05,pi05,411,matmul_547,backbone_once,model.paligemma_with_expert.paligemma.model.vision_tower.vision_model.encoder.layers.14.self_attn.k_proj,addmm,True,bias_addmm,256,1152,1152,1,339738624,1179648,5308416,1179648,f32,0.2222,0.2222,1.0,False,False,wide_skinny,attention_qkv_projection,recovered_from_ir,recovered_from_prov_fqn,recovered_from_ir,recovered_from_ir
pi05,pi05,412,matmul_548,backbone_once,model.paligemma_with_expert.paligemma.model.vision_tower.vision_model.encoder.layers.14.self_attn.v_proj,addmm,True,bias_addmm,256,1152,1152,1,339738624,1179648,5308416,1179648,f32,0.2222,0.2222,1.0,False,False,wide_skinny,attention_qkv_projection,recovered_from_ir,recovered_from_prov_fqn,recovered_from_ir,recovered_from_ir
pi05,pi05,413,matmul_551,backbone_once,model.paligemma_with_expert.paligemma.model.vision_tower.vision_model.encoder.layers.14.self_attn.out_proj,addmm,True,bias_addmm,256,1152,1152,1,339738624,1179648,5308416,1179648,f32,0.2222,0.2222,1.0,False,False,wide_skinny,attention_output_projection,recovered_from_ir,recovered_from_prov_fqn,recovered_from_ir,recovered_from_ir
pi05,pi05,414,matmul_552,backbone_once,model.paligemma_with_expert.paligemma.model.vision_tower.vision_model.encoder.layers.14.mlp.fc1,addmm,True,bias_addmm,256,4304,1152,1,1269301248,1179648,19832832,4407296,f32,0.0595,0.2222,3.7361,False,False,wide_skinny,mlp_projection,recovered_from_ir,recovered_from_prov_fqn,recovered_from_ir,recovered_from_ir
pi05,pi05,415,matmul_553,backbone_once,model.paligemma_with_expert.paligemma.model.vision_tower.vision_model.encoder.layers.14.mlp.fc2,addmm,True,bias_addmm,256,1152,4304,1,1269301248,4407296,19832832,1179648,f32,0.2222,0.0595,0.2677,False,False,wide_skinny,mlp_projection,recovered_from_ir,recovered_from_prov_fqn,recovered_from_ir,recovered_from_ir
pi05,pi05,416,matmul_554,backbone_once,model.paligemma_with_expert.paligemma.model.vision_tower.vision_model.encoder.layers.15.self_attn.q_proj,addmm,True,bias_addmm,256,1152,1152,1,339738624,1179648,5308416,1179648,f32,0.2222,0.2222,1.0,False,False,wide_skinny,attention_qkv_projection,recovered_from_ir,recovered_from_prov_fqn,recovered_from_ir,recovered_from_ir
pi05,pi05,417,matmul_555,backbone_once,model.paligemma_with_expert.paligemma.model.vision_tower.vision_model.encoder.layers.15.self_attn.k_proj,addmm,True,bias_addmm,256,1152,1152,1,339738624,1179648,5308416,1179648,f32,0.2222,0.2222,1.0,False,False,wide_skinny,attention_qkv_projection,recovered_from_ir,recovered_from_prov_fqn,recovered_from_ir,recovered_from_ir
pi05,pi05,418,matmul_556,backbone_once,model.paligemma_with_expert.paligemma.model.vision_tower.vision_model.encoder.layers.15.self_attn.v_proj,addmm,True,bias_addmm,256,1152,1152,1,339738624,1179648,5308416,1179648,f32,0.2222,0.2222,1.0,False,False,wide_skinny,attention_qkv_projection,recovered_from_ir,recovered_from_prov_fqn,recovered_from_ir,recovered_from_ir
pi05,pi05,419,matmul_559,backbone_once,model.paligemma_with_expert.paligemma.model.vision_tower.vision_model.encoder.layers.15.self_attn.out_proj,addmm,True,bias_addmm,256,1152,1152,1,339738624,1179648,5308416,1179648,f32,0.2222,0.2222,1.0,False,False,wide_skinny,attention_output_projection,recovered_from_ir,recovered_from_prov_fqn,recovered_from_ir,recovered_from_ir
pi05,pi05,420,matmul_560,backbone_once,model.paligemma_with_expert.paligemma.model.vision_tower.vision_model.encoder.layers.15.mlp.fc1,addmm,True,bias_addmm,256,4304,1152,1,1269301248,1179648,19832832,4407296,f32,0.0595,0.2222,3.7361,False,False,wide_skinny,mlp_projection,recovered_from_ir,recovered_from_prov_fqn,recovered_from_ir,recovered_from_ir
pi05,pi05,421,matmul_561,backbone_once,model.paligemma_with_expert.paligemma.model.vision_tower.vision_model.encoder.layers.15.mlp.fc2,addmm,True,bias_addmm,256,1152,4304,1,1269301248,4407296,19832832,1179648,f32,0.2222,0.0595,0.2677,False,False,wide_skinny,mlp_projection,recovered_from_ir,recovered_from_prov_fqn,recovered_from_ir,recovered_from_ir
pi05,pi05,422,matmul_562,backbone_once,model.paligemma_with_expert.paligemma.model.vision_tower.vision_model.encoder.layers.16.self_attn.q_proj,addmm,True,bias_addmm,256,1152,1152,1,339738624,1179648,5308416,1179648,f32,0.2222,0.2222,1.0,False,False,wide_skinny,attention_qkv_projection,recovered_from_ir,recovered_from_prov_fqn,recovered_from_ir,recovered_from_ir
pi05,pi05,423,matmul_563,backbone_once,model.paligemma_with_expert.paligemma.model.vision_tower.vision_model.encoder.layers.16.self_attn.k_proj,addmm,True,bias_addmm,256,1152,1152,1,339738624,1179648,5308416,1179648,f32,0.2222,0.2222,1.0,False,False,wide_skinny,attention_qkv_projection,recovered_from_ir,recovered_from_prov_fqn,recovered_from_ir,recovered_from_ir
pi05,pi05,424,matmul_564,backbone_once,model.paligemma_with_expert.paligemma.model.vision_tower.vision_model.encoder.layers.16.self_attn.v_proj,addmm,True,bias_addmm,256,1152,1152,1,339738624,1179648,5308416,1179648,f32,0.2222,0.2222,1.0,False,False,wide_skinny,attention_qkv_projection,recovered_from_ir,recovered_from_prov_fqn,recovered_from_ir,recovered_from_ir
pi05,pi05,425,matmul_567,backbone_once,model.paligemma_with_expert.paligemma.model.vision_tower.vision_model.encoder.layers.16.self_attn.out_proj,addmm,True,bias_addmm,256,1152,1152,1,339738624,1179648,5308416,1179648,f32,0.2222,0.2222,1.0,False,False,wide_skinny,attention_output_projection,recovered_from_ir,recovered_from_prov_fqn,recovered_from_ir,recovered_from_ir
pi05,pi05,426,matmul_568,backbone_once,model.paligemma_with_expert.paligemma.model.vision_tower.vision_model.encoder.layers.16.mlp.fc1,addmm,True,bias_addmm,256,4304,1152,1,1269301248,1179648,19832832,4407296,f32,0.0595,0.2222,3.7361,False,False,wide_skinny,mlp_projection,recovered_from_ir,recovered_from_prov_fqn,recovered_from_ir,recovered_from_ir
pi05,pi05,427,matmul_569,backbone_once,model.paligemma_with_expert.paligemma.model.vision_tower.vision_model.encoder.layers.16.mlp.fc2,addmm,True,bias_addmm,256,1152,4304,1,1269301248,4407296,19832832,1179648,f32,0.2222,0.0595,0.2677,False,False,wide_skinny,mlp_projection,recovered_from_ir,recovered_from_prov_fqn,recovered_from_ir,recovered_from_ir
pi05,pi05,428,matmul_570,backbone_once,model.paligemma_with_expert.paligemma.model.vision_tower.vision_model.encoder.layers.17.self_attn.q_proj,addmm,True,bias_addmm,256,1152,1152,1,339738624,1179648,5308416,1179648,f32,0.2222,0.2222,1.0,False,False,wide_skinny,attention_qkv_projection,recovered_from_ir,recovered_from_prov_fqn,recovered_from_ir,recovered_from_ir
pi05,pi05,429,matmul_571,backbone_once,model.paligemma_with_expert.paligemma.model.vision_tower.vision_model.encoder.layers.17.self_attn.k_proj,addmm,True,bias_addmm,256,1152,1152,1,339738624,1179648,5308416,1179648,f32,0.2222,0.2222,1.0,False,False,wide_skinny,attention_qkv_projection,recovered_from_ir,recovered_from_prov_fqn,recovered_from_ir,recovered_from_ir
pi05,pi05,430,matmul_572,backbone_once,model.paligemma_with_expert.paligemma.model.vision_tower.vision_model.encoder.layers.17.self_attn.v_proj,addmm,True,bias_addmm,256,1152,1152,1,339738624,1179648,5308416,1179648,f32,0.2222,0.2222,1.0,False,False,wide_skinny,attention_qkv_projection,recovered_from_ir,recovered_from_prov_fqn,recovered_from_ir,recovered_from_ir
pi05,pi05,431,matmul_575,backbone_once,model.paligemma_with_expert.paligemma.model.vision_tower.vision_model.encoder.layers.17.self_attn.out_proj,addmm,True,bias_addmm,256,1152,1152,1,339738624,1179648,5308416,1179648,f32,0.2222,0.2222,1.0,False,False,wide_skinny,attention_output_projection,recovered_from_ir,recovered_from_prov_fqn,recovered_from_ir,recovered_from_ir
pi05,pi05,432,matmul_576,backbone_once,model.paligemma_with_expert.paligemma.model.vision_tower.vision_model.encoder.layers.17.mlp.fc1,addmm,True,bias_addmm,256,4304,1152,1,1269301248,1179648,19832832,4407296,f32,0.0595,0.2222,3.7361,False,False,wide_skinny,mlp_projection,recovered_from_ir,recovered_from_prov_fqn,recovered_from_ir,recovered_from_ir
pi05,pi05,433,matmul_577,backbone_once,model.paligemma_with_expert.paligemma.model.vision_tower.vision_model.encoder.layers.17.mlp.fc2,addmm,True,bias_addmm,256,1152,4304,1,1269301248,4407296,19832832,1179648,f32,0.2222,0.0595,0.2677,False,False,wide_skinny,mlp_projection,recovered_from_ir,recovered_from_prov_fqn,recovered_from_ir,recovered_from_ir
pi05,pi05,434,matmul_578,backbone_once,model.paligemma_with_expert.paligemma.model.vision_tower.vision_model.encoder.layers.18.self_attn.q_proj,addmm,True,bias_addmm,256,1152,1152,1,339738624,1179648,5308416,1179648,f32,0.2222,0.2222,1.0,False,False,wide_skinny,attention_qkv_projection,recovered_from_ir,recovered_from_prov_fqn,recovered_from_ir,recovered_from_ir
pi05,pi05,435,matmul_579,backbone_once,model.paligemma_with_expert.paligemma.model.vision_tower.vision_model.encoder.layers.18.self_attn.k_proj,addmm,True,bias_addmm,256,1152,1152,1,339738624,1179648,5308416,1179648,f32,0.2222,0.2222,1.0,False,False,wide_skinny,attention_qkv_projection,recovered_from_ir,recovered_from_prov_fqn,recovered_from_ir,recovered_from_ir
pi05,pi05,436,matmul_580,backbone_once,model.paligemma_with_expert.paligemma.model.vision_tower.vision_model.encoder.layers.18.self_attn.v_proj,addmm,True,bias_addmm,256,1152,1152,1,339738624,1179648,5308416,1179648,f32,0.2222,0.2222,1.0,False,False,wide_skinny,attention_qkv_projection,recovered_from_ir,recovered_from_prov_fqn,recovered_from_ir,recovered_from_ir
pi05,pi05,437,matmul_583,backbone_once,model.paligemma_with_expert.paligemma.model.vision_tower.vision_model.encoder.layers.18.self_attn.out_proj,addmm,True,bias_addmm,256,1152,1152,1,339738624,1179648,5308416,1179648,f32,0.2222,0.2222,1.0,False,False,wide_skinny,attention_output_projection,recovered_from_ir,recovered_from_prov_fqn,recovered_from_ir,recovered_from_ir
pi05,pi05,438,matmul_584,backbone_once,model.paligemma_with_expert.paligemma.model.vision_tower.vision_model.encoder.layers.18.mlp.fc1,addmm,True,bias_addmm,256,4304,1152,1,1269301248,1179648,19832832,4407296,f32,0.0595,0.2222,3.7361,False,False,wide_skinny,mlp_projection,recovered_from_ir,recovered_from_prov_fqn,recovered_from_ir,recovered_from_ir
pi05,pi05,439,matmul_585,backbone_once,model.paligemma_with_expert.paligemma.model.vision_tower.vision_model.encoder.layers.18.mlp.fc2,addmm,True,bias_addmm,256,1152,4304,1,1269301248,4407296,19832832,1179648,f32,0.2222,0.0595,0.2677,False,False,wide_skinny,mlp_projection,recovered_from_ir,recovered_from_prov_fqn,recovered_from_ir,recovered_from_ir
pi05,pi05,440,matmul_586,backbone_once,model.paligemma_with_expert.paligemma.model.vision_tower.vision_model.encoder.layers.19.self_attn.q_proj,addmm,True,bias_addmm,256,1152,1152,1,339738624,1179648,5308416,1179648,f32,0.2222,0.2222,1.0,False,False,wide_skinny,attention_qkv_projection,recovered_from_ir,recovered_from_prov_fqn,recovered_from_ir,recovered_from_ir
pi05,pi05,441,matmul_587,backbone_once,model.paligemma_with_expert.paligemma.model.vision_tower.vision_model.encoder.layers.19.self_attn.k_proj,addmm,True,bias_addmm,256,1152,1152,1,339738624,1179648,5308416,1179648,f32,0.2222,0.2222,1.0,False,False,wide_skinny,attention_qkv_projection,recovered_from_ir,recovered_from_prov_fqn,recovered_from_ir,recovered_from_ir
pi05,pi05,442,matmul_588,backbone_once,model.paligemma_with_expert.paligemma.model.vision_tower.vision_model.encoder.layers.19.self_attn.v_proj,addmm,True,bias_addmm,256,1152,1152,1,339738624,1179648,5308416,1179648,f32,0.2222,0.2222,1.0,False,False,wide_skinny,attention_qkv_projection,recovered_from_ir,recovered_from_prov_fqn,recovered_from_ir,recovered_from_ir
pi05,pi05,443,matmul_591,backbone_once,model.paligemma_with_expert.paligemma.model.vision_tower.vision_model.encoder.layers.19.self_attn.out_proj,addmm,True,bias_addmm,256,1152,1152,1,339738624,1179648,5308416,1179648,f32,0.2222,0.2222,1.0,False,False,wide_skinny,attention_output_projection,recovered_from_ir,recovered_from_prov_fqn,recovered_from_ir,recovered_from_ir
pi05,pi05,444,matmul_592,backbone_once,model.paligemma_with_expert.paligemma.model.vision_tower.vision_model.encoder.layers.19.mlp.fc1,addmm,True,bias_addmm,256,4304,1152,1,1269301248,1179648,19832832,4407296,f32,0.0595,0.2222,3.7361,False,False,wide_skinny,mlp_projection,recovered_from_ir,recovered_from_prov_fqn,recovered_from_ir,recovered_from_ir
pi05,pi05,445,matmul_593,backbone_once,model.paligemma_with_expert.paligemma.model.vision_tower.vision_model.encoder.layers.19.mlp.fc2,addmm,True,bias_addmm,256,1152,4304,1,1269301248,4407296,19832832,1179648,f32,0.2222,0.0595,0.2677,False,False,wide_skinny,mlp_projection,recovered_from_ir,recovered_from_prov_fqn,recovered_from_ir,recovered_from_ir
pi05,pi05,446,matmul_594,backbone_once,model.paligemma_with_expert.paligemma.model.vision_tower.vision_model.encoder.layers.20.self_attn.q_proj,addmm,True,bias_addmm,256,1152,1152,1,339738624,1179648,5308416,1179648,f32,0.2222,0.2222,1.0,False,False,wide_skinny,attention_qkv_projection,recovered_from_ir,recovered_from_prov_fqn,recovered_from_ir,recovered_from_ir
pi05,pi05,447,matmul_595,backbone_once,model.paligemma_with_expert.paligemma.model.vision_tower.vision_model.encoder.layers.20.self_attn.k_proj,addmm,True,bias_addmm,256,1152,1152,1,339738624,1179648,5308416,1179648,f32,0.2222,0.2222,1.0,False,False,wide_skinny,attention_qkv_projection,recovered_from_ir,recovered_from_prov_fqn,recovered_from_ir,recovered_from_ir
pi05,pi05,448,matmul_596,backbone_once,model.paligemma_with_expert.paligemma.model.vision_tower.vision_model.encoder.layers.20.self_attn.v_proj,addmm,True,bias_addmm,256,1152,1152,1,339738624,1179648,5308416,1179648,f32,0.2222,0.2222,1.0,False,False,wide_skinny,attention_qkv_projection,recovered_from_ir,recovered_from_prov_fqn,recovered_from_ir,recovered_from_ir
pi05,pi05,449,matmul_599,backbone_once,model.paligemma_with_expert.paligemma.model.vision_tower.vision_model.encoder.layers.20.self_attn.out_proj,addmm,True,bias_addmm,256,1152,1152,1,339738624,1179648,5308416,1179648,f32,0.2222,0.2222,1.0,False,False,wide_skinny,attention_output_projection,recovered_from_ir,recovered_from_prov_fqn,recovered_from_ir,recovered_from_ir
pi05,pi05,450,matmul_600,backbone_once,model.paligemma_with_expert.paligemma.model.vision_tower.vision_model.encoder.layers.20.mlp.fc1,addmm,True,bias_addmm,256,4304,1152,1,1269301248,1179648,19832832,4407296,f32,0.0595,0.2222,3.7361,False,False,wide_skinny,mlp_projection,recovered_from_ir,recovered_from_prov_fqn,recovered_from_ir,recovered_from_ir
pi05,pi05,451,matmul_601,backbone_once,model.paligemma_with_expert.paligemma.model.vision_tower.vision_model.encoder.layers.20.mlp.fc2,addmm,True,bias_addmm,256,1152,4304,1,1269301248,4407296,19832832,1179648,f32,0.2222,0.0595,0.2677,False,False,wide_skinny,mlp_projection,recovered_from_ir,recovered_from_prov_fqn,recovered_from_ir,recovered_from_ir
pi05,pi05,452,matmul_602,backbone_once,model.paligemma_with_expert.paligemma.model.vision_tower.vision_model.encoder.layers.21.self_attn.q_proj,addmm,True,bias_addmm,256,1152,1152,1,339738624,1179648,5308416,1179648,f32,0.2222,0.2222,1.0,False,False,wide_skinny,attention_qkv_projection,recovered_from_ir,recovered_from_prov_fqn,recovered_from_ir,recovered_from_ir
pi05,pi05,453,matmul_603,backbone_once,model.paligemma_with_expert.paligemma.model.vision_tower.vision_model.encoder.layers.21.self_attn.k_proj,addmm,True,bias_addmm,256,1152,1152,1,339738624,1179648,5308416,1179648,f32,0.2222,0.2222,1.0,False,False,wide_skinny,attention_qkv_projection,recovered_from_ir,recovered_from_prov_fqn,recovered_from_ir,recovered_from_ir
pi05,pi05,454,matmul_604,backbone_once,model.paligemma_with_expert.paligemma.model.vision_tower.vision_model.encoder.layers.21.self_attn.v_proj,addmm,True,bias_addmm,256,1152,1152,1,339738624,1179648,5308416,1179648,f32,0.2222,0.2222,1.0,False,False,wide_skinny,attention_qkv_projection,recovered_from_ir,recovered_from_prov_fqn,recovered_from_ir,recovered_from_ir
pi05,pi05,455,matmul_607,backbone_once,model.paligemma_with_expert.paligemma.model.vision_tower.vision_model.encoder.layers.21.self_attn.out_proj,addmm,True,bias_addmm,256,1152,1152,1,339738624,1179648,5308416,1179648,f32,0.2222,0.2222,1.0,False,False,wide_skinny,attention_output_projection,recovered_from_ir,recovered_from_prov_fqn,recovered_from_ir,recovered_from_ir
pi05,pi05,456,matmul_608,backbone_once,model.paligemma_with_expert.paligemma.model.vision_tower.vision_model.encoder.layers.21.mlp.fc1,addmm,True,bias_addmm,256,4304,1152,1,1269301248,1179648,19832832,4407296,f32,0.0595,0.2222,3.7361,False,False,wide_skinny,mlp_projection,recovered_from_ir,recovered_from_prov_fqn,recovered_from_ir,recovered_from_ir
pi05,pi05,457,matmul_609,backbone_once,model.paligemma_with_expert.paligemma.model.vision_tower.vision_model.encoder.layers.21.mlp.fc2,addmm,True,bias_addmm,256,1152,4304,1,1269301248,4407296,19832832,1179648,f32,0.2222,0.0595,0.2677,False,False,wide_skinny,mlp_projection,recovered_from_ir,recovered_from_prov_fqn,recovered_from_ir,recovered_from_ir
pi05,pi05,458,matmul_610,backbone_once,model.paligemma_with_expert.paligemma.model.vision_tower.vision_model.encoder.layers.22.self_attn.q_proj,addmm,True,bias_addmm,256,1152,1152,1,339738624,1179648,5308416,1179648,f32,0.2222,0.2222,1.0,False,False,wide_skinny,attention_qkv_projection,recovered_from_ir,recovered_from_prov_fqn,recovered_from_ir,recovered_from_ir
pi05,pi05,459,matmul_611,backbone_once,model.paligemma_with_expert.paligemma.model.vision_tower.vision_model.encoder.layers.22.self_attn.k_proj,addmm,True,bias_addmm,256,1152,1152,1,339738624,1179648,5308416,1179648,f32,0.2222,0.2222,1.0,False,False,wide_skinny,attention_qkv_projection,recovered_from_ir,recovered_from_prov_fqn,recovered_from_ir,recovered_from_ir
pi05,pi05,460,matmul_612,backbone_once,model.paligemma_with_expert.paligemma.model.vision_tower.vision_model.encoder.layers.22.self_attn.v_proj,addmm,True,bias_addmm,256,1152,1152,1,339738624,1179648,5308416,1179648,f32,0.2222,0.2222,1.0,False,False,wide_skinny,attention_qkv_projection,recovered_from_ir,recovered_from_prov_fqn,recovered_from_ir,recovered_from_ir
pi05,pi05,461,matmul_615,backbone_once,model.paligemma_with_expert.paligemma.model.vision_tower.vision_model.encoder.layers.22.self_attn.out_proj,addmm,True,bias_addmm,256,1152,1152,1,339738624,1179648,5308416,1179648,f32,0.2222,0.2222,1.0,False,False,wide_skinny,attention_output_projection,recovered_from_ir,recovered_from_prov_fqn,recovered_from_ir,recovered_from_ir
pi05,pi05,462,matmul_616,backbone_once,model.paligemma_with_expert.paligemma.model.vision_tower.vision_model.encoder.layers.22.mlp.fc1,addmm,True,bias_addmm,256,4304,1152,1,1269301248,1179648,19832832,4407296,f32,0.0595,0.2222,3.7361,False,False,wide_skinny,mlp_projection,recovered_from_ir,recovered_from_prov_fqn,recovered_from_ir,recovered_from_ir
pi05,pi05,463,matmul_617,backbone_once,model.paligemma_with_expert.paligemma.model.vision_tower.vision_model.encoder.layers.22.mlp.fc2,addmm,True,bias_addmm,256,1152,4304,1,1269301248,4407296,19832832,1179648,f32,0.2222,0.0595,0.2677,False,False,wide_skinny,mlp_projection,recovered_from_ir,recovered_from_prov_fqn,recovered_from_ir,recovered_from_ir
pi05,pi05,464,matmul_618,backbone_once,model.paligemma_with_expert.paligemma.model.vision_tower.vision_model.encoder.layers.23.self_attn.q_proj,addmm,True,bias_addmm,256,1152,1152,1,339738624,1179648,5308416,1179648,f32,0.2222,0.2222,1.0,False,False,wide_skinny,attention_qkv_projection,recovered_from_ir,recovered_from_prov_fqn,recovered_from_ir,recovered_from_ir
pi05,pi05,465,matmul_619,backbone_once,model.paligemma_with_expert.paligemma.model.vision_tower.vision_model.encoder.layers.23.self_attn.k_proj,addmm,True,bias_addmm,256,1152,1152,1,339738624,1179648,5308416,1179648,f32,0.2222,0.2222,1.0,False,False,wide_skinny,attention_qkv_projection,recovered_from_ir,recovered_from_prov_fqn,recovered_from_ir,recovered_from_ir
pi05,pi05,466,matmul_620,backbone_once,model.paligemma_with_expert.paligemma.model.vision_tower.vision_model.encoder.layers.23.self_attn.v_proj,addmm,True,bias_addmm,256,1152,1152,1,339738624,1179648,5308416,1179648,f32,0.2222,0.2222,1.0,False,False,wide_skinny,attention_qkv_projection,recovered_from_ir,recovered_from_prov_fqn,recovered_from_ir,recovered_from_ir
pi05,pi05,467,matmul_623,backbone_once,model.paligemma_with_expert.paligemma.model.vision_tower.vision_model.encoder.layers.23.self_attn.out_proj,addmm,True,bias_addmm,256,1152,1152,1,339738624,1179648,5308416,1179648,f32,0.2222,0.2222,1.0,False,False,wide_skinny,attention_output_projection,recovered_from_ir,recovered_from_prov_fqn,recovered_from_ir,recovered_from_ir
pi05,pi05,468,matmul_624,backbone_once,model.paligemma_with_expert.paligemma.model.vision_tower.vision_model.encoder.layers.23.mlp.fc1,addmm,True,bias_addmm,256,4304,1152,1,1269301248,1179648,19832832,4407296,f32,0.0595,0.2222,3.7361,False,False,wide_skinny,mlp_projection,recovered_from_ir,recovered_from_prov_fqn,recovered_from_ir,recovered_from_ir
pi05,pi05,469,matmul_625,backbone_once,model.paligemma_with_expert.paligemma.model.vision_tower.vision_model.encoder.layers.23.mlp.fc2,addmm,True,bias_addmm,256,1152,4304,1,1269301248,4407296,19832832,1179648,f32,0.2222,0.0595,0.2677,False,False,wide_skinny,mlp_projection,recovered_from_ir,recovered_from_prov_fqn,recovered_from_ir,recovered_from_ir
pi05,pi05,470,matmul_626,backbone_once,model.paligemma_with_expert.paligemma.model.vision_tower.vision_model.encoder.layers.24.self_attn.q_proj,addmm,True,bias_addmm,256,1152,1152,1,339738624,1179648,5308416,1179648,f32,0.2222,0.2222,1.0,False,False,wide_skinny,attention_qkv_projection,recovered_from_ir,recovered_from_prov_fqn,recovered_from_ir,recovered_from_ir
pi05,pi05,471,matmul_627,backbone_once,model.paligemma_with_expert.paligemma.model.vision_tower.vision_model.encoder.layers.24.self_attn.k_proj,addmm,True,bias_addmm,256,1152,1152,1,339738624,1179648,5308416,1179648,f32,0.2222,0.2222,1.0,False,False,wide_skinny,attention_qkv_projection,recovered_from_ir,recovered_from_prov_fqn,recovered_from_ir,recovered_from_ir
pi05,pi05,472,matmul_628,backbone_once,model.paligemma_with_expert.paligemma.model.vision_tower.vision_model.encoder.layers.24.self_attn.v_proj,addmm,True,bias_addmm,256,1152,1152,1,339738624,1179648,5308416,1179648,f32,0.2222,0.2222,1.0,False,False,wide_skinny,attention_qkv_projection,recovered_from_ir,recovered_from_prov_fqn,recovered_from_ir,recovered_from_ir
pi05,pi05,473,matmul_631,backbone_once,model.paligemma_with_expert.paligemma.model.vision_tower.vision_model.encoder.layers.24.self_attn.out_proj,addmm,True,bias_addmm,256,1152,1152,1,339738624,1179648,5308416,1179648,f32,0.2222,0.2222,1.0,False,False,wide_skinny,attention_output_projection,recovered_from_ir,recovered_from_prov_fqn,recovered_from_ir,recovered_from_ir
pi05,pi05,474,matmul_632,backbone_once,model.paligemma_with_expert.paligemma.model.vision_tower.vision_model.encoder.layers.24.mlp.fc1,addmm,True,bias_addmm,256,4304,1152,1,1269301248,1179648,19832832,4407296,f32,0.0595,0.2222,3.7361,False,False,wide_skinny,mlp_projection,recovered_from_ir,recovered_from_prov_fqn,recovered_from_ir,recovered_from_ir
pi05,pi05,475,matmul_633,backbone_once,model.paligemma_with_expert.paligemma.model.vision_tower.vision_model.encoder.layers.24.mlp.fc2,addmm,True,bias_addmm,256,1152,4304,1,1269301248,4407296,19832832,1179648,f32,0.2222,0.0595,0.2677,False,False,wide_skinny,mlp_projection,recovered_from_ir,recovered_from_prov_fqn,recovered_from_ir,recovered_from_ir
pi05,pi05,476,matmul_634,backbone_once,model.paligemma_with_expert.paligemma.model.vision_tower.vision_model.encoder.layers.25.self_attn.q_proj,addmm,True,bias_addmm,256,1152,1152,1,339738624,1179648,5308416,1179648,f32,0.2222,0.2222,1.0,False,False,wide_skinny,attention_qkv_projection,recovered_from_ir,recovered_from_prov_fqn,recovered_from_ir,recovered_from_ir
pi05,pi05,477,matmul_635,backbone_once,model.paligemma_with_expert.paligemma.model.vision_tower.vision_model.encoder.layers.25.self_attn.k_proj,addmm,True,bias_addmm,256,1152,1152,1,339738624,1179648,5308416,1179648,f32,0.2222,0.2222,1.0,False,False,wide_skinny,attention_qkv_projection,recovered_from_ir,recovered_from_prov_fqn,recovered_from_ir,recovered_from_ir
pi05,pi05,478,matmul_636,backbone_once,model.paligemma_with_expert.paligemma.model.vision_tower.vision_model.encoder.layers.25.self_attn.v_proj,addmm,True,bias_addmm,256,1152,1152,1,339738624,1179648,5308416,1179648,f32,0.2222,0.2222,1.0,False,False,wide_skinny,attention_qkv_projection,recovered_from_ir,recovered_from_prov_fqn,recovered_from_ir,recovered_from_ir
pi05,pi05,479,matmul_639,backbone_once,model.paligemma_with_expert.paligemma.model.vision_tower.vision_model.encoder.layers.25.self_attn.out_proj,addmm,True,bias_addmm,256,1152,1152,1,339738624,1179648,5308416,1179648,f32,0.2222,0.2222,1.0,False,False,wide_skinny,attention_output_projection,recovered_from_ir,recovered_from_prov_fqn,recovered_from_ir,recovered_from_ir
pi05,pi05,480,matmul_640,backbone_once,model.paligemma_with_expert.paligemma.model.vision_tower.vision_model.encoder.layers.25.mlp.fc1,addmm,True,bias_addmm,256,4304,1152,1,1269301248,1179648,19832832,4407296,f32,0.0595,0.2222,3.7361,False,False,wide_skinny,mlp_projection,recovered_from_ir,recovered_from_prov_fqn,recovered_from_ir,recovered_from_ir
pi05,pi05,481,matmul_641,backbone_once,model.paligemma_with_expert.paligemma.model.vision_tower.vision_model.encoder.layers.25.mlp.fc2,addmm,True,bias_addmm,256,1152,4304,1,1269301248,4407296,19832832,1179648,f32,0.2222,0.0595,0.2677,False,False,wide_skinny,mlp_projection,recovered_from_ir,recovered_from_prov_fqn,recovered_from_ir,recovered_from_ir
pi05,pi05,482,matmul_642,backbone_once,model.paligemma_with_expert.paligemma.model.vision_tower.vision_model.encoder.layers.26.self_attn.q_proj,addmm,True,bias_addmm,256,1152,1152,1,339738624,1179648,5308416,1179648,f32,0.2222,0.2222,1.0,False,False,wide_skinny,attention_qkv_projection,recovered_from_ir,recovered_from_prov_fqn,recovered_from_ir,recovered_from_ir
pi05,pi05,483,matmul_643,backbone_once,model.paligemma_with_expert.paligemma.model.vision_tower.vision_model.encoder.layers.26.self_attn.k_proj,addmm,True,bias_addmm,256,1152,1152,1,339738624,1179648,5308416,1179648,f32,0.2222,0.2222,1.0,False,False,wide_skinny,attention_qkv_projection,recovered_from_ir,recovered_from_prov_fqn,recovered_from_ir,recovered_from_ir
pi05,pi05,484,matmul_644,backbone_once,model.paligemma_with_expert.paligemma.model.vision_tower.vision_model.encoder.layers.26.self_attn.v_proj,addmm,True,bias_addmm,256,1152,1152,1,339738624,1179648,5308416,1179648,f32,0.2222,0.2222,1.0,False,False,wide_skinny,attention_qkv_projection,recovered_from_ir,recovered_from_prov_fqn,recovered_from_ir,recovered_from_ir
pi05,pi05,485,matmul_647,backbone_once,model.paligemma_with_expert.paligemma.model.vision_tower.vision_model.encoder.layers.26.self_attn.out_proj,addmm,True,bias_addmm,256,1152,1152,1,339738624,1179648,5308416,1179648,f32,0.2222,0.2222,1.0,False,False,wide_skinny,attention_output_projection,recovered_from_ir,recovered_from_prov_fqn,recovered_from_ir,recovered_from_ir
pi05,pi05,486,matmul_648,backbone_once,model.paligemma_with_expert.paligemma.model.vision_tower.vision_model.encoder.layers.26.mlp.fc1,addmm,True,bias_addmm,256,4304,1152,1,1269301248,1179648,19832832,4407296,f32,0.0595,0.2222,3.7361,False,False,wide_skinny,mlp_projection,recovered_from_ir,recovered_from_prov_fqn,recovered_from_ir,recovered_from_ir
pi05,pi05,487,matmul_649,backbone_once,model.paligemma_with_expert.paligemma.model.vision_tower.vision_model.encoder.layers.26.mlp.fc2,addmm,True,bias_addmm,256,1152,4304,1,1269301248,4407296,19832832,1179648,f32,0.2222,0.0595,0.2677,False,False,wide_skinny,mlp_projection,recovered_from_ir,recovered_from_prov_fqn,recovered_from_ir,recovered_from_ir
pi05,pi05,488,matmul_650,backbone_once,model.paligemma_with_expert.paligemma.model.multi_modal_projector.linear,addmm,True,bias_addmm,256,2048,1152,1,603979776,1179648,9437184,2097152,f32,0.125,0.2222,1.7778,False,False,wide_skinny,mlp_projection,recovered_from_ir,recovered_from_prov_fqn,recovered_from_ir,recovered_from_ir
pi05,pi05,489,matmul_652,backbone_once,"model.paligemma_with_expert.paligemma.model.language_model.layers.slice(None, 18, None).0.self_attn.q_proj",matmul,False,none,968,2048,2048,1,4060086272,7929856,16777216,7929856,f32,0.4727,0.4727,1.0,False,False,projection_like,attention_qkv_projection,recovered_from_ir,recovered_from_prov_fqn,recovered_from_ir,recovered_from_ir
pi05,pi05,490,matmul_653,backbone_once,"model.paligemma_with_expert.paligemma.model.language_model.layers.slice(None, 18, None).0.self_attn.k_proj",matmul,False,none,968,256,2048,1,507510784,7929856,2097152,991232,f32,3.7812,0.4727,0.125,False,False,projection_like,attention_qkv_projection,recovered_from_ir,recovered_from_prov_fqn,recovered_from_ir,recovered_from_ir
pi05,pi05,491,matmul_654,backbone_once,"model.paligemma_with_expert.paligemma.model.language_model.layers.slice(None, 18, None).0.self_attn.v_proj",matmul,False,none,968,256,2048,1,507510784,7929856,2097152,991232,f32,3.7812,0.4727,0.125,False,False,projection_like,attention_qkv_projection,recovered_from_ir,recovered_from_prov_fqn,recovered_from_ir,recovered_from_ir
pi05,pi05,492,matmul_657,backbone_once,"model.paligemma_with_expert.paligemma.model.language_model.layers.slice(None, 18, None).0.self_attn.o_proj",matmul,False,none,968,2048,2048,1,4060086272,7929856,16777216,7929856,f32,0.4727,0.4727,1.0,False,False,projection_like,attention_output_projection,recovered_from_ir,recovered_from_prov_fqn,recovered_from_ir,recovered_from_ir
pi05,pi05,493,matmul_658,backbone_once,"model.paligemma_with_expert.paligemma.model.language_model.layers.slice(None, 18, None).0.mlp.gate_proj",matmul,False,none,968,16384,2048,1,32480690176,7929856,134217728,63438848,f32,0.0591,0.4727,8.0,False,False,wide_skinny,mlp_projection,recovered_from_ir,recovered_from_prov_fqn,recovered_from_ir,recovered_from_ir
pi05,pi05,494,matmul_659,backbone_once,"model.paligemma_with_expert.paligemma.model.language_model.layers.slice(None, 18, None).0.mlp.up_proj",matmul,False,none,968,16384,2048,1,32480690176,7929856,134217728,63438848,f32,0.0591,0.4727,8.0,False,False,wide_skinny,mlp_projection,recovered_from_ir,recovered_from_prov_fqn,recovered_from_ir,recovered_from_ir
pi05,pi05,495,matmul_660,backbone_once,"model.paligemma_with_expert.paligemma.model.language_model.layers.slice(None, 18, None).0.mlp.down_proj",matmul,False,none,968,2048,16384,1,32480690176,63438848,134217728,7929856,f32,0.4727,0.0591,0.125,False,False,projection_like,mlp_projection,recovered_from_ir,recovered_from_prov_fqn,recovered_from_ir,recovered_from_ir
pi05,pi05,496,matmul_661,backbone_once,"model.paligemma_with_expert.paligemma.model.language_model.layers.slice(None, 18, None).1.self_attn.q_proj",matmul,False,none,968,2048,2048,1,4060086272,7929856,16777216,7929856,f32,0.4727,0.4727,1.0,False,False,projection_like,attention_qkv_projection,recovered_from_ir,recovered_from_prov_fqn,recovered_from_ir,recovered_from_ir
pi05,pi05,497,matmul_662,backbone_once,"model.paligemma_with_expert.paligemma.model.language_model.layers.slice(None, 18, None).1.self_attn.k_proj",matmul,False,none,968,256,2048,1,507510784,7929856,2097152,991232,f32,3.7812,0.4727,0.125,False,False,projection_like,attention_qkv_projection,recovered_from_ir,recovered_from_prov_fqn,recovered_from_ir,recovered_from_ir
pi05,pi05,498,matmul_663,backbone_once,"model.paligemma_with_expert.paligemma.model.language_model.layers.slice(None, 18, None).1.self_attn.v_proj",matmul,False,none,968,256,2048,1,507510784,7929856,2097152,991232,f32,3.7812,0.4727,0.125,False,False,projection_like,attention_qkv_projection,recovered_from_ir,recovered_from_prov_fqn,recovered_from_ir,recovered_from_ir
pi05,pi05,499,matmul_666,backbone_once,"model.paligemma_with_expert.paligemma.model.language_model.layers.slice(None, 18, None).1.self_attn.o_proj",matmul,False,none,968,2048,2048,1,4060086272,7929856,16777216,7929856,f32,0.4727,0.4727,1.0,False,False,projection_like,attention_output_projection,recovered_from_ir,recovered_from_prov_fqn,recovered_from_ir,recovered_from_ir
pi05,pi05,500,matmul_667,backbone_once,"model.paligemma_with_expert.paligemma.model.language_model.layers.slice(None, 18, None).1.mlp.gate_proj",matmul,False,none,968,16384,2048,1,32480690176,7929856,134217728,63438848,f32,0.0591,0.4727,8.0,False,False,wide_skinny,mlp_projection,recovered_from_ir,recovered_from_prov_fqn,recovered_from_ir,recovered_from_ir
pi05,pi05,501,matmul_668,backbone_once,"model.paligemma_with_expert.paligemma.model.language_model.layers.slice(None, 18, None).1.mlp.up_proj",matmul,False,none,968,16384,2048,1,32480690176,7929856,134217728,63438848,f32,0.0591,0.4727,8.0,False,False,wide_skinny,mlp_projection,recovered_from_ir,recovered_from_prov_fqn,recovered_from_ir,recovered_from_ir
pi05,pi05,502,matmul_669,backbone_once,"model.paligemma_with_expert.paligemma.model.language_model.layers.slice(None, 18, None).1.mlp.down_proj",matmul,False,none,968,2048,16384,1,32480690176,63438848,134217728,7929856,f32,0.4727,0.0591,0.125,False,False,projection_like,mlp_projection,recovered_from_ir,recovered_from_prov_fqn,recovered_from_ir,recovered_from_ir
pi05,pi05,503,matmul_670,backbone_once,"model.paligemma_with_expert.paligemma.model.language_model.layers.slice(None, 18, None).2.self_attn.q_proj",matmul,False,none,968,2048,2048,1,4060086272,7929856,16777216,7929856,f32,0.4727,0.4727,1.0,False,False,projection_like,attention_qkv_projection,recovered_from_ir,recovered_from_prov_fqn,recovered_from_ir,recovered_from_ir
pi05,pi05,504,matmul_671,backbone_once,"model.paligemma_with_expert.paligemma.model.language_model.layers.slice(None, 18, None).2.self_attn.k_proj",matmul,False,none,968,256,2048,1,507510784,7929856,2097152,991232,f32,3.7812,0.4727,0.125,False,False,projection_like,attention_qkv_projection,recovered_from_ir,recovered_from_prov_fqn,recovered_from_ir,recovered_from_ir
pi05,pi05,505,matmul_672,backbone_once,"model.paligemma_with_expert.paligemma.model.language_model.layers.slice(None, 18, None).2.self_attn.v_proj",matmul,False,none,968,256,2048,1,507510784,7929856,2097152,991232,f32,3.7812,0.4727,0.125,False,False,projection_like,attention_qkv_projection,recovered_from_ir,recovered_from_prov_fqn,recovered_from_ir,recovered_from_ir
pi05,pi05,506,matmul_675,backbone_once,"model.paligemma_with_expert.paligemma.model.language_model.layers.slice(None, 18, None).2.self_attn.o_proj",matmul,False,none,968,2048,2048,1,4060086272,7929856,16777216,7929856,f32,0.4727,0.4727,1.0,False,False,projection_like,attention_output_projection,recovered_from_ir,recovered_from_prov_fqn,recovered_from_ir,recovered_from_ir
pi05,pi05,507,matmul_676,backbone_once,"model.paligemma_with_expert.paligemma.model.language_model.layers.slice(None, 18, None).2.mlp.gate_proj",matmul,False,none,968,16384,2048,1,32480690176,7929856,134217728,63438848,f32,0.0591,0.4727,8.0,False,False,wide_skinny,mlp_projection,recovered_from_ir,recovered_from_prov_fqn,recovered_from_ir,recovered_from_ir
pi05,pi05,508,matmul_677,backbone_once,"model.paligemma_with_expert.paligemma.model.language_model.layers.slice(None, 18, None).2.mlp.up_proj",matmul,False,none,968,16384,2048,1,32480690176,7929856,134217728,63438848,f32,0.0591,0.4727,8.0,False,False,wide_skinny,mlp_projection,recovered_from_ir,recovered_from_prov_fqn,recovered_from_ir,recovered_from_ir
pi05,pi05,509,matmul_678,backbone_once,"model.paligemma_with_expert.paligemma.model.language_model.layers.slice(None, 18, None).2.mlp.down_proj",matmul,False,none,968,2048,16384,1,32480690176,63438848,134217728,7929856,f32,0.4727,0.0591,0.125,False,False,projection_like,mlp_projection,recovered_from_ir,recovered_from_prov_fqn,recovered_from_ir,recovered_from_ir
pi05,pi05,510,matmul_679,backbone_once,"model.paligemma_with_expert.paligemma.model.language_model.layers.slice(None, 18, None).3.self_attn.q_proj",matmul,False,none,968,2048,2048,1,4060086272,7929856,16777216,7929856,f32,0.4727,0.4727,1.0,False,False,projection_like,attention_qkv_projection,recovered_from_ir,recovered_from_prov_fqn,recovered_from_ir,recovered_from_ir
pi05,pi05,511,matmul_680,backbone_once,"model.paligemma_with_expert.paligemma.model.language_model.layers.slice(None, 18, None).3.self_attn.k_proj",matmul,False,none,968,256,2048,1,507510784,7929856,2097152,991232,f32,3.7812,0.4727,0.125,False,False,projection_like,attention_qkv_projection,recovered_from_ir,recovered_from_prov_fqn,recovered_from_ir,recovered_from_ir
pi05,pi05,512,matmul_681,backbone_once,"model.paligemma_with_expert.paligemma.model.language_model.layers.slice(None, 18, None).3.self_attn.v_proj",matmul,False,none,968,256,2048,1,507510784,7929856,2097152,991232,f32,3.7812,0.4727,0.125,False,False,projection_like,attention_qkv_projection,recovered_from_ir,recovered_from_prov_fqn,recovered_from_ir,recovered_from_ir
pi05,pi05,513,matmul_684,backbone_once,"model.paligemma_with_expert.paligemma.model.language_model.layers.slice(None, 18, None).3.self_attn.o_proj",matmul,False,none,968,2048,2048,1,4060086272,7929856,16777216,7929856,f32,0.4727,0.4727,1.0,False,False,projection_like,attention_output_projection,recovered_from_ir,recovered_from_prov_fqn,recovered_from_ir,recovered_from_ir
pi05,pi05,514,matmul_685,backbone_once,"model.paligemma_with_expert.paligemma.model.language_model.layers.slice(None, 18, None).3.mlp.gate_proj",matmul,False,none,968,16384,2048,1,32480690176,7929856,134217728,63438848,f32,0.0591,0.4727,8.0,False,False,wide_skinny,mlp_projection,recovered_from_ir,recovered_from_prov_fqn,recovered_from_ir,recovered_from_ir
pi05,pi05,515,matmul_686,backbone_once,"model.paligemma_with_expert.paligemma.model.language_model.layers.slice(None, 18, None).3.mlp.up_proj",matmul,False,none,968,16384,2048,1,32480690176,7929856,134217728,63438848,f32,0.0591,0.4727,8.0,False,False,wide_skinny,mlp_projection,recovered_from_ir,recovered_from_prov_fqn,recovered_from_ir,recovered_from_ir
pi05,pi05,516,matmul_687,backbone_once,"model.paligemma_with_expert.paligemma.model.language_model.layers.slice(None, 18, None).3.mlp.down_proj",matmul,False,none,968,2048,16384,1,32480690176,63438848,134217728,7929856,f32,0.4727,0.0591,0.125,False,False,projection_like,mlp_projection,recovered_from_ir,recovered_from_prov_fqn,recovered_from_ir,recovered_from_ir
pi05,pi05,517,matmul_688,backbone_once,"model.paligemma_with_expert.paligemma.model.language_model.layers.slice(None, 18, None).4.self_attn.q_proj",matmul,False,none,968,2048,2048,1,4060086272,7929856,16777216,7929856,f32,0.4727,0.4727,1.0,False,False,projection_like,attention_qkv_projection,recovered_from_ir,recovered_from_prov_fqn,recovered_from_ir,recovered_from_ir
pi05,pi05,518,matmul_689,backbone_once,"model.paligemma_with_expert.paligemma.model.language_model.layers.slice(None, 18, None).4.self_attn.k_proj",matmul,False,none,968,256,2048,1,507510784,7929856,2097152,991232,f32,3.7812,0.4727,0.125,False,False,projection_like,attention_qkv_projection,recovered_from_ir,recovered_from_prov_fqn,recovered_from_ir,recovered_from_ir
pi05,pi05,519,matmul_690,backbone_once,"model.paligemma_with_expert.paligemma.model.language_model.layers.slice(None, 18, None).4.self_attn.v_proj",matmul,False,none,968,256,2048,1,507510784,7929856,2097152,991232,f32,3.7812,0.4727,0.125,False,False,projection_like,attention_qkv_projection,recovered_from_ir,recovered_from_prov_fqn,recovered_from_ir,recovered_from_ir
pi05,pi05,520,matmul_693,backbone_once,"model.paligemma_with_expert.paligemma.model.language_model.layers.slice(None, 18, None).4.self_attn.o_proj",matmul,False,none,968,2048,2048,1,4060086272,7929856,16777216,7929856,f32,0.4727,0.4727,1.0,False,False,projection_like,attention_output_projection,recovered_from_ir,recovered_from_prov_fqn,recovered_from_ir,recovered_from_ir
pi05,pi05,521,matmul_694,backbone_once,"model.paligemma_with_expert.paligemma.model.language_model.layers.slice(None, 18, None).4.mlp.gate_proj",matmul,False,none,968,16384,2048,1,32480690176,7929856,134217728,63438848,f32,0.0591,0.4727,8.0,False,False,wide_skinny,mlp_projection,recovered_from_ir,recovered_from_prov_fqn,recovered_from_ir,recovered_from_ir
pi05,pi05,522,matmul_695,backbone_once,"model.paligemma_with_expert.paligemma.model.language_model.layers.slice(None, 18, None).4.mlp.up_proj",matmul,False,none,968,16384,2048,1,32480690176,7929856,134217728,63438848,f32,0.0591,0.4727,8.0,False,False,wide_skinny,mlp_projection,recovered_from_ir,recovered_from_prov_fqn,recovered_from_ir,recovered_from_ir
pi05,pi05,523,matmul_696,backbone_once,"model.paligemma_with_expert.paligemma.model.language_model.layers.slice(None, 18, None).4.mlp.down_proj",matmul,False,none,968,2048,16384,1,32480690176,63438848,134217728,7929856,f32,0.4727,0.0591,0.125,False,False,projection_like,mlp_projection,recovered_from_ir,recovered_from_prov_fqn,recovered_from_ir,recovered_from_ir
pi05,pi05,524,matmul_697,backbone_once,"model.paligemma_with_expert.paligemma.model.language_model.layers.slice(None, 18, None).5.self_attn.q_proj",matmul,False,none,968,2048,2048,1,4060086272,7929856,16777216,7929856,f32,0.4727,0.4727,1.0,False,False,projection_like,attention_qkv_projection,recovered_from_ir,recovered_from_prov_fqn,recovered_from_ir,recovered_from_ir
pi05,pi05,525,matmul_698,backbone_once,"model.paligemma_with_expert.paligemma.model.language_model.layers.slice(None, 18, None).5.self_attn.k_proj",matmul,False,none,968,256,2048,1,507510784,7929856,2097152,991232,f32,3.7812,0.4727,0.125,False,False,projection_like,attention_qkv_projection,recovered_from_ir,recovered_from_prov_fqn,recovered_from_ir,recovered_from_ir
pi05,pi05,526,matmul_699,backbone_once,"model.paligemma_with_expert.paligemma.model.language_model.layers.slice(None, 18, None).5.self_attn.v_proj",matmul,False,none,968,256,2048,1,507510784,7929856,2097152,991232,f32,3.7812,0.4727,0.125,False,False,projection_like,attention_qkv_projection,recovered_from_ir,recovered_from_prov_fqn,recovered_from_ir,recovered_from_ir
pi05,pi05,527,matmul_702,backbone_once,"model.paligemma_with_expert.paligemma.model.language_model.layers.slice(None, 18, None).5.self_attn.o_proj",matmul,False,none,968,2048,2048,1,4060086272,7929856,16777216,7929856,f32,0.4727,0.4727,1.0,False,False,projection_like,attention_output_projection,recovered_from_ir,recovered_from_prov_fqn,recovered_from_ir,recovered_from_ir
pi05,pi05,528,matmul_703,backbone_once,"model.paligemma_with_expert.paligemma.model.language_model.layers.slice(None, 18, None).5.mlp.gate_proj",matmul,False,none,968,16384,2048,1,32480690176,7929856,134217728,63438848,f32,0.0591,0.4727,8.0,False,False,wide_skinny,mlp_projection,recovered_from_ir,recovered_from_prov_fqn,recovered_from_ir,recovered_from_ir
pi05,pi05,529,matmul_704,backbone_once,"model.paligemma_with_expert.paligemma.model.language_model.layers.slice(None, 18, None).5.mlp.up_proj",matmul,False,none,968,16384,2048,1,32480690176,7929856,134217728,63438848,f32,0.0591,0.4727,8.0,False,False,wide_skinny,mlp_projection,recovered_from_ir,recovered_from_prov_fqn,recovered_from_ir,recovered_from_ir
pi05,pi05,530,matmul_705,backbone_once,"model.paligemma_with_expert.paligemma.model.language_model.layers.slice(None, 18, None).5.mlp.down_proj",matmul,False,none,968,2048,16384,1,32480690176,63438848,134217728,7929856,f32,0.4727,0.0591,0.125,False,False,projection_like,mlp_projection,recovered_from_ir,recovered_from_prov_fqn,recovered_from_ir,recovered_from_ir
pi05,pi05,531,matmul_706,backbone_once,"model.paligemma_with_expert.paligemma.model.language_model.layers.slice(None, 18, None).6.self_attn.q_proj",matmul,False,none,968,2048,2048,1,4060086272,7929856,16777216,7929856,f32,0.4727,0.4727,1.0,False,False,projection_like,attention_qkv_projection,recovered_from_ir,recovered_from_prov_fqn,recovered_from_ir,recovered_from_ir
pi05,pi05,532,matmul_707,backbone_once,"model.paligemma_with_expert.paligemma.model.language_model.layers.slice(None, 18, None).6.self_attn.k_proj",matmul,False,none,968,256,2048,1,507510784,7929856,2097152,991232,f32,3.7812,0.4727,0.125,False,False,projection_like,attention_qkv_projection,recovered_from_ir,recovered_from_prov_fqn,recovered_from_ir,recovered_from_ir
pi05,pi05,533,matmul_708,backbone_once,"model.paligemma_with_expert.paligemma.model.language_model.layers.slice(None, 18, None).6.self_attn.v_proj",matmul,False,none,968,256,2048,1,507510784,7929856,2097152,991232,f32,3.7812,0.4727,0.125,False,False,projection_like,attention_qkv_projection,recovered_from_ir,recovered_from_prov_fqn,recovered_from_ir,recovered_from_ir
pi05,pi05,534,matmul_711,backbone_once,"model.paligemma_with_expert.paligemma.model.language_model.layers.slice(None, 18, None).6.self_attn.o_proj",matmul,False,none,968,2048,2048,1,4060086272,7929856,16777216,7929856,f32,0.4727,0.4727,1.0,False,False,projection_like,attention_output_projection,recovered_from_ir,recovered_from_prov_fqn,recovered_from_ir,recovered_from_ir
pi05,pi05,535,matmul_712,backbone_once,"model.paligemma_with_expert.paligemma.model.language_model.layers.slice(None, 18, None).6.mlp.gate_proj",matmul,False,none,968,16384,2048,1,32480690176,7929856,134217728,63438848,f32,0.0591,0.4727,8.0,False,False,wide_skinny,mlp_projection,recovered_from_ir,recovered_from_prov_fqn,recovered_from_ir,recovered_from_ir
pi05,pi05,536,matmul_713,backbone_once,"model.paligemma_with_expert.paligemma.model.language_model.layers.slice(None, 18, None).6.mlp.up_proj",matmul,False,none,968,16384,2048,1,32480690176,7929856,134217728,63438848,f32,0.0591,0.4727,8.0,False,False,wide_skinny,mlp_projection,recovered_from_ir,recovered_from_prov_fqn,recovered_from_ir,recovered_from_ir
pi05,pi05,537,matmul_714,backbone_once,"model.paligemma_with_expert.paligemma.model.language_model.layers.slice(None, 18, None).6.mlp.down_proj",matmul,False,none,968,2048,16384,1,32480690176,63438848,134217728,7929856,f32,0.4727,0.0591,0.125,False,False,projection_like,mlp_projection,recovered_from_ir,recovered_from_prov_fqn,recovered_from_ir,recovered_from_ir
pi05,pi05,538,matmul_715,backbone_once,"model.paligemma_with_expert.paligemma.model.language_model.layers.slice(None, 18, None).7.self_attn.q_proj",matmul,False,none,968,2048,2048,1,4060086272,7929856,16777216,7929856,f32,0.4727,0.4727,1.0,False,False,projection_like,attention_qkv_projection,recovered_from_ir,recovered_from_prov_fqn,recovered_from_ir,recovered_from_ir
pi05,pi05,539,matmul_716,backbone_once,"model.paligemma_with_expert.paligemma.model.language_model.layers.slice(None, 18, None).7.self_attn.k_proj",matmul,False,none,968,256,2048,1,507510784,7929856,2097152,991232,f32,3.7812,0.4727,0.125,False,False,projection_like,attention_qkv_projection,recovered_from_ir,recovered_from_prov_fqn,recovered_from_ir,recovered_from_ir
pi05,pi05,540,matmul_717,backbone_once,"model.paligemma_with_expert.paligemma.model.language_model.layers.slice(None, 18, None).7.self_attn.v_proj",matmul,False,none,968,256,2048,1,507510784,7929856,2097152,991232,f32,3.7812,0.4727,0.125,False,False,projection_like,attention_qkv_projection,recovered_from_ir,recovered_from_prov_fqn,recovered_from_ir,recovered_from_ir
pi05,pi05,541,matmul_720,backbone_once,"model.paligemma_with_expert.paligemma.model.language_model.layers.slice(None, 18, None).7.self_attn.o_proj",matmul,False,none,968,2048,2048,1,4060086272,7929856,16777216,7929856,f32,0.4727,0.4727,1.0,False,False,projection_like,attention_output_projection,recovered_from_ir,recovered_from_prov_fqn,recovered_from_ir,recovered_from_ir
pi05,pi05,542,matmul_721,backbone_once,"model.paligemma_with_expert.paligemma.model.language_model.layers.slice(None, 18, None).7.mlp.gate_proj",matmul,False,none,968,16384,2048,1,32480690176,7929856,134217728,63438848,f32,0.0591,0.4727,8.0,False,False,wide_skinny,mlp_projection,recovered_from_ir,recovered_from_prov_fqn,recovered_from_ir,recovered_from_ir
pi05,pi05,543,matmul_722,backbone_once,"model.paligemma_with_expert.paligemma.model.language_model.layers.slice(None, 18, None).7.mlp.up_proj",matmul,False,none,968,16384,2048,1,32480690176,7929856,134217728,63438848,f32,0.0591,0.4727,8.0,False,False,wide_skinny,mlp_projection,recovered_from_ir,recovered_from_prov_fqn,recovered_from_ir,recovered_from_ir
pi05,pi05,544,matmul_723,backbone_once,"model.paligemma_with_expert.paligemma.model.language_model.layers.slice(None, 18, None).7.mlp.down_proj",matmul,False,none,968,2048,16384,1,32480690176,63438848,134217728,7929856,f32,0.4727,0.0591,0.125,False,False,projection_like,mlp_projection,recovered_from_ir,recovered_from_prov_fqn,recovered_from_ir,recovered_from_ir
pi05,pi05,545,matmul_724,backbone_once,"model.paligemma_with_expert.paligemma.model.language_model.layers.slice(None, 18, None).8.self_attn.q_proj",matmul,False,none,968,2048,2048,1,4060086272,7929856,16777216,7929856,f32,0.4727,0.4727,1.0,False,False,projection_like,attention_qkv_projection,recovered_from_ir,recovered_from_prov_fqn,recovered_from_ir,recovered_from_ir
pi05,pi05,546,matmul_725,backbone_once,"model.paligemma_with_expert.paligemma.model.language_model.layers.slice(None, 18, None).8.self_attn.k_proj",matmul,False,none,968,256,2048,1,507510784,7929856,2097152,991232,f32,3.7812,0.4727,0.125,False,False,projection_like,attention_qkv_projection,recovered_from_ir,recovered_from_prov_fqn,recovered_from_ir,recovered_from_ir
pi05,pi05,547,matmul_726,backbone_once,"model.paligemma_with_expert.paligemma.model.language_model.layers.slice(None, 18, None).8.self_attn.v_proj",matmul,False,none,968,256,2048,1,507510784,7929856,2097152,991232,f32,3.7812,0.4727,0.125,False,False,projection_like,attention_qkv_projection,recovered_from_ir,recovered_from_prov_fqn,recovered_from_ir,recovered_from_ir
pi05,pi05,548,matmul_729,backbone_once,"model.paligemma_with_expert.paligemma.model.language_model.layers.slice(None, 18, None).8.self_attn.o_proj",matmul,False,none,968,2048,2048,1,4060086272,7929856,16777216,7929856,f32,0.4727,0.4727,1.0,False,False,projection_like,attention_output_projection,recovered_from_ir,recovered_from_prov_fqn,recovered_from_ir,recovered_from_ir
pi05,pi05,549,matmul_730,backbone_once,"model.paligemma_with_expert.paligemma.model.language_model.layers.slice(None, 18, None).8.mlp.gate_proj",matmul,False,none,968,16384,2048,1,32480690176,7929856,134217728,63438848,f32,0.0591,0.4727,8.0,False,False,wide_skinny,mlp_projection,recovered_from_ir,recovered_from_prov_fqn,recovered_from_ir,recovered_from_ir
pi05,pi05,550,matmul_731,backbone_once,"model.paligemma_with_expert.paligemma.model.language_model.layers.slice(None, 18, None).8.mlp.up_proj",matmul,False,none,968,16384,2048,1,32480690176,7929856,134217728,63438848,f32,0.0591,0.4727,8.0,False,False,wide_skinny,mlp_projection,recovered_from_ir,recovered_from_prov_fqn,recovered_from_ir,recovered_from_ir
pi05,pi05,551,matmul_732,backbone_once,"model.paligemma_with_expert.paligemma.model.language_model.layers.slice(None, 18, None).8.mlp.down_proj",matmul,False,none,968,2048,16384,1,32480690176,63438848,134217728,7929856,f32,0.4727,0.0591,0.125,False,False,projection_like,mlp_projection,recovered_from_ir,recovered_from_prov_fqn,recovered_from_ir,recovered_from_ir
pi05,pi05,552,matmul_733,backbone_once,"model.paligemma_with_expert.paligemma.model.language_model.layers.slice(None, 18, None).9.self_attn.q_proj",matmul,False,none,968,2048,2048,1,4060086272,7929856,16777216,7929856,f32,0.4727,0.4727,1.0,False,False,projection_like,attention_qkv_projection,recovered_from_ir,recovered_from_prov_fqn,recovered_from_ir,recovered_from_ir
pi05,pi05,553,matmul_734,backbone_once,"model.paligemma_with_expert.paligemma.model.language_model.layers.slice(None, 18, None).9.self_attn.k_proj",matmul,False,none,968,256,2048,1,507510784,7929856,2097152,991232,f32,3.7812,0.4727,0.125,False,False,projection_like,attention_qkv_projection,recovered_from_ir,recovered_from_prov_fqn,recovered_from_ir,recovered_from_ir
pi05,pi05,554,matmul_735,backbone_once,"model.paligemma_with_expert.paligemma.model.language_model.layers.slice(None, 18, None).9.self_attn.v_proj",matmul,False,none,968,256,2048,1,507510784,7929856,2097152,991232,f32,3.7812,0.4727,0.125,False,False,projection_like,attention_qkv_projection,recovered_from_ir,recovered_from_prov_fqn,recovered_from_ir,recovered_from_ir
pi05,pi05,555,matmul_738,backbone_once,"model.paligemma_with_expert.paligemma.model.language_model.layers.slice(None, 18, None).9.self_attn.o_proj",matmul,False,none,968,2048,2048,1,4060086272,7929856,16777216,7929856,f32,0.4727,0.4727,1.0,False,False,projection_like,attention_output_projection,recovered_from_ir,recovered_from_prov_fqn,recovered_from_ir,recovered_from_ir
pi05,pi05,556,matmul_739,backbone_once,"model.paligemma_with_expert.paligemma.model.language_model.layers.slice(None, 18, None).9.mlp.gate_proj",matmul,False,none,968,16384,2048,1,32480690176,7929856,134217728,63438848,f32,0.0591,0.4727,8.0,False,False,wide_skinny,mlp_projection,recovered_from_ir,recovered_from_prov_fqn,recovered_from_ir,recovered_from_ir
pi05,pi05,557,matmul_740,backbone_once,"model.paligemma_with_expert.paligemma.model.language_model.layers.slice(None, 18, None).9.mlp.up_proj",matmul,False,none,968,16384,2048,1,32480690176,7929856,134217728,63438848,f32,0.0591,0.4727,8.0,False,False,wide_skinny,mlp_projection,recovered_from_ir,recovered_from_prov_fqn,recovered_from_ir,recovered_from_ir
pi05,pi05,558,matmul_741,backbone_once,"model.paligemma_with_expert.paligemma.model.language_model.layers.slice(None, 18, None).9.mlp.down_proj",matmul,False,none,968,2048,16384,1,32480690176,63438848,134217728,7929856,f32,0.4727,0.0591,0.125,False,False,projection_like,mlp_projection,recovered_from_ir,recovered_from_prov_fqn,recovered_from_ir,recovered_from_ir
pi05,pi05,559,matmul_742,backbone_once,"model.paligemma_with_expert.paligemma.model.language_model.layers.slice(None, 18, None).10.self_attn.q_proj",matmul,False,none,968,2048,2048,1,4060086272,7929856,16777216,7929856,f32,0.4727,0.4727,1.0,False,False,projection_like,attention_qkv_projection,recovered_from_ir,recovered_from_prov_fqn,recovered_from_ir,recovered_from_ir
pi05,pi05,560,matmul_743,backbone_once,"model.paligemma_with_expert.paligemma.model.language_model.layers.slice(None, 18, None).10.self_attn.k_proj",matmul,False,none,968,256,2048,1,507510784,7929856,2097152,991232,f32,3.7812,0.4727,0.125,False,False,projection_like,attention_qkv_projection,recovered_from_ir,recovered_from_prov_fqn,recovered_from_ir,recovered_from_ir
pi05,pi05,561,matmul_744,backbone_once,"model.paligemma_with_expert.paligemma.model.language_model.layers.slice(None, 18, None).10.self_attn.v_proj",matmul,False,none,968,256,2048,1,507510784,7929856,2097152,991232,f32,3.7812,0.4727,0.125,False,False,projection_like,attention_qkv_projection,recovered_from_ir,recovered_from_prov_fqn,recovered_from_ir,recovered_from_ir
pi05,pi05,562,matmul_747,backbone_once,"model.paligemma_with_expert.paligemma.model.language_model.layers.slice(None, 18, None).10.self_attn.o_proj",matmul,False,none,968,2048,2048,1,4060086272,7929856,16777216,7929856,f32,0.4727,0.4727,1.0,False,False,projection_like,attention_output_projection,recovered_from_ir,recovered_from_prov_fqn,recovered_from_ir,recovered_from_ir
pi05,pi05,563,matmul_748,backbone_once,"model.paligemma_with_expert.paligemma.model.language_model.layers.slice(None, 18, None).10.mlp.gate_proj",matmul,False,none,968,16384,2048,1,32480690176,7929856,134217728,63438848,f32,0.0591,0.4727,8.0,False,False,wide_skinny,mlp_projection,recovered_from_ir,recovered_from_prov_fqn,recovered_from_ir,recovered_from_ir
pi05,pi05,564,matmul_749,backbone_once,"model.paligemma_with_expert.paligemma.model.language_model.layers.slice(None, 18, None).10.mlp.up_proj",matmul,False,none,968,16384,2048,1,32480690176,7929856,134217728,63438848,f32,0.0591,0.4727,8.0,False,False,wide_skinny,mlp_projection,recovered_from_ir,recovered_from_prov_fqn,recovered_from_ir,recovered_from_ir
pi05,pi05,565,matmul_750,backbone_once,"model.paligemma_with_expert.paligemma.model.language_model.layers.slice(None, 18, None).10.mlp.down_proj",matmul,False,none,968,2048,16384,1,32480690176,63438848,134217728,7929856,f32,0.4727,0.0591,0.125,False,False,projection_like,mlp_projection,recovered_from_ir,recovered_from_prov_fqn,recovered_from_ir,recovered_from_ir
pi05,pi05,566,matmul_751,backbone_once,"model.paligemma_with_expert.paligemma.model.language_model.layers.slice(None, 18, None).11.self_attn.q_proj",matmul,False,none,968,2048,2048,1,4060086272,7929856,16777216,7929856,f32,0.4727,0.4727,1.0,False,False,projection_like,attention_qkv_projection,recovered_from_ir,recovered_from_prov_fqn,recovered_from_ir,recovered_from_ir
pi05,pi05,567,matmul_752,backbone_once,"model.paligemma_with_expert.paligemma.model.language_model.layers.slice(None, 18, None).11.self_attn.k_proj",matmul,False,none,968,256,2048,1,507510784,7929856,2097152,991232,f32,3.7812,0.4727,0.125,False,False,projection_like,attention_qkv_projection,recovered_from_ir,recovered_from_prov_fqn,recovered_from_ir,recovered_from_ir
pi05,pi05,568,matmul_753,backbone_once,"model.paligemma_with_expert.paligemma.model.language_model.layers.slice(None, 18, None).11.self_attn.v_proj",matmul,False,none,968,256,2048,1,507510784,7929856,2097152,991232,f32,3.7812,0.4727,0.125,False,False,projection_like,attention_qkv_projection,recovered_from_ir,recovered_from_prov_fqn,recovered_from_ir,recovered_from_ir
pi05,pi05,569,matmul_756,backbone_once,"model.paligemma_with_expert.paligemma.model.language_model.layers.slice(None, 18, None).11.self_attn.o_proj",matmul,False,none,968,2048,2048,1,4060086272,7929856,16777216,7929856,f32,0.4727,0.4727,1.0,False,False,projection_like,attention_output_projection,recovered_from_ir,recovered_from_prov_fqn,recovered_from_ir,recovered_from_ir
pi05,pi05,570,matmul_757,backbone_once,"model.paligemma_with_expert.paligemma.model.language_model.layers.slice(None, 18, None).11.mlp.gate_proj",matmul,False,none,968,16384,2048,1,32480690176,7929856,134217728,63438848,f32,0.0591,0.4727,8.0,False,False,wide_skinny,mlp_projection,recovered_from_ir,recovered_from_prov_fqn,recovered_from_ir,recovered_from_ir
pi05,pi05,571,matmul_758,backbone_once,"model.paligemma_with_expert.paligemma.model.language_model.layers.slice(None, 18, None).11.mlp.up_proj",matmul,False,none,968,16384,2048,1,32480690176,7929856,134217728,63438848,f32,0.0591,0.4727,8.0,False,False,wide_skinny,mlp_projection,recovered_from_ir,recovered_from_prov_fqn,recovered_from_ir,recovered_from_ir
pi05,pi05,572,matmul_759,backbone_once,"model.paligemma_with_expert.paligemma.model.language_model.layers.slice(None, 18, None).11.mlp.down_proj",matmul,False,none,968,2048,16384,1,32480690176,63438848,134217728,7929856,f32,0.4727,0.0591,0.125,False,False,projection_like,mlp_projection,recovered_from_ir,recovered_from_prov_fqn,recovered_from_ir,recovered_from_ir
pi05,pi05,573,matmul_760,backbone_once,"model.paligemma_with_expert.paligemma.model.language_model.layers.slice(None, 18, None).12.self_attn.q_proj",matmul,False,none,968,2048,2048,1,4060086272,7929856,16777216,7929856,f32,0.4727,0.4727,1.0,False,False,projection_like,attention_qkv_projection,recovered_from_ir,recovered_from_prov_fqn,recovered_from_ir,recovered_from_ir
pi05,pi05,574,matmul_761,backbone_once,"model.paligemma_with_expert.paligemma.model.language_model.layers.slice(None, 18, None).12.self_attn.k_proj",matmul,False,none,968,256,2048,1,507510784,7929856,2097152,991232,f32,3.7812,0.4727,0.125,False,False,projection_like,attention_qkv_projection,recovered_from_ir,recovered_from_prov_fqn,recovered_from_ir,recovered_from_ir
pi05,pi05,575,matmul_762,backbone_once,"model.paligemma_with_expert.paligemma.model.language_model.layers.slice(None, 18, None).12.self_attn.v_proj",matmul,False,none,968,256,2048,1,507510784,7929856,2097152,991232,f32,3.7812,0.4727,0.125,False,False,projection_like,attention_qkv_projection,recovered_from_ir,recovered_from_prov_fqn,recovered_from_ir,recovered_from_ir
pi05,pi05,576,matmul_765,backbone_once,"model.paligemma_with_expert.paligemma.model.language_model.layers.slice(None, 18, None).12.self_attn.o_proj",matmul,False,none,968,2048,2048,1,4060086272,7929856,16777216,7929856,f32,0.4727,0.4727,1.0,False,False,projection_like,attention_output_projection,recovered_from_ir,recovered_from_prov_fqn,recovered_from_ir,recovered_from_ir
pi05,pi05,577,matmul_766,backbone_once,"model.paligemma_with_expert.paligemma.model.language_model.layers.slice(None, 18, None).12.mlp.gate_proj",matmul,False,none,968,16384,2048,1,32480690176,7929856,134217728,63438848,f32,0.0591,0.4727,8.0,False,False,wide_skinny,mlp_projection,recovered_from_ir,recovered_from_prov_fqn,recovered_from_ir,recovered_from_ir
pi05,pi05,578,matmul_767,backbone_once,"model.paligemma_with_expert.paligemma.model.language_model.layers.slice(None, 18, None).12.mlp.up_proj",matmul,False,none,968,16384,2048,1,32480690176,7929856,134217728,63438848,f32,0.0591,0.4727,8.0,False,False,wide_skinny,mlp_projection,recovered_from_ir,recovered_from_prov_fqn,recovered_from_ir,recovered_from_ir
pi05,pi05,579,matmul_768,backbone_once,"model.paligemma_with_expert.paligemma.model.language_model.layers.slice(None, 18, None).12.mlp.down_proj",matmul,False,none,968,2048,16384,1,32480690176,63438848,134217728,7929856,f32,0.4727,0.0591,0.125,False,False,projection_like,mlp_projection,recovered_from_ir,recovered_from_prov_fqn,recovered_from_ir,recovered_from_ir
pi05,pi05,580,matmul_769,backbone_once,"model.paligemma_with_expert.paligemma.model.language_model.layers.slice(None, 18, None).13.self_attn.q_proj",matmul,False,none,968,2048,2048,1,4060086272,7929856,16777216,7929856,f32,0.4727,0.4727,1.0,False,False,projection_like,attention_qkv_projection,recovered_from_ir,recovered_from_prov_fqn,recovered_from_ir,recovered_from_ir
pi05,pi05,581,matmul_770,backbone_once,"model.paligemma_with_expert.paligemma.model.language_model.layers.slice(None, 18, None).13.self_attn.k_proj",matmul,False,none,968,256,2048,1,507510784,7929856,2097152,991232,f32,3.7812,0.4727,0.125,False,False,projection_like,attention_qkv_projection,recovered_from_ir,recovered_from_prov_fqn,recovered_from_ir,recovered_from_ir
pi05,pi05,582,matmul_771,backbone_once,"model.paligemma_with_expert.paligemma.model.language_model.layers.slice(None, 18, None).13.self_attn.v_proj",matmul,False,none,968,256,2048,1,507510784,7929856,2097152,991232,f32,3.7812,0.4727,0.125,False,False,projection_like,attention_qkv_projection,recovered_from_ir,recovered_from_prov_fqn,recovered_from_ir,recovered_from_ir
pi05,pi05,583,matmul_774,backbone_once,"model.paligemma_with_expert.paligemma.model.language_model.layers.slice(None, 18, None).13.self_attn.o_proj",matmul,False,none,968,2048,2048,1,4060086272,7929856,16777216,7929856,f32,0.4727,0.4727,1.0,False,False,projection_like,attention_output_projection,recovered_from_ir,recovered_from_prov_fqn,recovered_from_ir,recovered_from_ir
pi05,pi05,584,matmul_775,backbone_once,"model.paligemma_with_expert.paligemma.model.language_model.layers.slice(None, 18, None).13.mlp.gate_proj",matmul,False,none,968,16384,2048,1,32480690176,7929856,134217728,63438848,f32,0.0591,0.4727,8.0,False,False,wide_skinny,mlp_projection,recovered_from_ir,recovered_from_prov_fqn,recovered_from_ir,recovered_from_ir
pi05,pi05,585,matmul_776,backbone_once,"model.paligemma_with_expert.paligemma.model.language_model.layers.slice(None, 18, None).13.mlp.up_proj",matmul,False,none,968,16384,2048,1,32480690176,7929856,134217728,63438848,f32,0.0591,0.4727,8.0,False,False,wide_skinny,mlp_projection,recovered_from_ir,recovered_from_prov_fqn,recovered_from_ir,recovered_from_ir
pi05,pi05,586,matmul_777,backbone_once,"model.paligemma_with_expert.paligemma.model.language_model.layers.slice(None, 18, None).13.mlp.down_proj",matmul,False,none,968,2048,16384,1,32480690176,63438848,134217728,7929856,f32,0.4727,0.0591,0.125,False,False,projection_like,mlp_projection,recovered_from_ir,recovered_from_prov_fqn,recovered_from_ir,recovered_from_ir
pi05,pi05,587,matmul_778,backbone_once,"model.paligemma_with_expert.paligemma.model.language_model.layers.slice(None, 18, None).14.self_attn.q_proj",matmul,False,none,968,2048,2048,1,4060086272,7929856,16777216,7929856,f32,0.4727,0.4727,1.0,False,False,projection_like,attention_qkv_projection,recovered_from_ir,recovered_from_prov_fqn,recovered_from_ir,recovered_from_ir
pi05,pi05,588,matmul_779,backbone_once,"model.paligemma_with_expert.paligemma.model.language_model.layers.slice(None, 18, None).14.self_attn.k_proj",matmul,False,none,968,256,2048,1,507510784,7929856,2097152,991232,f32,3.7812,0.4727,0.125,False,False,projection_like,attention_qkv_projection,recovered_from_ir,recovered_from_prov_fqn,recovered_from_ir,recovered_from_ir
pi05,pi05,589,matmul_780,backbone_once,"model.paligemma_with_expert.paligemma.model.language_model.layers.slice(None, 18, None).14.self_attn.v_proj",matmul,False,none,968,256,2048,1,507510784,7929856,2097152,991232,f32,3.7812,0.4727,0.125,False,False,projection_like,attention_qkv_projection,recovered_from_ir,recovered_from_prov_fqn,recovered_from_ir,recovered_from_ir
pi05,pi05,590,matmul_783,backbone_once,"model.paligemma_with_expert.paligemma.model.language_model.layers.slice(None, 18, None).14.self_attn.o_proj",matmul,False,none,968,2048,2048,1,4060086272,7929856,16777216,7929856,f32,0.4727,0.4727,1.0,False,False,projection_like,attention_output_projection,recovered_from_ir,recovered_from_prov_fqn,recovered_from_ir,recovered_from_ir
pi05,pi05,591,matmul_784,backbone_once,"model.paligemma_with_expert.paligemma.model.language_model.layers.slice(None, 18, None).14.mlp.gate_proj",matmul,False,none,968,16384,2048,1,32480690176,7929856,134217728,63438848,f32,0.0591,0.4727,8.0,False,False,wide_skinny,mlp_projection,recovered_from_ir,recovered_from_prov_fqn,recovered_from_ir,recovered_from_ir
pi05,pi05,592,matmul_785,backbone_once,"model.paligemma_with_expert.paligemma.model.language_model.layers.slice(None, 18, None).14.mlp.up_proj",matmul,False,none,968,16384,2048,1,32480690176,7929856,134217728,63438848,f32,0.0591,0.4727,8.0,False,False,wide_skinny,mlp_projection,recovered_from_ir,recovered_from_prov_fqn,recovered_from_ir,recovered_from_ir
pi05,pi05,593,matmul_786,backbone_once,"model.paligemma_with_expert.paligemma.model.language_model.layers.slice(None, 18, None).14.mlp.down_proj",matmul,False,none,968,2048,16384,1,32480690176,63438848,134217728,7929856,f32,0.4727,0.0591,0.125,False,False,projection_like,mlp_projection,recovered_from_ir,recovered_from_prov_fqn,recovered_from_ir,recovered_from_ir
pi05,pi05,594,matmul_787,backbone_once,"model.paligemma_with_expert.paligemma.model.language_model.layers.slice(None, 18, None).15.self_attn.q_proj",matmul,False,none,968,2048,2048,1,4060086272,7929856,16777216,7929856,f32,0.4727,0.4727,1.0,False,False,projection_like,attention_qkv_projection,recovered_from_ir,recovered_from_prov_fqn,recovered_from_ir,recovered_from_ir
pi05,pi05,595,matmul_788,backbone_once,"model.paligemma_with_expert.paligemma.model.language_model.layers.slice(None, 18, None).15.self_attn.k_proj",matmul,False,none,968,256,2048,1,507510784,7929856,2097152,991232,f32,3.7812,0.4727,0.125,False,False,projection_like,attention_qkv_projection,recovered_from_ir,recovered_from_prov_fqn,recovered_from_ir,recovered_from_ir
pi05,pi05,596,matmul_789,backbone_once,"model.paligemma_with_expert.paligemma.model.language_model.layers.slice(None, 18, None).15.self_attn.v_proj",matmul,False,none,968,256,2048,1,507510784,7929856,2097152,991232,f32,3.7812,0.4727,0.125,False,False,projection_like,attention_qkv_projection,recovered_from_ir,recovered_from_prov_fqn,recovered_from_ir,recovered_from_ir
pi05,pi05,597,matmul_792,backbone_once,"model.paligemma_with_expert.paligemma.model.language_model.layers.slice(None, 18, None).15.self_attn.o_proj",matmul,False,none,968,2048,2048,1,4060086272,7929856,16777216,7929856,f32,0.4727,0.4727,1.0,False,False,projection_like,attention_output_projection,recovered_from_ir,recovered_from_prov_fqn,recovered_from_ir,recovered_from_ir
pi05,pi05,598,matmul_793,backbone_once,"model.paligemma_with_expert.paligemma.model.language_model.layers.slice(None, 18, None).15.mlp.gate_proj",matmul,False,none,968,16384,2048,1,32480690176,7929856,134217728,63438848,f32,0.0591,0.4727,8.0,False,False,wide_skinny,mlp_projection,recovered_from_ir,recovered_from_prov_fqn,recovered_from_ir,recovered_from_ir
pi05,pi05,599,matmul_794,backbone_once,"model.paligemma_with_expert.paligemma.model.language_model.layers.slice(None, 18, None).15.mlp.up_proj",matmul,False,none,968,16384,2048,1,32480690176,7929856,134217728,63438848,f32,0.0591,0.4727,8.0,False,False,wide_skinny,mlp_projection,recovered_from_ir,recovered_from_prov_fqn,recovered_from_ir,recovered_from_ir
pi05,pi05,600,matmul_795,backbone_once,"model.paligemma_with_expert.paligemma.model.language_model.layers.slice(None, 18, None).15.mlp.down_proj",matmul,False,none,968,2048,16384,1,32480690176,63438848,134217728,7929856,f32,0.4727,0.0591,0.125,False,False,projection_like,mlp_projection,recovered_from_ir,recovered_from_prov_fqn,recovered_from_ir,recovered_from_ir
pi05,pi05,601,matmul_796,backbone_once,"model.paligemma_with_expert.paligemma.model.language_model.layers.slice(None, 18, None).16.self_attn.q_proj",matmul,False,none,968,2048,2048,1,4060086272,7929856,16777216,7929856,f32,0.4727,0.4727,1.0,False,False,projection_like,attention_qkv_projection,recovered_from_ir,recovered_from_prov_fqn,recovered_from_ir,recovered_from_ir
pi05,pi05,602,matmul_797,backbone_once,"model.paligemma_with_expert.paligemma.model.language_model.layers.slice(None, 18, None).16.self_attn.k_proj",matmul,False,none,968,256,2048,1,507510784,7929856,2097152,991232,f32,3.7812,0.4727,0.125,False,False,projection_like,attention_qkv_projection,recovered_from_ir,recovered_from_prov_fqn,recovered_from_ir,recovered_from_ir
pi05,pi05,603,matmul_798,backbone_once,"model.paligemma_with_expert.paligemma.model.language_model.layers.slice(None, 18, None).16.self_attn.v_proj",matmul,False,none,968,256,2048,1,507510784,7929856,2097152,991232,f32,3.7812,0.4727,0.125,False,False,projection_like,attention_qkv_projection,recovered_from_ir,recovered_from_prov_fqn,recovered_from_ir,recovered_from_ir
pi05,pi05,604,matmul_801,backbone_once,"model.paligemma_with_expert.paligemma.model.language_model.layers.slice(None, 18, None).16.self_attn.o_proj",matmul,False,none,968,2048,2048,1,4060086272,7929856,16777216,7929856,f32,0.4727,0.4727,1.0,False,False,projection_like,attention_output_projection,recovered_from_ir,recovered_from_prov_fqn,recovered_from_ir,recovered_from_ir
pi05,pi05,605,matmul_802,backbone_once,"model.paligemma_with_expert.paligemma.model.language_model.layers.slice(None, 18, None).16.mlp.gate_proj",matmul,False,none,968,16384,2048,1,32480690176,7929856,134217728,63438848,f32,0.0591,0.4727,8.0,False,False,wide_skinny,mlp_projection,recovered_from_ir,recovered_from_prov_fqn,recovered_from_ir,recovered_from_ir
pi05,pi05,606,matmul_803,backbone_once,"model.paligemma_with_expert.paligemma.model.language_model.layers.slice(None, 18, None).16.mlp.up_proj",matmul,False,none,968,16384,2048,1,32480690176,7929856,134217728,63438848,f32,0.0591,0.4727,8.0,False,False,wide_skinny,mlp_projection,recovered_from_ir,recovered_from_prov_fqn,recovered_from_ir,recovered_from_ir
pi05,pi05,607,matmul_804,backbone_once,"model.paligemma_with_expert.paligemma.model.language_model.layers.slice(None, 18, None).16.mlp.down_proj",matmul,False,none,968,2048,16384,1,32480690176,63438848,134217728,7929856,f32,0.4727,0.0591,0.125,False,False,projection_like,mlp_projection,recovered_from_ir,recovered_from_prov_fqn,recovered_from_ir,recovered_from_ir
pi05,pi05,608,matmul_805,backbone_once,"model.paligemma_with_expert.paligemma.model.language_model.layers.slice(None, 18, None).17.self_attn.k_proj",matmul,False,none,968,256,2048,1,507510784,7929856,2097152,991232,f32,3.7812,0.4727,0.125,False,False,projection_like,attention_qkv_projection,recovered_from_ir,recovered_from_prov_fqn,recovered_from_ir,recovered_from_ir
pi05,pi05,609,matmul_806,backbone_once,"model.paligemma_with_expert.paligemma.model.language_model.layers.slice(None, 18, None).17.self_attn.v_proj",matmul,False,none,968,256,2048,1,507510784,7929856,2097152,991232,f32,3.7812,0.4727,0.125,False,False,projection_like,attention_qkv_projection,recovered_from_ir,recovered_from_prov_fqn,recovered_from_ir,recovered_from_ir
pi05,pi05,610,matmul_0,repeated_head,model.action_in_proj,addmm,True,bias_addmm,50,1024,32,1,1638400,6400,131072,204800,f32,0.0488,1.5625,32.0,True,False,wide_skinny,unknown,recovered_from_ir,recovered_from_prov_fqn,recovered_from_ir,recovered_from_ir
pi05,pi05,611,matmul_1,repeated_head,model.time_mlp_in,addmm,True,bias_addmm,1,1024,1024,1,1048576,4096,4194304,4096,f32,0.001,0.001,1.0,True,False,gemv_like,mlp_projection,recovered_from_ir,recovered_from_prov_fqn,recovered_from_ir,recovered_from_ir
pi05,pi05,612,matmul_2,repeated_head,model.time_mlp_out,addmm,True,bias_addmm,1,1024,1024,1,1048576,4096,4194304,4096,f32,0.001,0.001,1.0,True,False,gemv_like,mlp_projection,recovered_from_ir,recovered_from_prov_fqn,recovered_from_ir,recovered_from_ir
pi05,pi05,613,matmul_4,repeated_head,"model.paligemma_with_expert.gemma_expert.model.layers.slice(None, 18, None).0.input_layernorm.dense",addmm,True,bias_addmm,1,3072,1024,1,3145728,4096,12582912,12288,f32,0.0003,0.001,3.0,True,False,gemv_like,unknown,recovered_from_ir,recovered_from_prov_fqn,recovered_from_ir,recovered_from_ir
pi05,pi05,614,matmul_5,repeated_head,"model.paligemma_with_expert.gemma_expert.model.layers.slice(None, 18, None).0.self_attn.q_proj",matmul,False,none,50,2048,1024,1,104857600,204800,8388608,409600,f32,0.0244,0.0488,2.0,True,False,wide_skinny,attention_qkv_projection,recovered_from_ir,recovered_from_prov_fqn,recovered_from_ir,recovered_from_ir
pi05,pi05,615,matmul_6,repeated_head,"model.paligemma_with_expert.gemma_expert.model.layers.slice(None, 18, None).0.self_attn.k_proj",matmul,False,none,50,256,1024,1,13107200,204800,1048576,51200,f32,0.1953,0.0488,0.25,True,False,wide_skinny,attention_qkv_projection,recovered_from_ir,recovered_from_prov_fqn,recovered_from_ir,recovered_from_ir
pi05,pi05,616,matmul_7,repeated_head,"model.paligemma_with_expert.gemma_expert.model.layers.slice(None, 18, None).0.self_attn.v_proj",matmul,False,none,50,256,1024,1,13107200,204800,1048576,51200,f32,0.1953,0.0488,0.25,True,False,wide_skinny,attention_qkv_projection,recovered_from_ir,recovered_from_prov_fqn,recovered_from_ir,recovered_from_ir
pi05,pi05,617,matmul_10,repeated_head,"model.paligemma_with_expert.gemma_expert.model.layers.slice(None, 18, None).0.self_attn.o_proj",matmul,False,none,50,1024,2048,1,104857600,409600,8388608,204800,f32,0.0488,0.0244,0.5,True,False,wide_skinny,attention_output_projection,recovered_from_ir,recovered_from_prov_fqn,recovered_from_ir,recovered_from_ir
pi05,pi05,618,matmul_11,repeated_head,"model.paligemma_with_expert.gemma_expert.model.layers.slice(None, 18, None).0.post_attention_layernorm.dense",addmm,True,bias_addmm,1,3072,1024,1,3145728,4096,12582912,12288,f32,0.0003,0.001,3.0,True,False,gemv_like,unknown,recovered_from_ir,recovered_from_prov_fqn,recovered_from_ir,recovered_from_ir
pi05,pi05,619,matmul_12,repeated_head,"model.paligemma_with_expert.gemma_expert.model.layers.slice(None, 18, None).0.mlp.gate_proj",matmul,False,none,50,4096,1024,1,209715200,204800,16777216,819200,f32,0.0122,0.0488,4.0,True,False,wide_skinny,mlp_projection,recovered_from_ir,recovered_from_prov_fqn,recovered_from_ir,recovered_from_ir
pi05,pi05,620,matmul_13,repeated_head,"model.paligemma_with_expert.gemma_expert.model.layers.slice(None, 18, None).0.mlp.up_proj",matmul,False,none,50,4096,1024,1,209715200,204800,16777216,819200,f32,0.0122,0.0488,4.0,True,False,wide_skinny,mlp_projection,recovered_from_ir,recovered_from_prov_fqn,recovered_from_ir,recovered_from_ir
pi05,pi05,621,matmul_14,repeated_head,"model.paligemma_with_expert.gemma_expert.model.layers.slice(None, 18, None).0.mlp.down_proj",matmul,False,none,50,1024,4096,1,209715200,819200,16777216,204800,f32,0.0488,0.0122,0.25,True,False,wide_skinny,mlp_projection,recovered_from_ir,recovered_from_prov_fqn,recovered_from_ir,recovered_from_ir
pi05,pi05,622,matmul_15,repeated_head,"model.paligemma_with_expert.gemma_expert.model.layers.slice(None, 18, None).1.input_layernorm.dense",addmm,True,bias_addmm,1,3072,1024,1,3145728,4096,12582912,12288,f32,0.0003,0.001,3.0,True,False,gemv_like,unknown,recovered_from_ir,recovered_from_prov_fqn,recovered_from_ir,recovered_from_ir
pi05,pi05,623,matmul_16,repeated_head,"model.paligemma_with_expert.gemma_expert.model.layers.slice(None, 18, None).1.self_attn.q_proj",matmul,False,none,50,2048,1024,1,104857600,204800,8388608,409600,f32,0.0244,0.0488,2.0,True,False,wide_skinny,attention_qkv_projection,recovered_from_ir,recovered_from_prov_fqn,recovered_from_ir,recovered_from_ir
pi05,pi05,624,matmul_17,repeated_head,"model.paligemma_with_expert.gemma_expert.model.layers.slice(None, 18, None).1.self_attn.k_proj",matmul,False,none,50,256,1024,1,13107200,204800,1048576,51200,f32,0.1953,0.0488,0.25,True,False,wide_skinny,attention_qkv_projection,recovered_from_ir,recovered_from_prov_fqn,recovered_from_ir,recovered_from_ir
pi05,pi05,625,matmul_18,repeated_head,"model.paligemma_with_expert.gemma_expert.model.layers.slice(None, 18, None).1.self_attn.v_proj",matmul,False,none,50,256,1024,1,13107200,204800,1048576,51200,f32,0.1953,0.0488,0.25,True,False,wide_skinny,attention_qkv_projection,recovered_from_ir,recovered_from_prov_fqn,recovered_from_ir,recovered_from_ir
pi05,pi05,626,matmul_21,repeated_head,"model.paligemma_with_expert.gemma_expert.model.layers.slice(None, 18, None).1.self_attn.o_proj",matmul,False,none,50,1024,2048,1,104857600,409600,8388608,204800,f32,0.0488,0.0244,0.5,True,False,wide_skinny,attention_output_projection,recovered_from_ir,recovered_from_prov_fqn,recovered_from_ir,recovered_from_ir
pi05,pi05,627,matmul_22,repeated_head,"model.paligemma_with_expert.gemma_expert.model.layers.slice(None, 18, None).1.post_attention_layernorm.dense",addmm,True,bias_addmm,1,3072,1024,1,3145728,4096,12582912,12288,f32,0.0003,0.001,3.0,True,False,gemv_like,unknown,recovered_from_ir,recovered_from_prov_fqn,recovered_from_ir,recovered_from_ir
pi05,pi05,628,matmul_23,repeated_head,"model.paligemma_with_expert.gemma_expert.model.layers.slice(None, 18, None).1.mlp.gate_proj",matmul,False,none,50,4096,1024,1,209715200,204800,16777216,819200,f32,0.0122,0.0488,4.0,True,False,wide_skinny,mlp_projection,recovered_from_ir,recovered_from_prov_fqn,recovered_from_ir,recovered_from_ir
pi05,pi05,629,matmul_24,repeated_head,"model.paligemma_with_expert.gemma_expert.model.layers.slice(None, 18, None).1.mlp.up_proj",matmul,False,none,50,4096,1024,1,209715200,204800,16777216,819200,f32,0.0122,0.0488,4.0,True,False,wide_skinny,mlp_projection,recovered_from_ir,recovered_from_prov_fqn,recovered_from_ir,recovered_from_ir
pi05,pi05,630,matmul_25,repeated_head,"model.paligemma_with_expert.gemma_expert.model.layers.slice(None, 18, None).1.mlp.down_proj",matmul,False,none,50,1024,4096,1,209715200,819200,16777216,204800,f32,0.0488,0.0122,0.25,True,False,wide_skinny,mlp_projection,recovered_from_ir,recovered_from_prov_fqn,recovered_from_ir,recovered_from_ir
pi05,pi05,631,matmul_26,repeated_head,"model.paligemma_with_expert.gemma_expert.model.layers.slice(None, 18, None).2.input_layernorm.dense",addmm,True,bias_addmm,1,3072,1024,1,3145728,4096,12582912,12288,f32,0.0003,0.001,3.0,True,False,gemv_like,unknown,recovered_from_ir,recovered_from_prov_fqn,recovered_from_ir,recovered_from_ir
pi05,pi05,632,matmul_27,repeated_head,"model.paligemma_with_expert.gemma_expert.model.layers.slice(None, 18, None).2.self_attn.q_proj",matmul,False,none,50,2048,1024,1,104857600,204800,8388608,409600,f32,0.0244,0.0488,2.0,True,False,wide_skinny,attention_qkv_projection,recovered_from_ir,recovered_from_prov_fqn,recovered_from_ir,recovered_from_ir
pi05,pi05,633,matmul_28,repeated_head,"model.paligemma_with_expert.gemma_expert.model.layers.slice(None, 18, None).2.self_attn.k_proj",matmul,False,none,50,256,1024,1,13107200,204800,1048576,51200,f32,0.1953,0.0488,0.25,True,False,wide_skinny,attention_qkv_projection,recovered_from_ir,recovered_from_prov_fqn,recovered_from_ir,recovered_from_ir
pi05,pi05,634,matmul_29,repeated_head,"model.paligemma_with_expert.gemma_expert.model.layers.slice(None, 18, None).2.self_attn.v_proj",matmul,False,none,50,256,1024,1,13107200,204800,1048576,51200,f32,0.1953,0.0488,0.25,True,False,wide_skinny,attention_qkv_projection,recovered_from_ir,recovered_from_prov_fqn,recovered_from_ir,recovered_from_ir
pi05,pi05,635,matmul_32,repeated_head,"model.paligemma_with_expert.gemma_expert.model.layers.slice(None, 18, None).2.self_attn.o_proj",matmul,False,none,50,1024,2048,1,104857600,409600,8388608,204800,f32,0.0488,0.0244,0.5,True,False,wide_skinny,attention_output_projection,recovered_from_ir,recovered_from_prov_fqn,recovered_from_ir,recovered_from_ir
pi05,pi05,636,matmul_33,repeated_head,"model.paligemma_with_expert.gemma_expert.model.layers.slice(None, 18, None).2.post_attention_layernorm.dense",addmm,True,bias_addmm,1,3072,1024,1,3145728,4096,12582912,12288,f32,0.0003,0.001,3.0,True,False,gemv_like,unknown,recovered_from_ir,recovered_from_prov_fqn,recovered_from_ir,recovered_from_ir
pi05,pi05,637,matmul_34,repeated_head,"model.paligemma_with_expert.gemma_expert.model.layers.slice(None, 18, None).2.mlp.gate_proj",matmul,False,none,50,4096,1024,1,209715200,204800,16777216,819200,f32,0.0122,0.0488,4.0,True,False,wide_skinny,mlp_projection,recovered_from_ir,recovered_from_prov_fqn,recovered_from_ir,recovered_from_ir
pi05,pi05,638,matmul_35,repeated_head,"model.paligemma_with_expert.gemma_expert.model.layers.slice(None, 18, None).2.mlp.up_proj",matmul,False,none,50,4096,1024,1,209715200,204800,16777216,819200,f32,0.0122,0.0488,4.0,True,False,wide_skinny,mlp_projection,recovered_from_ir,recovered_from_prov_fqn,recovered_from_ir,recovered_from_ir
pi05,pi05,639,matmul_36,repeated_head,"model.paligemma_with_expert.gemma_expert.model.layers.slice(None, 18, None).2.mlp.down_proj",matmul,False,none,50,1024,4096,1,209715200,819200,16777216,204800,f32,0.0488,0.0122,0.25,True,False,wide_skinny,mlp_projection,recovered_from_ir,recovered_from_prov_fqn,recovered_from_ir,recovered_from_ir
pi05,pi05,640,matmul_37,repeated_head,"model.paligemma_with_expert.gemma_expert.model.layers.slice(None, 18, None).3.input_layernorm.dense",addmm,True,bias_addmm,1,3072,1024,1,3145728,4096,12582912,12288,f32,0.0003,0.001,3.0,True,False,gemv_like,unknown,recovered_from_ir,recovered_from_prov_fqn,recovered_from_ir,recovered_from_ir
pi05,pi05,641,matmul_38,repeated_head,"model.paligemma_with_expert.gemma_expert.model.layers.slice(None, 18, None).3.self_attn.q_proj",matmul,False,none,50,2048,1024,1,104857600,204800,8388608,409600,f32,0.0244,0.0488,2.0,True,False,wide_skinny,attention_qkv_projection,recovered_from_ir,recovered_from_prov_fqn,recovered_from_ir,recovered_from_ir
pi05,pi05,642,matmul_39,repeated_head,"model.paligemma_with_expert.gemma_expert.model.layers.slice(None, 18, None).3.self_attn.k_proj",matmul,False,none,50,256,1024,1,13107200,204800,1048576,51200,f32,0.1953,0.0488,0.25,True,False,wide_skinny,attention_qkv_projection,recovered_from_ir,recovered_from_prov_fqn,recovered_from_ir,recovered_from_ir
pi05,pi05,643,matmul_40,repeated_head,"model.paligemma_with_expert.gemma_expert.model.layers.slice(None, 18, None).3.self_attn.v_proj",matmul,False,none,50,256,1024,1,13107200,204800,1048576,51200,f32,0.1953,0.0488,0.25,True,False,wide_skinny,attention_qkv_projection,recovered_from_ir,recovered_from_prov_fqn,recovered_from_ir,recovered_from_ir
pi05,pi05,644,matmul_43,repeated_head,"model.paligemma_with_expert.gemma_expert.model.layers.slice(None, 18, None).3.self_attn.o_proj",matmul,False,none,50,1024,2048,1,104857600,409600,8388608,204800,f32,0.0488,0.0244,0.5,True,False,wide_skinny,attention_output_projection,recovered_from_ir,recovered_from_prov_fqn,recovered_from_ir,recovered_from_ir
pi05,pi05,645,matmul_44,repeated_head,"model.paligemma_with_expert.gemma_expert.model.layers.slice(None, 18, None).3.post_attention_layernorm.dense",addmm,True,bias_addmm,1,3072,1024,1,3145728,4096,12582912,12288,f32,0.0003,0.001,3.0,True,False,gemv_like,unknown,recovered_from_ir,recovered_from_prov_fqn,recovered_from_ir,recovered_from_ir
pi05,pi05,646,matmul_45,repeated_head,"model.paligemma_with_expert.gemma_expert.model.layers.slice(None, 18, None).3.mlp.gate_proj",matmul,False,none,50,4096,1024,1,209715200,204800,16777216,819200,f32,0.0122,0.0488,4.0,True,False,wide_skinny,mlp_projection,recovered_from_ir,recovered_from_prov_fqn,recovered_from_ir,recovered_from_ir
pi05,pi05,647,matmul_46,repeated_head,"model.paligemma_with_expert.gemma_expert.model.layers.slice(None, 18, None).3.mlp.up_proj",matmul,False,none,50,4096,1024,1,209715200,204800,16777216,819200,f32,0.0122,0.0488,4.0,True,False,wide_skinny,mlp_projection,recovered_from_ir,recovered_from_prov_fqn,recovered_from_ir,recovered_from_ir
pi05,pi05,648,matmul_47,repeated_head,"model.paligemma_with_expert.gemma_expert.model.layers.slice(None, 18, None).3.mlp.down_proj",matmul,False,none,50,1024,4096,1,209715200,819200,16777216,204800,f32,0.0488,0.0122,0.25,True,False,wide_skinny,mlp_projection,recovered_from_ir,recovered_from_prov_fqn,recovered_from_ir,recovered_from_ir
pi05,pi05,649,matmul_48,repeated_head,"model.paligemma_with_expert.gemma_expert.model.layers.slice(None, 18, None).4.input_layernorm.dense",addmm,True,bias_addmm,1,3072,1024,1,3145728,4096,12582912,12288,f32,0.0003,0.001,3.0,True,False,gemv_like,unknown,recovered_from_ir,recovered_from_prov_fqn,recovered_from_ir,recovered_from_ir
pi05,pi05,650,matmul_49,repeated_head,"model.paligemma_with_expert.gemma_expert.model.layers.slice(None, 18, None).4.self_attn.q_proj",matmul,False,none,50,2048,1024,1,104857600,204800,8388608,409600,f32,0.0244,0.0488,2.0,True,False,wide_skinny,attention_qkv_projection,recovered_from_ir,recovered_from_prov_fqn,recovered_from_ir,recovered_from_ir
pi05,pi05,651,matmul_50,repeated_head,"model.paligemma_with_expert.gemma_expert.model.layers.slice(None, 18, None).4.self_attn.k_proj",matmul,False,none,50,256,1024,1,13107200,204800,1048576,51200,f32,0.1953,0.0488,0.25,True,False,wide_skinny,attention_qkv_projection,recovered_from_ir,recovered_from_prov_fqn,recovered_from_ir,recovered_from_ir
pi05,pi05,652,matmul_51,repeated_head,"model.paligemma_with_expert.gemma_expert.model.layers.slice(None, 18, None).4.self_attn.v_proj",matmul,False,none,50,256,1024,1,13107200,204800,1048576,51200,f32,0.1953,0.0488,0.25,True,False,wide_skinny,attention_qkv_projection,recovered_from_ir,recovered_from_prov_fqn,recovered_from_ir,recovered_from_ir
pi05,pi05,653,matmul_54,repeated_head,"model.paligemma_with_expert.gemma_expert.model.layers.slice(None, 18, None).4.self_attn.o_proj",matmul,False,none,50,1024,2048,1,104857600,409600,8388608,204800,f32,0.0488,0.0244,0.5,True,False,wide_skinny,attention_output_projection,recovered_from_ir,recovered_from_prov_fqn,recovered_from_ir,recovered_from_ir
pi05,pi05,654,matmul_55,repeated_head,"model.paligemma_with_expert.gemma_expert.model.layers.slice(None, 18, None).4.post_attention_layernorm.dense",addmm,True,bias_addmm,1,3072,1024,1,3145728,4096,12582912,12288,f32,0.0003,0.001,3.0,True,False,gemv_like,unknown,recovered_from_ir,recovered_from_prov_fqn,recovered_from_ir,recovered_from_ir
pi05,pi05,655,matmul_56,repeated_head,"model.paligemma_with_expert.gemma_expert.model.layers.slice(None, 18, None).4.mlp.gate_proj",matmul,False,none,50,4096,1024,1,209715200,204800,16777216,819200,f32,0.0122,0.0488,4.0,True,False,wide_skinny,mlp_projection,recovered_from_ir,recovered_from_prov_fqn,recovered_from_ir,recovered_from_ir
pi05,pi05,656,matmul_57,repeated_head,"model.paligemma_with_expert.gemma_expert.model.layers.slice(None, 18, None).4.mlp.up_proj",matmul,False,none,50,4096,1024,1,209715200,204800,16777216,819200,f32,0.0122,0.0488,4.0,True,False,wide_skinny,mlp_projection,recovered_from_ir,recovered_from_prov_fqn,recovered_from_ir,recovered_from_ir
pi05,pi05,657,matmul_58,repeated_head,"model.paligemma_with_expert.gemma_expert.model.layers.slice(None, 18, None).4.mlp.down_proj",matmul,False,none,50,1024,4096,1,209715200,819200,16777216,204800,f32,0.0488,0.0122,0.25,True,False,wide_skinny,mlp_projection,recovered_from_ir,recovered_from_prov_fqn,recovered_from_ir,recovered_from_ir
pi05,pi05,658,matmul_59,repeated_head,"model.paligemma_with_expert.gemma_expert.model.layers.slice(None, 18, None).5.input_layernorm.dense",addmm,True,bias_addmm,1,3072,1024,1,3145728,4096,12582912,12288,f32,0.0003,0.001,3.0,True,False,gemv_like,unknown,recovered_from_ir,recovered_from_prov_fqn,recovered_from_ir,recovered_from_ir
pi05,pi05,659,matmul_60,repeated_head,"model.paligemma_with_expert.gemma_expert.model.layers.slice(None, 18, None).5.self_attn.q_proj",matmul,False,none,50,2048,1024,1,104857600,204800,8388608,409600,f32,0.0244,0.0488,2.0,True,False,wide_skinny,attention_qkv_projection,recovered_from_ir,recovered_from_prov_fqn,recovered_from_ir,recovered_from_ir
pi05,pi05,660,matmul_61,repeated_head,"model.paligemma_with_expert.gemma_expert.model.layers.slice(None, 18, None).5.self_attn.k_proj",matmul,False,none,50,256,1024,1,13107200,204800,1048576,51200,f32,0.1953,0.0488,0.25,True,False,wide_skinny,attention_qkv_projection,recovered_from_ir,recovered_from_prov_fqn,recovered_from_ir,recovered_from_ir
pi05,pi05,661,matmul_62,repeated_head,"model.paligemma_with_expert.gemma_expert.model.layers.slice(None, 18, None).5.self_attn.v_proj",matmul,False,none,50,256,1024,1,13107200,204800,1048576,51200,f32,0.1953,0.0488,0.25,True,False,wide_skinny,attention_qkv_projection,recovered_from_ir,recovered_from_prov_fqn,recovered_from_ir,recovered_from_ir
pi05,pi05,662,matmul_65,repeated_head,"model.paligemma_with_expert.gemma_expert.model.layers.slice(None, 18, None).5.self_attn.o_proj",matmul,False,none,50,1024,2048,1,104857600,409600,8388608,204800,f32,0.0488,0.0244,0.5,True,False,wide_skinny,attention_output_projection,recovered_from_ir,recovered_from_prov_fqn,recovered_from_ir,recovered_from_ir
pi05,pi05,663,matmul_66,repeated_head,"model.paligemma_with_expert.gemma_expert.model.layers.slice(None, 18, None).5.post_attention_layernorm.dense",addmm,True,bias_addmm,1,3072,1024,1,3145728,4096,12582912,12288,f32,0.0003,0.001,3.0,True,False,gemv_like,unknown,recovered_from_ir,recovered_from_prov_fqn,recovered_from_ir,recovered_from_ir
pi05,pi05,664,matmul_67,repeated_head,"model.paligemma_with_expert.gemma_expert.model.layers.slice(None, 18, None).5.mlp.gate_proj",matmul,False,none,50,4096,1024,1,209715200,204800,16777216,819200,f32,0.0122,0.0488,4.0,True,False,wide_skinny,mlp_projection,recovered_from_ir,recovered_from_prov_fqn,recovered_from_ir,recovered_from_ir
pi05,pi05,665,matmul_68,repeated_head,"model.paligemma_with_expert.gemma_expert.model.layers.slice(None, 18, None).5.mlp.up_proj",matmul,False,none,50,4096,1024,1,209715200,204800,16777216,819200,f32,0.0122,0.0488,4.0,True,False,wide_skinny,mlp_projection,recovered_from_ir,recovered_from_prov_fqn,recovered_from_ir,recovered_from_ir
pi05,pi05,666,matmul_69,repeated_head,"model.paligemma_with_expert.gemma_expert.model.layers.slice(None, 18, None).5.mlp.down_proj",matmul,False,none,50,1024,4096,1,209715200,819200,16777216,204800,f32,0.0488,0.0122,0.25,True,False,wide_skinny,mlp_projection,recovered_from_ir,recovered_from_prov_fqn,recovered_from_ir,recovered_from_ir
pi05,pi05,667,matmul_70,repeated_head,"model.paligemma_with_expert.gemma_expert.model.layers.slice(None, 18, None).6.input_layernorm.dense",addmm,True,bias_addmm,1,3072,1024,1,3145728,4096,12582912,12288,f32,0.0003,0.001,3.0,True,False,gemv_like,unknown,recovered_from_ir,recovered_from_prov_fqn,recovered_from_ir,recovered_from_ir
pi05,pi05,668,matmul_71,repeated_head,"model.paligemma_with_expert.gemma_expert.model.layers.slice(None, 18, None).6.self_attn.q_proj",matmul,False,none,50,2048,1024,1,104857600,204800,8388608,409600,f32,0.0244,0.0488,2.0,True,False,wide_skinny,attention_qkv_projection,recovered_from_ir,recovered_from_prov_fqn,recovered_from_ir,recovered_from_ir
pi05,pi05,669,matmul_72,repeated_head,"model.paligemma_with_expert.gemma_expert.model.layers.slice(None, 18, None).6.self_attn.k_proj",matmul,False,none,50,256,1024,1,13107200,204800,1048576,51200,f32,0.1953,0.0488,0.25,True,False,wide_skinny,attention_qkv_projection,recovered_from_ir,recovered_from_prov_fqn,recovered_from_ir,recovered_from_ir
pi05,pi05,670,matmul_73,repeated_head,"model.paligemma_with_expert.gemma_expert.model.layers.slice(None, 18, None).6.self_attn.v_proj",matmul,False,none,50,256,1024,1,13107200,204800,1048576,51200,f32,0.1953,0.0488,0.25,True,False,wide_skinny,attention_qkv_projection,recovered_from_ir,recovered_from_prov_fqn,recovered_from_ir,recovered_from_ir
pi05,pi05,671,matmul_76,repeated_head,"model.paligemma_with_expert.gemma_expert.model.layers.slice(None, 18, None).6.self_attn.o_proj",matmul,False,none,50,1024,2048,1,104857600,409600,8388608,204800,f32,0.0488,0.0244,0.5,True,False,wide_skinny,attention_output_projection,recovered_from_ir,recovered_from_prov_fqn,recovered_from_ir,recovered_from_ir
pi05,pi05,672,matmul_77,repeated_head,"model.paligemma_with_expert.gemma_expert.model.layers.slice(None, 18, None).6.post_attention_layernorm.dense",addmm,True,bias_addmm,1,3072,1024,1,3145728,4096,12582912,12288,f32,0.0003,0.001,3.0,True,False,gemv_like,unknown,recovered_from_ir,recovered_from_prov_fqn,recovered_from_ir,recovered_from_ir
pi05,pi05,673,matmul_78,repeated_head,"model.paligemma_with_expert.gemma_expert.model.layers.slice(None, 18, None).6.mlp.gate_proj",matmul,False,none,50,4096,1024,1,209715200,204800,16777216,819200,f32,0.0122,0.0488,4.0,True,False,wide_skinny,mlp_projection,recovered_from_ir,recovered_from_prov_fqn,recovered_from_ir,recovered_from_ir
pi05,pi05,674,matmul_79,repeated_head,"model.paligemma_with_expert.gemma_expert.model.layers.slice(None, 18, None).6.mlp.up_proj",matmul,False,none,50,4096,1024,1,209715200,204800,16777216,819200,f32,0.0122,0.0488,4.0,True,False,wide_skinny,mlp_projection,recovered_from_ir,recovered_from_prov_fqn,recovered_from_ir,recovered_from_ir
pi05,pi05,675,matmul_80,repeated_head,"model.paligemma_with_expert.gemma_expert.model.layers.slice(None, 18, None).6.mlp.down_proj",matmul,False,none,50,1024,4096,1,209715200,819200,16777216,204800,f32,0.0488,0.0122,0.25,True,False,wide_skinny,mlp_projection,recovered_from_ir,recovered_from_prov_fqn,recovered_from_ir,recovered_from_ir
pi05,pi05,676,matmul_81,repeated_head,"model.paligemma_with_expert.gemma_expert.model.layers.slice(None, 18, None).7.input_layernorm.dense",addmm,True,bias_addmm,1,3072,1024,1,3145728,4096,12582912,12288,f32,0.0003,0.001,3.0,True,False,gemv_like,unknown,recovered_from_ir,recovered_from_prov_fqn,recovered_from_ir,recovered_from_ir
pi05,pi05,677,matmul_82,repeated_head,"model.paligemma_with_expert.gemma_expert.model.layers.slice(None, 18, None).7.self_attn.q_proj",matmul,False,none,50,2048,1024,1,104857600,204800,8388608,409600,f32,0.0244,0.0488,2.0,True,False,wide_skinny,attention_qkv_projection,recovered_from_ir,recovered_from_prov_fqn,recovered_from_ir,recovered_from_ir
pi05,pi05,678,matmul_83,repeated_head,"model.paligemma_with_expert.gemma_expert.model.layers.slice(None, 18, None).7.self_attn.k_proj",matmul,False,none,50,256,1024,1,13107200,204800,1048576,51200,f32,0.1953,0.0488,0.25,True,False,wide_skinny,attention_qkv_projection,recovered_from_ir,recovered_from_prov_fqn,recovered_from_ir,recovered_from_ir
pi05,pi05,679,matmul_84,repeated_head,"model.paligemma_with_expert.gemma_expert.model.layers.slice(None, 18, None).7.self_attn.v_proj",matmul,False,none,50,256,1024,1,13107200,204800,1048576,51200,f32,0.1953,0.0488,0.25,True,False,wide_skinny,attention_qkv_projection,recovered_from_ir,recovered_from_prov_fqn,recovered_from_ir,recovered_from_ir
pi05,pi05,680,matmul_87,repeated_head,"model.paligemma_with_expert.gemma_expert.model.layers.slice(None, 18, None).7.self_attn.o_proj",matmul,False,none,50,1024,2048,1,104857600,409600,8388608,204800,f32,0.0488,0.0244,0.5,True,False,wide_skinny,attention_output_projection,recovered_from_ir,recovered_from_prov_fqn,recovered_from_ir,recovered_from_ir
pi05,pi05,681,matmul_88,repeated_head,"model.paligemma_with_expert.gemma_expert.model.layers.slice(None, 18, None).7.post_attention_layernorm.dense",addmm,True,bias_addmm,1,3072,1024,1,3145728,4096,12582912,12288,f32,0.0003,0.001,3.0,True,False,gemv_like,unknown,recovered_from_ir,recovered_from_prov_fqn,recovered_from_ir,recovered_from_ir
pi05,pi05,682,matmul_89,repeated_head,"model.paligemma_with_expert.gemma_expert.model.layers.slice(None, 18, None).7.mlp.gate_proj",matmul,False,none,50,4096,1024,1,209715200,204800,16777216,819200,f32,0.0122,0.0488,4.0,True,False,wide_skinny,mlp_projection,recovered_from_ir,recovered_from_prov_fqn,recovered_from_ir,recovered_from_ir
pi05,pi05,683,matmul_90,repeated_head,"model.paligemma_with_expert.gemma_expert.model.layers.slice(None, 18, None).7.mlp.up_proj",matmul,False,none,50,4096,1024,1,209715200,204800,16777216,819200,f32,0.0122,0.0488,4.0,True,False,wide_skinny,mlp_projection,recovered_from_ir,recovered_from_prov_fqn,recovered_from_ir,recovered_from_ir
pi05,pi05,684,matmul_91,repeated_head,"model.paligemma_with_expert.gemma_expert.model.layers.slice(None, 18, None).7.mlp.down_proj",matmul,False,none,50,1024,4096,1,209715200,819200,16777216,204800,f32,0.0488,0.0122,0.25,True,False,wide_skinny,mlp_projection,recovered_from_ir,recovered_from_prov_fqn,recovered_from_ir,recovered_from_ir
pi05,pi05,685,matmul_92,repeated_head,"model.paligemma_with_expert.gemma_expert.model.layers.slice(None, 18, None).8.input_layernorm.dense",addmm,True,bias_addmm,1,3072,1024,1,3145728,4096,12582912,12288,f32,0.0003,0.001,3.0,True,False,gemv_like,unknown,recovered_from_ir,recovered_from_prov_fqn,recovered_from_ir,recovered_from_ir
pi05,pi05,686,matmul_93,repeated_head,"model.paligemma_with_expert.gemma_expert.model.layers.slice(None, 18, None).8.self_attn.q_proj",matmul,False,none,50,2048,1024,1,104857600,204800,8388608,409600,f32,0.0244,0.0488,2.0,True,False,wide_skinny,attention_qkv_projection,recovered_from_ir,recovered_from_prov_fqn,recovered_from_ir,recovered_from_ir
pi05,pi05,687,matmul_94,repeated_head,"model.paligemma_with_expert.gemma_expert.model.layers.slice(None, 18, None).8.self_attn.k_proj",matmul,False,none,50,256,1024,1,13107200,204800,1048576,51200,f32,0.1953,0.0488,0.25,True,False,wide_skinny,attention_qkv_projection,recovered_from_ir,recovered_from_prov_fqn,recovered_from_ir,recovered_from_ir
pi05,pi05,688,matmul_95,repeated_head,"model.paligemma_with_expert.gemma_expert.model.layers.slice(None, 18, None).8.self_attn.v_proj",matmul,False,none,50,256,1024,1,13107200,204800,1048576,51200,f32,0.1953,0.0488,0.25,True,False,wide_skinny,attention_qkv_projection,recovered_from_ir,recovered_from_prov_fqn,recovered_from_ir,recovered_from_ir
pi05,pi05,689,matmul_98,repeated_head,"model.paligemma_with_expert.gemma_expert.model.layers.slice(None, 18, None).8.self_attn.o_proj",matmul,False,none,50,1024,2048,1,104857600,409600,8388608,204800,f32,0.0488,0.0244,0.5,True,False,wide_skinny,attention_output_projection,recovered_from_ir,recovered_from_prov_fqn,recovered_from_ir,recovered_from_ir
pi05,pi05,690,matmul_99,repeated_head,"model.paligemma_with_expert.gemma_expert.model.layers.slice(None, 18, None).8.post_attention_layernorm.dense",addmm,True,bias_addmm,1,3072,1024,1,3145728,4096,12582912,12288,f32,0.0003,0.001,3.0,True,False,gemv_like,unknown,recovered_from_ir,recovered_from_prov_fqn,recovered_from_ir,recovered_from_ir
pi05,pi05,691,matmul_100,repeated_head,"model.paligemma_with_expert.gemma_expert.model.layers.slice(None, 18, None).8.mlp.gate_proj",matmul,False,none,50,4096,1024,1,209715200,204800,16777216,819200,f32,0.0122,0.0488,4.0,True,False,wide_skinny,mlp_projection,recovered_from_ir,recovered_from_prov_fqn,recovered_from_ir,recovered_from_ir
pi05,pi05,692,matmul_101,repeated_head,"model.paligemma_with_expert.gemma_expert.model.layers.slice(None, 18, None).8.mlp.up_proj",matmul,False,none,50,4096,1024,1,209715200,204800,16777216,819200,f32,0.0122,0.0488,4.0,True,False,wide_skinny,mlp_projection,recovered_from_ir,recovered_from_prov_fqn,recovered_from_ir,recovered_from_ir
pi05,pi05,693,matmul_102,repeated_head,"model.paligemma_with_expert.gemma_expert.model.layers.slice(None, 18, None).8.mlp.down_proj",matmul,False,none,50,1024,4096,1,209715200,819200,16777216,204800,f32,0.0488,0.0122,0.25,True,False,wide_skinny,mlp_projection,recovered_from_ir,recovered_from_prov_fqn,recovered_from_ir,recovered_from_ir
pi05,pi05,694,matmul_103,repeated_head,"model.paligemma_with_expert.gemma_expert.model.layers.slice(None, 18, None).9.input_layernorm.dense",addmm,True,bias_addmm,1,3072,1024,1,3145728,4096,12582912,12288,f32,0.0003,0.001,3.0,True,False,gemv_like,unknown,recovered_from_ir,recovered_from_prov_fqn,recovered_from_ir,recovered_from_ir
pi05,pi05,695,matmul_104,repeated_head,"model.paligemma_with_expert.gemma_expert.model.layers.slice(None, 18, None).9.self_attn.q_proj",matmul,False,none,50,2048,1024,1,104857600,204800,8388608,409600,f32,0.0244,0.0488,2.0,True,False,wide_skinny,attention_qkv_projection,recovered_from_ir,recovered_from_prov_fqn,recovered_from_ir,recovered_from_ir
pi05,pi05,696,matmul_105,repeated_head,"model.paligemma_with_expert.gemma_expert.model.layers.slice(None, 18, None).9.self_attn.k_proj",matmul,False,none,50,256,1024,1,13107200,204800,1048576,51200,f32,0.1953,0.0488,0.25,True,False,wide_skinny,attention_qkv_projection,recovered_from_ir,recovered_from_prov_fqn,recovered_from_ir,recovered_from_ir
pi05,pi05,697,matmul_106,repeated_head,"model.paligemma_with_expert.gemma_expert.model.layers.slice(None, 18, None).9.self_attn.v_proj",matmul,False,none,50,256,1024,1,13107200,204800,1048576,51200,f32,0.1953,0.0488,0.25,True,False,wide_skinny,attention_qkv_projection,recovered_from_ir,recovered_from_prov_fqn,recovered_from_ir,recovered_from_ir
pi05,pi05,698,matmul_109,repeated_head,"model.paligemma_with_expert.gemma_expert.model.layers.slice(None, 18, None).9.self_attn.o_proj",matmul,False,none,50,1024,2048,1,104857600,409600,8388608,204800,f32,0.0488,0.0244,0.5,True,False,wide_skinny,attention_output_projection,recovered_from_ir,recovered_from_prov_fqn,recovered_from_ir,recovered_from_ir
pi05,pi05,699,matmul_110,repeated_head,"model.paligemma_with_expert.gemma_expert.model.layers.slice(None, 18, None).9.post_attention_layernorm.dense",addmm,True,bias_addmm,1,3072,1024,1,3145728,4096,12582912,12288,f32,0.0003,0.001,3.0,True,False,gemv_like,unknown,recovered_from_ir,recovered_from_prov_fqn,recovered_from_ir,recovered_from_ir
pi05,pi05,700,matmul_111,repeated_head,"model.paligemma_with_expert.gemma_expert.model.layers.slice(None, 18, None).9.mlp.gate_proj",matmul,False,none,50,4096,1024,1,209715200,204800,16777216,819200,f32,0.0122,0.0488,4.0,True,False,wide_skinny,mlp_projection,recovered_from_ir,recovered_from_prov_fqn,recovered_from_ir,recovered_from_ir
pi05,pi05,701,matmul_112,repeated_head,"model.paligemma_with_expert.gemma_expert.model.layers.slice(None, 18, None).9.mlp.up_proj",matmul,False,none,50,4096,1024,1,209715200,204800,16777216,819200,f32,0.0122,0.0488,4.0,True,False,wide_skinny,mlp_projection,recovered_from_ir,recovered_from_prov_fqn,recovered_from_ir,recovered_from_ir
pi05,pi05,702,matmul_113,repeated_head,"model.paligemma_with_expert.gemma_expert.model.layers.slice(None, 18, None).9.mlp.down_proj",matmul,False,none,50,1024,4096,1,209715200,819200,16777216,204800,f32,0.0488,0.0122,0.25,True,False,wide_skinny,mlp_projection,recovered_from_ir,recovered_from_prov_fqn,recovered_from_ir,recovered_from_ir
pi05,pi05,703,matmul_114,repeated_head,"model.paligemma_with_expert.gemma_expert.model.layers.slice(None, 18, None).10.input_layernorm.dense",addmm,True,bias_addmm,1,3072,1024,1,3145728,4096,12582912,12288,f32,0.0003,0.001,3.0,True,False,gemv_like,unknown,recovered_from_ir,recovered_from_prov_fqn,recovered_from_ir,recovered_from_ir
pi05,pi05,704,matmul_115,repeated_head,"model.paligemma_with_expert.gemma_expert.model.layers.slice(None, 18, None).10.self_attn.q_proj",matmul,False,none,50,2048,1024,1,104857600,204800,8388608,409600,f32,0.0244,0.0488,2.0,True,False,wide_skinny,attention_qkv_projection,recovered_from_ir,recovered_from_prov_fqn,recovered_from_ir,recovered_from_ir
pi05,pi05,705,matmul_116,repeated_head,"model.paligemma_with_expert.gemma_expert.model.layers.slice(None, 18, None).10.self_attn.k_proj",matmul,False,none,50,256,1024,1,13107200,204800,1048576,51200,f32,0.1953,0.0488,0.25,True,False,wide_skinny,attention_qkv_projection,recovered_from_ir,recovered_from_prov_fqn,recovered_from_ir,recovered_from_ir
pi05,pi05,706,matmul_117,repeated_head,"model.paligemma_with_expert.gemma_expert.model.layers.slice(None, 18, None).10.self_attn.v_proj",matmul,False,none,50,256,1024,1,13107200,204800,1048576,51200,f32,0.1953,0.0488,0.25,True,False,wide_skinny,attention_qkv_projection,recovered_from_ir,recovered_from_prov_fqn,recovered_from_ir,recovered_from_ir
pi05,pi05,707,matmul_120,repeated_head,"model.paligemma_with_expert.gemma_expert.model.layers.slice(None, 18, None).10.self_attn.o_proj",matmul,False,none,50,1024,2048,1,104857600,409600,8388608,204800,f32,0.0488,0.0244,0.5,True,False,wide_skinny,attention_output_projection,recovered_from_ir,recovered_from_prov_fqn,recovered_from_ir,recovered_from_ir
pi05,pi05,708,matmul_121,repeated_head,"model.paligemma_with_expert.gemma_expert.model.layers.slice(None, 18, None).10.post_attention_layernorm.dense",addmm,True,bias_addmm,1,3072,1024,1,3145728,4096,12582912,12288,f32,0.0003,0.001,3.0,True,False,gemv_like,unknown,recovered_from_ir,recovered_from_prov_fqn,recovered_from_ir,recovered_from_ir
pi05,pi05,709,matmul_122,repeated_head,"model.paligemma_with_expert.gemma_expert.model.layers.slice(None, 18, None).10.mlp.gate_proj",matmul,False,none,50,4096,1024,1,209715200,204800,16777216,819200,f32,0.0122,0.0488,4.0,True,False,wide_skinny,mlp_projection,recovered_from_ir,recovered_from_prov_fqn,recovered_from_ir,recovered_from_ir
pi05,pi05,710,matmul_123,repeated_head,"model.paligemma_with_expert.gemma_expert.model.layers.slice(None, 18, None).10.mlp.up_proj",matmul,False,none,50,4096,1024,1,209715200,204800,16777216,819200,f32,0.0122,0.0488,4.0,True,False,wide_skinny,mlp_projection,recovered_from_ir,recovered_from_prov_fqn,recovered_from_ir,recovered_from_ir
pi05,pi05,711,matmul_124,repeated_head,"model.paligemma_with_expert.gemma_expert.model.layers.slice(None, 18, None).10.mlp.down_proj",matmul,False,none,50,1024,4096,1,209715200,819200,16777216,204800,f32,0.0488,0.0122,0.25,True,False,wide_skinny,mlp_projection,recovered_from_ir,recovered_from_prov_fqn,recovered_from_ir,recovered_from_ir
pi05,pi05,712,matmul_125,repeated_head,"model.paligemma_with_expert.gemma_expert.model.layers.slice(None, 18, None).11.input_layernorm.dense",addmm,True,bias_addmm,1,3072,1024,1,3145728,4096,12582912,12288,f32,0.0003,0.001,3.0,True,False,gemv_like,unknown,recovered_from_ir,recovered_from_prov_fqn,recovered_from_ir,recovered_from_ir
pi05,pi05,713,matmul_126,repeated_head,"model.paligemma_with_expert.gemma_expert.model.layers.slice(None, 18, None).11.self_attn.q_proj",matmul,False,none,50,2048,1024,1,104857600,204800,8388608,409600,f32,0.0244,0.0488,2.0,True,False,wide_skinny,attention_qkv_projection,recovered_from_ir,recovered_from_prov_fqn,recovered_from_ir,recovered_from_ir
pi05,pi05,714,matmul_127,repeated_head,"model.paligemma_with_expert.gemma_expert.model.layers.slice(None, 18, None).11.self_attn.k_proj",matmul,False,none,50,256,1024,1,13107200,204800,1048576,51200,f32,0.1953,0.0488,0.25,True,False,wide_skinny,attention_qkv_projection,recovered_from_ir,recovered_from_prov_fqn,recovered_from_ir,recovered_from_ir
pi05,pi05,715,matmul_128,repeated_head,"model.paligemma_with_expert.gemma_expert.model.layers.slice(None, 18, None).11.self_attn.v_proj",matmul,False,none,50,256,1024,1,13107200,204800,1048576,51200,f32,0.1953,0.0488,0.25,True,False,wide_skinny,attention_qkv_projection,recovered_from_ir,recovered_from_prov_fqn,recovered_from_ir,recovered_from_ir
pi05,pi05,716,matmul_131,repeated_head,"model.paligemma_with_expert.gemma_expert.model.layers.slice(None, 18, None).11.self_attn.o_proj",matmul,False,none,50,1024,2048,1,104857600,409600,8388608,204800,f32,0.0488,0.0244,0.5,True,False,wide_skinny,attention_output_projection,recovered_from_ir,recovered_from_prov_fqn,recovered_from_ir,recovered_from_ir
pi05,pi05,717,matmul_132,repeated_head,"model.paligemma_with_expert.gemma_expert.model.layers.slice(None, 18, None).11.post_attention_layernorm.dense",addmm,True,bias_addmm,1,3072,1024,1,3145728,4096,12582912,12288,f32,0.0003,0.001,3.0,True,False,gemv_like,unknown,recovered_from_ir,recovered_from_prov_fqn,recovered_from_ir,recovered_from_ir
pi05,pi05,718,matmul_133,repeated_head,"model.paligemma_with_expert.gemma_expert.model.layers.slice(None, 18, None).11.mlp.gate_proj",matmul,False,none,50,4096,1024,1,209715200,204800,16777216,819200,f32,0.0122,0.0488,4.0,True,False,wide_skinny,mlp_projection,recovered_from_ir,recovered_from_prov_fqn,recovered_from_ir,recovered_from_ir
pi05,pi05,719,matmul_134,repeated_head,"model.paligemma_with_expert.gemma_expert.model.layers.slice(None, 18, None).11.mlp.up_proj",matmul,False,none,50,4096,1024,1,209715200,204800,16777216,819200,f32,0.0122,0.0488,4.0,True,False,wide_skinny,mlp_projection,recovered_from_ir,recovered_from_prov_fqn,recovered_from_ir,recovered_from_ir
pi05,pi05,720,matmul_135,repeated_head,"model.paligemma_with_expert.gemma_expert.model.layers.slice(None, 18, None).11.mlp.down_proj",matmul,False,none,50,1024,4096,1,209715200,819200,16777216,204800,f32,0.0488,0.0122,0.25,True,False,wide_skinny,mlp_projection,recovered_from_ir,recovered_from_prov_fqn,recovered_from_ir,recovered_from_ir
pi05,pi05,721,matmul_136,repeated_head,"model.paligemma_with_expert.gemma_expert.model.layers.slice(None, 18, None).12.input_layernorm.dense",addmm,True,bias_addmm,1,3072,1024,1,3145728,4096,12582912,12288,f32,0.0003,0.001,3.0,True,False,gemv_like,unknown,recovered_from_ir,recovered_from_prov_fqn,recovered_from_ir,recovered_from_ir
pi05,pi05,722,matmul_137,repeated_head,"model.paligemma_with_expert.gemma_expert.model.layers.slice(None, 18, None).12.self_attn.q_proj",matmul,False,none,50,2048,1024,1,104857600,204800,8388608,409600,f32,0.0244,0.0488,2.0,True,False,wide_skinny,attention_qkv_projection,recovered_from_ir,recovered_from_prov_fqn,recovered_from_ir,recovered_from_ir
pi05,pi05,723,matmul_138,repeated_head,"model.paligemma_with_expert.gemma_expert.model.layers.slice(None, 18, None).12.self_attn.k_proj",matmul,False,none,50,256,1024,1,13107200,204800,1048576,51200,f32,0.1953,0.0488,0.25,True,False,wide_skinny,attention_qkv_projection,recovered_from_ir,recovered_from_prov_fqn,recovered_from_ir,recovered_from_ir
pi05,pi05,724,matmul_139,repeated_head,"model.paligemma_with_expert.gemma_expert.model.layers.slice(None, 18, None).12.self_attn.v_proj",matmul,False,none,50,256,1024,1,13107200,204800,1048576,51200,f32,0.1953,0.0488,0.25,True,False,wide_skinny,attention_qkv_projection,recovered_from_ir,recovered_from_prov_fqn,recovered_from_ir,recovered_from_ir
pi05,pi05,725,matmul_142,repeated_head,"model.paligemma_with_expert.gemma_expert.model.layers.slice(None, 18, None).12.self_attn.o_proj",matmul,False,none,50,1024,2048,1,104857600,409600,8388608,204800,f32,0.0488,0.0244,0.5,True,False,wide_skinny,attention_output_projection,recovered_from_ir,recovered_from_prov_fqn,recovered_from_ir,recovered_from_ir
pi05,pi05,726,matmul_143,repeated_head,"model.paligemma_with_expert.gemma_expert.model.layers.slice(None, 18, None).12.post_attention_layernorm.dense",addmm,True,bias_addmm,1,3072,1024,1,3145728,4096,12582912,12288,f32,0.0003,0.001,3.0,True,False,gemv_like,unknown,recovered_from_ir,recovered_from_prov_fqn,recovered_from_ir,recovered_from_ir
pi05,pi05,727,matmul_144,repeated_head,"model.paligemma_with_expert.gemma_expert.model.layers.slice(None, 18, None).12.mlp.gate_proj",matmul,False,none,50,4096,1024,1,209715200,204800,16777216,819200,f32,0.0122,0.0488,4.0,True,False,wide_skinny,mlp_projection,recovered_from_ir,recovered_from_prov_fqn,recovered_from_ir,recovered_from_ir
pi05,pi05,728,matmul_145,repeated_head,"model.paligemma_with_expert.gemma_expert.model.layers.slice(None, 18, None).12.mlp.up_proj",matmul,False,none,50,4096,1024,1,209715200,204800,16777216,819200,f32,0.0122,0.0488,4.0,True,False,wide_skinny,mlp_projection,recovered_from_ir,recovered_from_prov_fqn,recovered_from_ir,recovered_from_ir
pi05,pi05,729,matmul_146,repeated_head,"model.paligemma_with_expert.gemma_expert.model.layers.slice(None, 18, None).12.mlp.down_proj",matmul,False,none,50,1024,4096,1,209715200,819200,16777216,204800,f32,0.0488,0.0122,0.25,True,False,wide_skinny,mlp_projection,recovered_from_ir,recovered_from_prov_fqn,recovered_from_ir,recovered_from_ir
pi05,pi05,730,matmul_147,repeated_head,"model.paligemma_with_expert.gemma_expert.model.layers.slice(None, 18, None).13.input_layernorm.dense",addmm,True,bias_addmm,1,3072,1024,1,3145728,4096,12582912,12288,f32,0.0003,0.001,3.0,True,False,gemv_like,unknown,recovered_from_ir,recovered_from_prov_fqn,recovered_from_ir,recovered_from_ir
pi05,pi05,731,matmul_148,repeated_head,"model.paligemma_with_expert.gemma_expert.model.layers.slice(None, 18, None).13.self_attn.q_proj",matmul,False,none,50,2048,1024,1,104857600,204800,8388608,409600,f32,0.0244,0.0488,2.0,True,False,wide_skinny,attention_qkv_projection,recovered_from_ir,recovered_from_prov_fqn,recovered_from_ir,recovered_from_ir
pi05,pi05,732,matmul_149,repeated_head,"model.paligemma_with_expert.gemma_expert.model.layers.slice(None, 18, None).13.self_attn.k_proj",matmul,False,none,50,256,1024,1,13107200,204800,1048576,51200,f32,0.1953,0.0488,0.25,True,False,wide_skinny,attention_qkv_projection,recovered_from_ir,recovered_from_prov_fqn,recovered_from_ir,recovered_from_ir
pi05,pi05,733,matmul_150,repeated_head,"model.paligemma_with_expert.gemma_expert.model.layers.slice(None, 18, None).13.self_attn.v_proj",matmul,False,none,50,256,1024,1,13107200,204800,1048576,51200,f32,0.1953,0.0488,0.25,True,False,wide_skinny,attention_qkv_projection,recovered_from_ir,recovered_from_prov_fqn,recovered_from_ir,recovered_from_ir
pi05,pi05,734,matmul_153,repeated_head,"model.paligemma_with_expert.gemma_expert.model.layers.slice(None, 18, None).13.self_attn.o_proj",matmul,False,none,50,1024,2048,1,104857600,409600,8388608,204800,f32,0.0488,0.0244,0.5,True,False,wide_skinny,attention_output_projection,recovered_from_ir,recovered_from_prov_fqn,recovered_from_ir,recovered_from_ir
pi05,pi05,735,matmul_154,repeated_head,"model.paligemma_with_expert.gemma_expert.model.layers.slice(None, 18, None).13.post_attention_layernorm.dense",addmm,True,bias_addmm,1,3072,1024,1,3145728,4096,12582912,12288,f32,0.0003,0.001,3.0,True,False,gemv_like,unknown,recovered_from_ir,recovered_from_prov_fqn,recovered_from_ir,recovered_from_ir
pi05,pi05,736,matmul_155,repeated_head,"model.paligemma_with_expert.gemma_expert.model.layers.slice(None, 18, None).13.mlp.gate_proj",matmul,False,none,50,4096,1024,1,209715200,204800,16777216,819200,f32,0.0122,0.0488,4.0,True,False,wide_skinny,mlp_projection,recovered_from_ir,recovered_from_prov_fqn,recovered_from_ir,recovered_from_ir
pi05,pi05,737,matmul_156,repeated_head,"model.paligemma_with_expert.gemma_expert.model.layers.slice(None, 18, None).13.mlp.up_proj",matmul,False,none,50,4096,1024,1,209715200,204800,16777216,819200,f32,0.0122,0.0488,4.0,True,False,wide_skinny,mlp_projection,recovered_from_ir,recovered_from_prov_fqn,recovered_from_ir,recovered_from_ir
pi05,pi05,738,matmul_157,repeated_head,"model.paligemma_with_expert.gemma_expert.model.layers.slice(None, 18, None).13.mlp.down_proj",matmul,False,none,50,1024,4096,1,209715200,819200,16777216,204800,f32,0.0488,0.0122,0.25,True,False,wide_skinny,mlp_projection,recovered_from_ir,recovered_from_prov_fqn,recovered_from_ir,recovered_from_ir
pi05,pi05,739,matmul_158,repeated_head,"model.paligemma_with_expert.gemma_expert.model.layers.slice(None, 18, None).14.input_layernorm.dense",addmm,True,bias_addmm,1,3072,1024,1,3145728,4096,12582912,12288,f32,0.0003,0.001,3.0,True,False,gemv_like,unknown,recovered_from_ir,recovered_from_prov_fqn,recovered_from_ir,recovered_from_ir
pi05,pi05,740,matmul_159,repeated_head,"model.paligemma_with_expert.gemma_expert.model.layers.slice(None, 18, None).14.self_attn.q_proj",matmul,False,none,50,2048,1024,1,104857600,204800,8388608,409600,f32,0.0244,0.0488,2.0,True,False,wide_skinny,attention_qkv_projection,recovered_from_ir,recovered_from_prov_fqn,recovered_from_ir,recovered_from_ir
pi05,pi05,741,matmul_160,repeated_head,"model.paligemma_with_expert.gemma_expert.model.layers.slice(None, 18, None).14.self_attn.k_proj",matmul,False,none,50,256,1024,1,13107200,204800,1048576,51200,f32,0.1953,0.0488,0.25,True,False,wide_skinny,attention_qkv_projection,recovered_from_ir,recovered_from_prov_fqn,recovered_from_ir,recovered_from_ir
pi05,pi05,742,matmul_161,repeated_head,"model.paligemma_with_expert.gemma_expert.model.layers.slice(None, 18, None).14.self_attn.v_proj",matmul,False,none,50,256,1024,1,13107200,204800,1048576,51200,f32,0.1953,0.0488,0.25,True,False,wide_skinny,attention_qkv_projection,recovered_from_ir,recovered_from_prov_fqn,recovered_from_ir,recovered_from_ir
pi05,pi05,743,matmul_164,repeated_head,"model.paligemma_with_expert.gemma_expert.model.layers.slice(None, 18, None).14.self_attn.o_proj",matmul,False,none,50,1024,2048,1,104857600,409600,8388608,204800,f32,0.0488,0.0244,0.5,True,False,wide_skinny,attention_output_projection,recovered_from_ir,recovered_from_prov_fqn,recovered_from_ir,recovered_from_ir
pi05,pi05,744,matmul_165,repeated_head,"model.paligemma_with_expert.gemma_expert.model.layers.slice(None, 18, None).14.post_attention_layernorm.dense",addmm,True,bias_addmm,1,3072,1024,1,3145728,4096,12582912,12288,f32,0.0003,0.001,3.0,True,False,gemv_like,unknown,recovered_from_ir,recovered_from_prov_fqn,recovered_from_ir,recovered_from_ir
pi05,pi05,745,matmul_166,repeated_head,"model.paligemma_with_expert.gemma_expert.model.layers.slice(None, 18, None).14.mlp.gate_proj",matmul,False,none,50,4096,1024,1,209715200,204800,16777216,819200,f32,0.0122,0.0488,4.0,True,False,wide_skinny,mlp_projection,recovered_from_ir,recovered_from_prov_fqn,recovered_from_ir,recovered_from_ir
pi05,pi05,746,matmul_167,repeated_head,"model.paligemma_with_expert.gemma_expert.model.layers.slice(None, 18, None).14.mlp.up_proj",matmul,False,none,50,4096,1024,1,209715200,204800,16777216,819200,f32,0.0122,0.0488,4.0,True,False,wide_skinny,mlp_projection,recovered_from_ir,recovered_from_prov_fqn,recovered_from_ir,recovered_from_ir
pi05,pi05,747,matmul_168,repeated_head,"model.paligemma_with_expert.gemma_expert.model.layers.slice(None, 18, None).14.mlp.down_proj",matmul,False,none,50,1024,4096,1,209715200,819200,16777216,204800,f32,0.0488,0.0122,0.25,True,False,wide_skinny,mlp_projection,recovered_from_ir,recovered_from_prov_fqn,recovered_from_ir,recovered_from_ir
pi05,pi05,748,matmul_169,repeated_head,"model.paligemma_with_expert.gemma_expert.model.layers.slice(None, 18, None).15.input_layernorm.dense",addmm,True,bias_addmm,1,3072,1024,1,3145728,4096,12582912,12288,f32,0.0003,0.001,3.0,True,False,gemv_like,unknown,recovered_from_ir,recovered_from_prov_fqn,recovered_from_ir,recovered_from_ir
pi05,pi05,749,matmul_170,repeated_head,"model.paligemma_with_expert.gemma_expert.model.layers.slice(None, 18, None).15.self_attn.q_proj",matmul,False,none,50,2048,1024,1,104857600,204800,8388608,409600,f32,0.0244,0.0488,2.0,True,False,wide_skinny,attention_qkv_projection,recovered_from_ir,recovered_from_prov_fqn,recovered_from_ir,recovered_from_ir
pi05,pi05,750,matmul_171,repeated_head,"model.paligemma_with_expert.gemma_expert.model.layers.slice(None, 18, None).15.self_attn.k_proj",matmul,False,none,50,256,1024,1,13107200,204800,1048576,51200,f32,0.1953,0.0488,0.25,True,False,wide_skinny,attention_qkv_projection,recovered_from_ir,recovered_from_prov_fqn,recovered_from_ir,recovered_from_ir
pi05,pi05,751,matmul_172,repeated_head,"model.paligemma_with_expert.gemma_expert.model.layers.slice(None, 18, None).15.self_attn.v_proj",matmul,False,none,50,256,1024,1,13107200,204800,1048576,51200,f32,0.1953,0.0488,0.25,True,False,wide_skinny,attention_qkv_projection,recovered_from_ir,recovered_from_prov_fqn,recovered_from_ir,recovered_from_ir
pi05,pi05,752,matmul_175,repeated_head,"model.paligemma_with_expert.gemma_expert.model.layers.slice(None, 18, None).15.self_attn.o_proj",matmul,False,none,50,1024,2048,1,104857600,409600,8388608,204800,f32,0.0488,0.0244,0.5,True,False,wide_skinny,attention_output_projection,recovered_from_ir,recovered_from_prov_fqn,recovered_from_ir,recovered_from_ir
pi05,pi05,753,matmul_176,repeated_head,"model.paligemma_with_expert.gemma_expert.model.layers.slice(None, 18, None).15.post_attention_layernorm.dense",addmm,True,bias_addmm,1,3072,1024,1,3145728,4096,12582912,12288,f32,0.0003,0.001,3.0,True,False,gemv_like,unknown,recovered_from_ir,recovered_from_prov_fqn,recovered_from_ir,recovered_from_ir
pi05,pi05,754,matmul_177,repeated_head,"model.paligemma_with_expert.gemma_expert.model.layers.slice(None, 18, None).15.mlp.gate_proj",matmul,False,none,50,4096,1024,1,209715200,204800,16777216,819200,f32,0.0122,0.0488,4.0,True,False,wide_skinny,mlp_projection,recovered_from_ir,recovered_from_prov_fqn,recovered_from_ir,recovered_from_ir
pi05,pi05,755,matmul_178,repeated_head,"model.paligemma_with_expert.gemma_expert.model.layers.slice(None, 18, None).15.mlp.up_proj",matmul,False,none,50,4096,1024,1,209715200,204800,16777216,819200,f32,0.0122,0.0488,4.0,True,False,wide_skinny,mlp_projection,recovered_from_ir,recovered_from_prov_fqn,recovered_from_ir,recovered_from_ir
pi05,pi05,756,matmul_179,repeated_head,"model.paligemma_with_expert.gemma_expert.model.layers.slice(None, 18, None).15.mlp.down_proj",matmul,False,none,50,1024,4096,1,209715200,819200,16777216,204800,f32,0.0488,0.0122,0.25,True,False,wide_skinny,mlp_projection,recovered_from_ir,recovered_from_prov_fqn,recovered_from_ir,recovered_from_ir
pi05,pi05,757,matmul_180,repeated_head,"model.paligemma_with_expert.gemma_expert.model.layers.slice(None, 18, None).16.input_layernorm.dense",addmm,True,bias_addmm,1,3072,1024,1,3145728,4096,12582912,12288,f32,0.0003,0.001,3.0,True,False,gemv_like,unknown,recovered_from_ir,recovered_from_prov_fqn,recovered_from_ir,recovered_from_ir
pi05,pi05,758,matmul_181,repeated_head,"model.paligemma_with_expert.gemma_expert.model.layers.slice(None, 18, None).16.self_attn.q_proj",matmul,False,none,50,2048,1024,1,104857600,204800,8388608,409600,f32,0.0244,0.0488,2.0,True,False,wide_skinny,attention_qkv_projection,recovered_from_ir,recovered_from_prov_fqn,recovered_from_ir,recovered_from_ir
pi05,pi05,759,matmul_182,repeated_head,"model.paligemma_with_expert.gemma_expert.model.layers.slice(None, 18, None).16.self_attn.k_proj",matmul,False,none,50,256,1024,1,13107200,204800,1048576,51200,f32,0.1953,0.0488,0.25,True,False,wide_skinny,attention_qkv_projection,recovered_from_ir,recovered_from_prov_fqn,recovered_from_ir,recovered_from_ir
pi05,pi05,760,matmul_183,repeated_head,"model.paligemma_with_expert.gemma_expert.model.layers.slice(None, 18, None).16.self_attn.v_proj",matmul,False,none,50,256,1024,1,13107200,204800,1048576,51200,f32,0.1953,0.0488,0.25,True,False,wide_skinny,attention_qkv_projection,recovered_from_ir,recovered_from_prov_fqn,recovered_from_ir,recovered_from_ir
pi05,pi05,761,matmul_186,repeated_head,"model.paligemma_with_expert.gemma_expert.model.layers.slice(None, 18, None).16.self_attn.o_proj",matmul,False,none,50,1024,2048,1,104857600,409600,8388608,204800,f32,0.0488,0.0244,0.5,True,False,wide_skinny,attention_output_projection,recovered_from_ir,recovered_from_prov_fqn,recovered_from_ir,recovered_from_ir
pi05,pi05,762,matmul_187,repeated_head,"model.paligemma_with_expert.gemma_expert.model.layers.slice(None, 18, None).16.post_attention_layernorm.dense",addmm,True,bias_addmm,1,3072,1024,1,3145728,4096,12582912,12288,f32,0.0003,0.001,3.0,True,False,gemv_like,unknown,recovered_from_ir,recovered_from_prov_fqn,recovered_from_ir,recovered_from_ir
pi05,pi05,763,matmul_188,repeated_head,"model.paligemma_with_expert.gemma_expert.model.layers.slice(None, 18, None).16.mlp.gate_proj",matmul,False,none,50,4096,1024,1,209715200,204800,16777216,819200,f32,0.0122,0.0488,4.0,True,False,wide_skinny,mlp_projection,recovered_from_ir,recovered_from_prov_fqn,recovered_from_ir,recovered_from_ir
pi05,pi05,764,matmul_189,repeated_head,"model.paligemma_with_expert.gemma_expert.model.layers.slice(None, 18, None).16.mlp.up_proj",matmul,False,none,50,4096,1024,1,209715200,204800,16777216,819200,f32,0.0122,0.0488,4.0,True,False,wide_skinny,mlp_projection,recovered_from_ir,recovered_from_prov_fqn,recovered_from_ir,recovered_from_ir
pi05,pi05,765,matmul_190,repeated_head,"model.paligemma_with_expert.gemma_expert.model.layers.slice(None, 18, None).16.mlp.down_proj",matmul,False,none,50,1024,4096,1,209715200,819200,16777216,204800,f32,0.0488,0.0122,0.25,True,False,wide_skinny,mlp_projection,recovered_from_ir,recovered_from_prov_fqn,recovered_from_ir,recovered_from_ir
pi05,pi05,766,matmul_191,repeated_head,"model.paligemma_with_expert.gemma_expert.model.layers.slice(None, 18, None).17.input_layernorm.dense",addmm,True,bias_addmm,1,3072,1024,1,3145728,4096,12582912,12288,f32,0.0003,0.001,3.0,True,False,gemv_like,unknown,recovered_from_ir,recovered_from_prov_fqn,recovered_from_ir,recovered_from_ir
pi05,pi05,767,matmul_192,repeated_head,"model.paligemma_with_expert.gemma_expert.model.layers.slice(None, 18, None).17.self_attn.q_proj",matmul,False,none,50,2048,1024,1,104857600,204800,8388608,409600,f32,0.0244,0.0488,2.0,True,False,wide_skinny,attention_qkv_projection,recovered_from_ir,recovered_from_prov_fqn,recovered_from_ir,recovered_from_ir
pi05,pi05,768,matmul_193,repeated_head,"model.paligemma_with_expert.gemma_expert.model.layers.slice(None, 18, None).17.self_attn.k_proj",matmul,False,none,50,256,1024,1,13107200,204800,1048576,51200,f32,0.1953,0.0488,0.25,True,False,wide_skinny,attention_qkv_projection,recovered_from_ir,recovered_from_prov_fqn,recovered_from_ir,recovered_from_ir
pi05,pi05,769,matmul_194,repeated_head,"model.paligemma_with_expert.gemma_expert.model.layers.slice(None, 18, None).17.self_attn.v_proj",matmul,False,none,50,256,1024,1,13107200,204800,1048576,51200,f32,0.1953,0.0488,0.25,True,False,wide_skinny,attention_qkv_projection,recovered_from_ir,recovered_from_prov_fqn,recovered_from_ir,recovered_from_ir
pi05,pi05,770,matmul_197,repeated_head,"model.paligemma_with_expert.gemma_expert.model.layers.slice(None, 18, None).17.self_attn.o_proj",matmul,False,none,50,1024,2048,1,104857600,409600,8388608,204800,f32,0.0488,0.0244,0.5,True,False,wide_skinny,attention_output_projection,recovered_from_ir,recovered_from_prov_fqn,recovered_from_ir,recovered_from_ir
pi05,pi05,771,matmul_198,repeated_head,"model.paligemma_with_expert.gemma_expert.model.layers.slice(None, 18, None).17.post_attention_layernorm.dense",addmm,True,bias_addmm,1,3072,1024,1,3145728,4096,12582912,12288,f32,0.0003,0.001,3.0,True,False,gemv_like,unknown,recovered_from_ir,recovered_from_prov_fqn,recovered_from_ir,recovered_from_ir
pi05,pi05,772,matmul_199,repeated_head,"model.paligemma_with_expert.gemma_expert.model.layers.slice(None, 18, None).17.mlp.gate_proj",matmul,False,none,50,4096,1024,1,209715200,204800,16777216,819200,f32,0.0122,0.0488,4.0,True,False,wide_skinny,mlp_projection,recovered_from_ir,recovered_from_prov_fqn,recovered_from_ir,recovered_from_ir
pi05,pi05,773,matmul_200,repeated_head,"model.paligemma_with_expert.gemma_expert.model.layers.slice(None, 18, None).17.mlp.up_proj",matmul,False,none,50,4096,1024,1,209715200,204800,16777216,819200,f32,0.0122,0.0488,4.0,True,False,wide_skinny,mlp_projection,recovered_from_ir,recovered_from_prov_fqn,recovered_from_ir,recovered_from_ir
pi05,pi05,774,matmul_201,repeated_head,"model.paligemma_with_expert.gemma_expert.model.layers.slice(None, 18, None).17.mlp.down_proj",matmul,False,none,50,1024,4096,1,209715200,819200,16777216,204800,f32,0.0488,0.0122,0.25,True,False,wide_skinny,mlp_projection,recovered_from_ir,recovered_from_prov_fqn,recovered_from_ir,recovered_from_ir
pi05,pi05,775,matmul_202,repeated_head,model.paligemma_with_expert.gemma_expert.model.norm.dense,addmm,True,bias_addmm,1,3072,1024,1,3145728,4096,12582912,12288,f32,0.0003,0.001,3.0,True,False,gemv_like,unknown,recovered_from_ir,recovered_from_prov_fqn,recovered_from_ir,recovered_from_ir
pi05,pi05,776,matmul_203,repeated_head,model.action_out_proj,addmm,True,bias_addmm,50,32,1024,1,1638400,204800,131072,6400,f32,1.5625,0.0488,0.0312,True,False,squareish_gemm,attention_output_projection,recovered_from_ir,recovered_from_prov_fqn,recovered_from_ir,recovered_from_ir
xr0,xr0,0,matmul_0,backbone_once,model.model.state_projector.layers.0,matmul,False,none,1,1024,32,1,32768,128,131072,4096,f32,0.001,0.0312,32.0,True,True,gemv_like,mlp_projection,recovered_from_ir,recovered_from_prov_fqn,recovered_from_ir,recovered_from_ir
xr0,xr0,1,matmul_1,backbone_once,model.model.state_projector.layers.2,matmul,False,none,1,1024,1024,1,1048576,4096,4194304,4096,f32,0.001,0.001,1.0,True,False,gemv_like,mlp_projection,recovered_from_ir,recovered_from_prov_fqn,recovered_from_ir,recovered_from_ir
xr0,xr0,2,matmul_0,repeated_head,,matmul,False,none,1,1024,256,1,262144,1024,1048576,4096,f32,0.001,0.0039,4.0,True,False,gemv_like,unknown,recovered_from_ir,recovered_from_prov_fqn,recovered_from_ir,recovered_from_ir
xr0,xr0,3,matmul_1,repeated_head,,matmul,False,none,1,1024,1024,1,1048576,4096,4194304,4096,f32,0.001,0.001,1.0,True,False,gemv_like,unknown,recovered_from_ir,recovered_from_prov_fqn,recovered_from_ir,recovered_from_ir
xr0,xr0,4,matmul_2,repeated_head,,matmul,False,none,1,6144,1024,1,6291456,4096,25165824,24576,f32,0.0002,0.001,6.0,True,False,gemv_like,unknown,recovered_from_ir,recovered_from_prov_fqn,recovered_from_ir,recovered_from_ir
xr0,xr0,5,matmul_3,repeated_head,,matmul,False,none,30,1024,32,1,983040,3840,131072,122880,f32,0.0293,0.9375,32.0,False,False,wide_skinny,unknown,recovered_from_ir,recovered_from_prov_fqn,recovered_from_ir,recovered_from_ir
xr0,xr0,6,matmul_4,repeated_head,,matmul,False,none,30,1024,1024,1,31457280,122880,4194304,122880,f32,0.0293,0.0293,1.0,False,False,wide_skinny,unknown,recovered_from_ir,recovered_from_prov_fqn,recovered_from_ir,recovered_from_ir
xr0,xr0,7,matmul_5,repeated_head,,matmul,False,none,32,3072,1024,1,100663296,131072,12582912,393216,f32,0.0104,0.0312,3.0,False,False,wide_skinny,unknown,recovered_from_ir,recovered_from_prov_fqn,recovered_from_ir,recovered_from_ir
xr0,xr0,8,matmul_7,repeated_head,,matmul,False,none,32,1024,1024,1,33554432,131072,4194304,131072,f32,0.0312,0.0312,1.0,False,False,wide_skinny,unknown,recovered_from_ir,recovered_from_prov_fqn,recovered_from_ir,recovered_from_ir
xr0,xr0,9,matmul_8,repeated_head,,matmul,False,none,32,4096,1024,1,134217728,131072,16777216,524288,f32,0.0078,0.0312,4.0,False,False,wide_skinny,unknown,recovered_from_ir,recovered_from_prov_fqn,recovered_from_ir,recovered_from_ir
xr0,xr0,10,matmul_9,repeated_head,,matmul,False,none,32,4096,1024,1,134217728,131072,16777216,524288,f32,0.0078,0.0312,4.0,False,False,wide_skinny,unknown,recovered_from_ir,recovered_from_prov_fqn,recovered_from_ir,recovered_from_ir
xr0,xr0,11,matmul_10,repeated_head,,matmul,False,none,32,1024,4096,1,134217728,524288,16777216,131072,f32,0.0312,0.0078,0.25,False,False,wide_skinny,unknown,recovered_from_ir,recovered_from_prov_fqn,recovered_from_ir,recovered_from_ir
xr0,xr0,12,matmul_11,repeated_head,,matmul,False,none,32,3072,1024,1,100663296,131072,12582912,393216,f32,0.0104,0.0312,3.0,False,False,wide_skinny,unknown,recovered_from_ir,recovered_from_prov_fqn,recovered_from_ir,recovered_from_ir
xr0,xr0,13,matmul_13,repeated_head,,matmul,False,none,32,1024,1024,1,33554432,131072,4194304,131072,f32,0.0312,0.0312,1.0,False,False,wide_skinny,unknown,recovered_from_ir,recovered_from_prov_fqn,recovered_from_ir,recovered_from_ir
xr0,xr0,14,matmul_14,repeated_head,,matmul,False,none,32,4096,1024,1,134217728,131072,16777216,524288,f32,0.0078,0.0312,4.0,False,False,wide_skinny,unknown,recovered_from_ir,recovered_from_prov_fqn,recovered_from_ir,recovered_from_ir
xr0,xr0,15,matmul_15,repeated_head,,matmul,False,none,32,4096,1024,1,134217728,131072,16777216,524288,f32,0.0078,0.0312,4.0,False,False,wide_skinny,unknown,recovered_from_ir,recovered_from_prov_fqn,recovered_from_ir,recovered_from_ir
xr0,xr0,16,matmul_16,repeated_head,,matmul,False,none,32,1024,4096,1,134217728,524288,16777216,131072,f32,0.0312,0.0078,0.25,False,False,wide_skinny,unknown,recovered_from_ir,recovered_from_prov_fqn,recovered_from_ir,recovered_from_ir
xr0,xr0,17,matmul_17,repeated_head,,matmul,False,none,30,32,1024,1,983040,122880,131072,3840,f32,0.9375,0.0293,0.0312,False,False,projection_like,unknown,recovered_from_ir,recovered_from_prov_fqn,recovered_from_ir,recovered_from_ir
xr0,xr0,18,matmul_18,repeated_head,,matmul,False,none,30,32,32,1,30720,3840,4096,3840,f32,0.9375,0.9375,1.0,False,True,projection_like,unknown,recovered_from_ir,recovered_from_prov_fqn,recovered_from_ir,recovered_from_ir
bitvla,bitvla,0,matmul_0,backbone_once,layers.0.self_attn.q_proj,matmul,False,none,32,256,256,1,2097152,32768,262144,32768,f32,0.125,0.125,1.0,False,False,wide_skinny,attention_qkv_projection,recovered_from_ir,recovered_from_prov_fqn,recovered_from_ir,recovered_from_ir
bitvla,bitvla,1,matmul_1,backbone_once,layers.0.self_attn.k_proj,matmul,False,none,32,128,256,1,1048576,32768,131072,16384,f32,0.25,0.125,0.5,False,False,wide_skinny,attention_qkv_projection,recovered_from_ir,recovered_from_prov_fqn,recovered_from_ir,recovered_from_ir
bitvla,bitvla,2,matmul_2,backbone_once,layers.0.self_attn.v_proj,matmul,False,none,32,128,256,1,1048576,32768,131072,16384,f32,0.25,0.125,0.5,False,False,wide_skinny,attention_qkv_projection,recovered_from_ir,recovered_from_prov_fqn,recovered_from_ir,recovered_from_ir
bitvla,bitvla,3,matmul_5,backbone_once,layers.0.self_attn.o_proj,matmul,False,none,32,256,256,1,2097152,32768,262144,32768,f32,0.125,0.125,1.0,False,False,wide_skinny,attention_output_projection,recovered_from_ir,recovered_from_prov_fqn,recovered_from_ir,recovered_from_ir
bitvla,bitvla,4,matmul_6,backbone_once,layers.0.mlp.gate_proj,matmul,False,none,32,512,256,1,4194304,32768,524288,65536,f32,0.0625,0.125,2.0,False,False,wide_skinny,mlp_projection,recovered_from_ir,recovered_from_prov_fqn,recovered_from_ir,recovered_from_ir
bitvla,bitvla,5,matmul_7,backbone_once,layers.0.mlp.up_proj,matmul,False,none,32,512,256,1,4194304,32768,524288,65536,f32,0.0625,0.125,2.0,False,False,wide_skinny,mlp_projection,recovered_from_ir,recovered_from_prov_fqn,recovered_from_ir,recovered_from_ir
bitvla,bitvla,6,matmul_8,backbone_once,layers.0.mlp.down_proj,matmul,False,none,32,256,512,1,4194304,65536,524288,32768,f32,0.125,0.0625,0.5,False,False,wide_skinny,mlp_projection,recovered_from_ir,recovered_from_prov_fqn,recovered_from_ir,recovered_from_ir
bitvla,bitvla,7,matmul_9,backbone_once,layers.1.self_attn.q_proj,matmul,False,none,32,256,256,1,2097152,32768,262144,32768,f32,0.125,0.125,1.0,False,False,wide_skinny,attention_qkv_projection,recovered_from_ir,recovered_from_prov_fqn,recovered_from_ir,recovered_from_ir
bitvla,bitvla,8,matmul_10,backbone_once,layers.1.self_attn.k_proj,matmul,False,none,32,128,256,1,1048576,32768,131072,16384,f32,0.25,0.125,0.5,False,False,wide_skinny,attention_qkv_projection,recovered_from_ir,recovered_from_prov_fqn,recovered_from_ir,recovered_from_ir
bitvla,bitvla,9,matmul_11,backbone_once,layers.1.self_attn.v_proj,matmul,False,none,32,128,256,1,1048576,32768,131072,16384,f32,0.25,0.125,0.5,False,False,wide_skinny,attention_qkv_projection,recovered_from_ir,recovered_from_prov_fqn,recovered_from_ir,recovered_from_ir
bitvla,bitvla,10,matmul_14,backbone_once,layers.1.self_attn.o_proj,matmul,False,none,32,256,256,1,2097152,32768,262144,32768,f32,0.125,0.125,1.0,False,False,wide_skinny,attention_output_projection,recovered_from_ir,recovered_from_prov_fqn,recovered_from_ir,recovered_from_ir
bitvla,bitvla,11,matmul_15,backbone_once,layers.1.mlp.gate_proj,matmul,False,none,32,512,256,1,4194304,32768,524288,65536,f32,0.0625,0.125,2.0,False,False,wide_skinny,mlp_projection,recovered_from_ir,recovered_from_prov_fqn,recovered_from_ir,recovered_from_ir
bitvla,bitvla,12,matmul_16,backbone_once,layers.1.mlp.up_proj,matmul,False,none,32,512,256,1,4194304,32768,524288,65536,f32,0.0625,0.125,2.0,False,False,wide_skinny,mlp_projection,recovered_from_ir,recovered_from_prov_fqn,recovered_from_ir,recovered_from_ir
bitvla,bitvla,13,matmul_17,backbone_once,layers.1.mlp.down_proj,matmul,False,none,32,256,512,1,4194304,65536,524288,32768,f32,0.125,0.0625,0.5,False,False,wide_skinny,mlp_projection,recovered_from_ir,recovered_from_prov_fqn,recovered_from_ir,recovered_from_ir
bitvla,bitvla,14,matmul_18,backbone_once,lm_head,matmul,False,none,1,1024,256,1,262144,1024,1048576,4096,f32,0.001,0.0039,4.0,True,False,gemv_like,lm_head_projection,recovered_from_ir,recovered_from_prov_fqn,recovered_from_ir,recovered_from_ir
bitvla,bitvla,15,matmul_0,repeated_head,,matmul,False,none,1,256,256,1,65536,1024,262144,1024,f32,0.0039,0.0039,1.0,True,False,gemv_like,unknown,recovered_from_ir,recovered_from_prov_fqn,recovered_from_ir,recovered_from_ir
bitvla,bitvla,16,matmul_1,repeated_head,,matmul,False,none,1,128,256,1,32768,1024,131072,512,f32,0.0078,0.0039,0.5,True,True,gemv_like,unknown,recovered_from_ir,recovered_from_prov_fqn,recovered_from_ir,recovered_from_ir
bitvla,bitvla,17,matmul_2,repeated_head,,matmul,False,none,1,128,256,1,32768,1024,131072,512,f32,0.0078,0.0039,0.5,True,True,gemv_like,unknown,recovered_from_ir,recovered_from_prov_fqn,recovered_from_ir,recovered_from_ir
bitvla,bitvla,18,matmul_5,repeated_head,,matmul,False,none,1,256,256,1,65536,1024,262144,1024,f32,0.0039,0.0039,1.0,True,False,gemv_like,unknown,recovered_from_ir,recovered_from_prov_fqn,recovered_from_ir,recovered_from_ir
bitvla,bitvla,19,matmul_6,repeated_head,,matmul,False,none,1,512,256,1,131072,1024,524288,2048,f32,0.002,0.0039,2.0,True,False,gemv_like,unknown,recovered_from_ir,recovered_from_prov_fqn,recovered_from_ir,recovered_from_ir
bitvla,bitvla,20,matmul_7,repeated_head,,matmul,False,none,1,512,256,1,131072,1024,524288,2048,f32,0.002,0.0039,2.0,True,False,gemv_like,unknown,recovered_from_ir,recovered_from_prov_fqn,recovered_from_ir,recovered_from_ir
bitvla,bitvla,21,matmul_8,repeated_head,,matmul,False,none,1,256,512,1,131072,2048,524288,1024,f32,0.0039,0.002,0.5,True,False,gemv_like,unknown,recovered_from_ir,recovered_from_prov_fqn,recovered_from_ir,recovered_from_ir
bitvla,bitvla,22,matmul_9,repeated_head,,matmul,False,none,1,256,256,1,65536,1024,262144,1024,f32,0.0039,0.0039,1.0,True,False,gemv_like,unknown,recovered_from_ir,recovered_from_prov_fqn,recovered_from_ir,recovered_from_ir
bitvla,bitvla,23,matmul_10,repeated_head,,matmul,False,none,1,128,256,1,32768,1024,131072,512,f32,0.0078,0.0039,0.5,True,True,gemv_like,unknown,recovered_from_ir,recovered_from_prov_fqn,recovered_from_ir,recovered_from_ir
bitvla,bitvla,24,matmul_11,repeated_head,,matmul,False,none,1,128,256,1,32768,1024,131072,512,f32,0.0078,0.0039,0.5,True,True,gemv_like,unknown,recovered_from_ir,recovered_from_prov_fqn,recovered_from_ir,recovered_from_ir
bitvla,bitvla,25,matmul_14,repeated_head,,matmul,False,none,1,256,256,1,65536,1024,262144,1024,f32,0.0039,0.0039,1.0,True,False,gemv_like,unknown,recovered_from_ir,recovered_from_prov_fqn,recovered_from_ir,recovered_from_ir
bitvla,bitvla,26,matmul_15,repeated_head,,matmul,False,none,1,512,256,1,131072,1024,524288,2048,f32,0.002,0.0039,2.0,True,False,gemv_like,unknown,recovered_from_ir,recovered_from_prov_fqn,recovered_from_ir,recovered_from_ir
bitvla,bitvla,27,matmul_16,repeated_head,,matmul,False,none,1,512,256,1,131072,1024,524288,2048,f32,0.002,0.0039,2.0,True,False,gemv_like,unknown,recovered_from_ir,recovered_from_prov_fqn,recovered_from_ir,recovered_from_ir
bitvla,bitvla,28,matmul_17,repeated_head,,matmul,False,none,1,256,512,1,131072,2048,524288,1024,f32,0.0039,0.002,0.5,True,False,gemv_like,unknown,recovered_from_ir,recovered_from_prov_fqn,recovered_from_ir,recovered_from_ir
bitvla,bitvla,29,matmul_18,repeated_head,,matmul,False,none,1,1024,256,1,262144,1024,1048576,4096,f32,0.001,0.0039,4.0,True,False,gemv_like,unknown,recovered_from_ir,recovered_from_prov_fqn,recovered_from_ir,recovered_from_ir
